{
  "Description": {
    "Id": "SimGameStatDesc_ContractBonusRewardFlat",
    "Name": "Objective Bonus Reward",
    "Details": "Extra payment for completing a specific objective",
    "Icon": null
  },
  "setResult": "Contract bonus payment {RES_VALUE.ToString}",
  "positiveResult": "Contract payment increased by {RES_VALUE.ToString}",
  "negativeResult": "Contract payment decreased by {RES_VALUE.ToString}",
  "temporalSetResult": "Contract bonus payment {RES_VALUE.ToString} for {RES_DURATION.ToString} days",
  "temporalPositiveResult": "Contract payment increased by {RES_VALUE.ToString} for {RES_DURATION.ToString} days",
  "temporalNegativeResult": "Contract payment decreased by {RES_VALUE.ToString} for {RES_DURATION.ToString} days",
  "infinitiveSetResult": "",
  "infinitivePositiveResult": "",
  "infinitiveNegativeResult": ""
}
