{
  "Description": {
    "Id": "SimGameStatDesc_ContractBonusEmployerReputation",
    "Name": "Objective Bonus Reputation Reward",
    "Details": "Extra Employer reputation for completing a specific objective",
    "Icon": null
  },
  "setResult": "Your Reputation with [[TEAM_EMP,{TEAM_EMP.FactionDef.Name}]] is now {RES_VALUE.ToString}",
  "positiveResult": "You gain {RES_VALUE.ToString} Reputation with [[TEAM_EMP,{TEAM_EMP.FactionDef.Name}]]",
  "negativeResult": "You lose {RES_VALUE.ToString} Reputation with [[TEAM_EMP,{TEAM_EMP.FactionDef.Name}]]",
  "temporalSetResult": "Your Reputation with [[TEAM_EMP,{TEAM_EMP.FactionDef.Name}]] is now {RES_VALUE.ToString} for {RES_DURATION.ToString} days",
  "temporalPositiveResult": "You gain {RES_VALUE.ToString} Reputation with [[TEAM_EMP,{TEAM_EMP.FactionDef.Name}]] for {RES_DURATION.ToString} days",
  "temporalNegativeResult": "You lose {RES_VALUE.ToString} Reputation with [[TEAM_EMP,{TEAM_EMP.FactionDef.Name}]] for {RES_DURATION.ToString} days",
  "infinitiveSetResult": "",
  "infinitivePositiveResult": "",
  "infinitiveNegativeResult": ""
}
