{
   "Description" : {
      "Id" : "lancedef_mech_d10_dynamic_assaultBattle2",
      "Name" : "Dynamic Dif 10 Assault Battle Brawl Lance",
      "Details" : "",
      "Icon" : "",
      "Cost" : 0,
      "Rarity" : 0,
      "Purchasable" : false
   },
   "Difficulty" : 10,
   "LanceTags" : {
      "items" : [
         "lance_bracket_high",
		 "lance_type_dynamic",
         "lance_type_battle",
         "lance_type_assault",
		 "lance_type_mech",
		 "lance_type_notallvehicles"

      ],
      "tagSetSourceFile" : "Tags/LanceTags"
   },
   "LanceUnits" : [
      {
         "unitType" : "Mech",
         "unitId" : "Tagged",
         "pilotId" : "Tagged",
         "unitTagSet" : {
            "items" : [
               "unit_assault",
               "unit_mech",
			   "unit_role_brawler"
            ],
            "tagSetSourceFile" : "Tags/UnitTags"
         },
         "excludedUnitTagSet" : {
            "items" : [
               "unit_noncombatant",
			   "unit_urbie",
            "unit_rare_{CUR_TEAM.faction}",
            "unit_very_rare_{CUR_TEAM.faction}",
            "unit_ext_rare_{CUR_TEAM.faction}",
            "unit_none_{CUR_TEAM.faction}",
            "unit_hero_{CUR_TEAM.faction}",
            "unit_LosTech",
            "unit_era_2750",
            "unit_era_2900",
            "unit_clan"
            ],
            "tagSetSourceFile" : "Tags/UnitTags"
         },
         "pilotTagSet" : {
            "items" : [
               "pilot_npc_d10"
            ],
            "tagSetSourceFile" : "Tags/PilotTags"
         },
         "excludedPilotTagSet" : {
            "items" : null,
            "tagSetSourceFile" : "Tags/PilotTags"
         }
      },
      {
         "unitType" : "Mech",
         "unitId" : "Tagged",
         "pilotId" : "Tagged",
         "unitTagSet" : {
            "items" : [
               "unit_assault",
               "unit_mech",
			   "unit_role_brawler"
            ],
            "tagSetSourceFile" : "Tags/UnitTags"
         },
         "excludedUnitTagSet" : {
            "items" : [
               "unit_noncombatant",
			   "unit_urbie",
            "unit_very_rare_{CUR_TEAM.faction}",
            "unit_ext_rare_{CUR_TEAM.faction}",
            "unit_none_{CUR_TEAM.faction}",
            "unit_hero_{CUR_TEAM.faction}",
            "unit_LosTech",
            "unit_era_2750",
            "unit_era_2900",
            "unit_clan"
            ],
            "tagSetSourceFile" : "Tags/UnitTags"
         },
         "pilotTagSet" : {
            "items" : [
               "pilot_npc_d10"
            ],
            "tagSetSourceFile" : "Tags/PilotTags"
         },
         "excludedPilotTagSet" : {
            "items" : null,
            "tagSetSourceFile" : "Tags/PilotTags"
         }
      },
      {
         "unitType" : "Mech",
         "unitId" : "Tagged",
         "pilotId" : "Tagged",
         "unitTagSet" : {
            "items" : [
               "unit_mech",
			   "unit_role_brawler"
            ],
            "tagSetSourceFile" : "Tags/UnitTags"
         },
         "excludedUnitTagSet" : {
            "items" : [
               "unit_light",
               "unit_medium",
               "unit_noncombatant",
			   "unit_urbie",
            "unit_rare_{CUR_TEAM.faction}",
            "unit_very_rare_{CUR_TEAM.faction}",
            "unit_ext_rare_{CUR_TEAM.faction}",
            "unit_none_{CUR_TEAM.faction}",
            "unit_hero_{CUR_TEAM.faction}",
            "unit_LosTech",
            "unit_era_2750",
            "unit_era_2900",
            "unit_clan"
            ],
            "tagSetSourceFile" : "Tags/UnitTags"
         },
         "pilotTagSet" : {
            "items" : [
               "pilot_npc_d10"
            ],
            "tagSetSourceFile" : "Tags/PilotTags"
         },
         "excludedPilotTagSet" : {
            "items" : null,
            "tagSetSourceFile" : "Tags/PilotTags"
         }
      },
      {
         "unitType" : "Mech",
         "unitId" : "Tagged",
         "pilotId" : "Tagged",
         "unitTagSet" : {
            "items" : [
               "unit_assault",
               "unit_mech",
			   "unit_role_brawler"
            ],
            "tagSetSourceFile" : "Tags/UnitTags"
         },
         "excludedUnitTagSet" : {
            "items" : [
               "unit_noncombatant",
			   "unit_urbie",
            "unit_uncommon_{CUR_TEAM.faction}",
            "unit_ext_rare_{CUR_TEAM.faction}",
            "unit_none_{CUR_TEAM.faction}",
            "unit_hero_{CUR_TEAM.faction}",
            "unit_LosTech",
            "unit_era_2750",
            "unit_era_2900",
            "unit_clan"
            ],
			"tagSetSourceFile" : "Tags/UnitTags"
		 },
         "pilotTagSet" : {
            "items" : [
               "pilot_npc_d10"
            ],
            "tagSetSourceFile" : "Tags/PilotTags"
         },
         "excludedPilotTagSet" : {
            "items" : null,
            "tagSetSourceFile" : "Tags/PilotTags"
         }
      }
   ]
}
