{
    "Description" : {
        "Id" : "lancedef_mech_d1_dynamic_lightSupport",
        "Name" : "Dynamic Dif 1 Light Support",
        "Details" : "",
        "Icon" : "",
        "Cost" : 0,
        "Rarity" : 0,
        "Purchasable" : false
    },
    "Difficulty" : 1,
    "LanceTags" : {
        "items" : [
            "lance_bracket_low",
            "lance_type_light",
            "lance_type_support",
            "lance_type_dynamic",
            "lance_type_mech",
		 "lance_type_notallvehicles"
        ],
        "tagSetSourceFile" : "Tags/LanceTags"
    },
    "LanceUnits" : [
        {
            "unitType" : "Mech",
            "unitId" : "Tagged",
            "unitSimGameID" : null,
            "pilotId" : "Tagged",
            "pilotSimGameID" : null,
            "unitTagSet" : {
                "items" : [
                    "unit_light",
					"unit_mech",
                    "unit_lance_support"
                ],
                "tagSetSourceFile" : "Tags/UnitTags"
            },
            "excludedUnitTagSet" : {
                "items" : [
                    "unit_noncombatant",
                    "unit_urbie",
                    "unit_rare_{CUR_TEAM.faction}",
                    "unit_very_rare_{CUR_TEAM.faction}",
                    "unit_ext_rare_{CUR_TEAM.faction}",
                    "unit_none_{CUR_TEAM.faction}",
                    "unit_hero_{CUR_TEAM.faction}",
                    "unit_LosTech",
                    "unit_era_2750",
                    "unit_era_2900",
                    "unit_clan"
                ],
                "tagSetSourceFile" : "Tags/UnitTags"
            },
            "pilotTagSet" : {
                "items" : [
                    "pilot_npc_d1"
                ],
                "tagSetSourceFile" : "Tags/PilotTags"
            },
            "excludedPilotTagSet" : {
                "items" : null,
                "tagSetSourceFile" : "Tags/PilotTags"
            },
            "locked" : false
        },
        {
            "unitType" : "Mech",
            "unitId" : "Tagged",
            "unitSimGameID" : null,
            "pilotId" : "Tagged",
            "pilotSimGameID" : null,
            "unitTagSet" : {
                "items" : [
                    "unit_light",
					"unit_mech",
                    "unit_lance_support"
                ],
                "tagSetSourceFile" : "Tags/UnitTags"
            },
            "excludedUnitTagSet" : {
                "items" : [
                    "unit_noncombatant",
                    "unit_urbie",
                    "unit_very_rare_{CUR_TEAM.faction}",
                    "unit_ext_rare_{CUR_TEAM.faction}",
                    "unit_none_{CUR_TEAM.faction}",
                    "unit_hero_{CUR_TEAM.faction}",
                    "unit_LosTech",
                    "unit_era_2750",
                    "unit_era_2900",
                    "unit_clan"
                ],
                "tagSetSourceFile" : "Tags/UnitTags"
            },
            "pilotTagSet" : {
                "items" : [
                    "pilot_npc_d1"
                ],
                "tagSetSourceFile" : "Tags/PilotTags"
            },
            "excludedPilotTagSet" : {
                "items" : null,
                "tagSetSourceFile" : "Tags/PilotTags"
            },
            "locked" : false
        }
    ]
}
