{
   "Description" : {
      "Id" : "lancedef_mech_d10_dynamic_solo",
      "Name" : "Dynamic Dif 10 Solo",
      "Details" : "",
      "Icon" : "",
      "Cost" : 0,
      "Rarity" : 0,
      "Purchasable" : false
   },
   "Difficulty" : 10,
   "LanceTags" : {
      "items" : [
		 "lance_type_dynamic",
         "lance_type_solo",
		 "lance_type_mech"
      ],
      "tagSetSourceFile" : "Tags/LanceTags"
   },
   "LanceUnits" : [
      {
         "unitType" : "Mech",
         "unitId" : "Tagged",
         "pilotId" : "Tagged",
         "unitTagSet" : {
            "items" : [
               "unit_mech",
               "unit_assault"
            ],
            "tagSetSourceFile" : "Tags/UnitTags"
         },
         "excludedUnitTagSet" : {
            "items" : [
               "unit_noncombatant",
			   "unit_urbie",
            "unit_none_{CUR_TEAM.faction}",
            "unit_uncommon_{CUR_TEAM.faction}",
            "unit_hero_{CUR_TEAM.faction}",
            "unit_LosTech",
            "unit_era_2750",
            "unit_era_2900",
            "unit_clan"
            ],
            "tagSetSourceFile" : "Tags/UnitTags"
         },
         "pilotTagSet" : {
            "items" : [
               "pilot_npc_d10"
            ],
            "tagSetSourceFile" : "Tags/PilotTags"
         },
         "excludedPilotTagSet" : {
            "items" : null,
            "tagSetSourceFile" : "Tags/PilotTags"
         }
      },
      {
         "unitType" : "Mech",
         "unitId" : "Tagged",
         "pilotId" : "Tagged",
         "unitTagSet" : {
            "items" : [
               "unit_medium",
               "unit_mech"
            ],
            "tagSetSourceFile" : "Tags/UnitTags"
         },
         "excludedUnitTagSet" : {
            "items" : [
               "unit_noncombatant",
			   "unit_urbie",
            "unit_none_{CUR_TEAM.faction}",
            "unit_uncommon_{CUR_TEAM.faction}",
            "unit_hero_{CUR_TEAM.faction}",
            "unit_LosTech",
            "unit_era_2750",
            "unit_era_2900",
            "unit_clan"
            ],
			"tagSetSourceFile" : "Tags/UnitTags"
         },
         "pilotTagSet" : {
            "items" : [
               "pilot_npc_d9"
            ],
            "tagSetSourceFile" : "Tags/PilotTags"
         },
         "excludedPilotTagSet" : {
            "items" : null,
            "tagSetSourceFile" : "Tags/PilotTags"
         }
      }
   ]
}
