{
   "Description" : {
      "Id" : "lancedef_mech_d4_dynamic_lightMedBattle",
      "Name" : "Dynamic Dif 4 Light Battle",
      "Details" : "",
      "Icon" : "",
      "Cost" : 0,
      "Rarity" : 0,
      "Purchasable" : false
   },
   "Difficulty" : 4,
   "LanceTags" : {
      "items" : [
         "lance_bracket_low",
         "lance_type_battle",
         "lance_type_light",
		 "lance_type_dynamic",
		 "lance_type_mech",
		 "lance_type_notallvehicles"
      ],
      "tagSetSourceFile" : "Tags/LanceTags"
   },
   "LanceUnits" : [
      {
         "unitType" : "Mech",
         "unitId" : "Tagged",
         "pilotId" : "Tagged",
         "unitTagSet" : {
            "items" : [
               "unit_light",
               "unit_mech"
            ],
            "tagSetSourceFile" : "Tags/UnitTags"
         },
         "excludedUnitTagSet" : {
            "items" : [
               "unit_noncombatant",
			   "unit_urbie",
            "unit_very_rare_{CUR_TEAM.faction}",
            "unit_ext_rare_{CUR_TEAM.faction}",
            "unit_none_{CUR_TEAM.faction}",
            "unit_hero_{CUR_TEAM.faction}",
            "unit_LosTech",
            "unit_era_2750",
            "unit_era_2900",
            "unit_clan"
            ],
            "tagSetSourceFile" : "Tags/UnitTags"
         },
         "pilotTagSet" : {
            "items" : [
               "pilot_npc_d4"
            ],
            "tagSetSourceFile" : "Tags/PilotTags"
         },
         "excludedPilotTagSet" : {
            "items" : null,
            "tagSetSourceFile" : "Tags/PilotTags"
         }
      },
      {
         "unitType" : "Mech",
         "unitId" : "Tagged",
         "pilotId" : "Tagged",
         "unitTagSet" : {
            "items" : [
               "unit_light",
               "unit_mech"
            ],
            "tagSetSourceFile" : "Tags/UnitTags"
         },
         "excludedUnitTagSet" : {
            "items" : [
               "unit_noncombatant",
            "unit_very_rare_{CUR_TEAM.faction}",
            "unit_ext_rare_{CUR_TEAM.faction}",
            "unit_none_{CUR_TEAM.faction}",
            "unit_hero_{CUR_TEAM.faction}",
            "unit_LosTech",
            "unit_era_2750",
            "unit_era_2900",
            "unit_clan",
            "unit_lance_vanguard"
            ],
			"tagSetSourceFile" : "Tags/UnitTags"
         },
         "pilotTagSet" : {
            "items" : [
               "pilot_npc_d4"
            ],
            "tagSetSourceFile" : "Tags/PilotTags"
         },
         "excludedPilotTagSet" : {
            "items" : null,
            "tagSetSourceFile" : "Tags/PilotTags"
         }
      },
      {
         "unitType" : "Mech",
         "unitId" : "Tagged",
         "pilotId" : "Tagged",
         "unitTagSet" : {
            "items" : [
               "unit_mech",
               "unit_lance_assassin"
            ],
            "tagSetSourceFile" : "Tags/UnitTags"
         },
         "excludedUnitTagSet" : {
            "items" : [
               "unit_assault",
               "unit_heavy",
               "unit_noncombatant",
			   "unit_urbie",
            "unit_ext_rare_{CUR_TEAM.faction}",
            "unit_none_{CUR_TEAM.faction}",
            "unit_hero_{CUR_TEAM.faction}",
            "unit_LosTech",
            "unit_era_2750",
            "unit_era_2900",
            "unit_clan"
            ],
            "tagSetSourceFile" : "Tags/UnitTags"
         },
         "pilotTagSet" : {
            "items" : [
               "pilot_npc_d4"
            ],
            "tagSetSourceFile" : "Tags/PilotTags"
         },
         "excludedPilotTagSet" : {
            "items" : null,
            "tagSetSourceFile" : "Tags/PilotTags"
         }
      },
      {
         "unitType" : "Mech",
         "unitId" : "Tagged",
         "pilotId" : "Tagged",
         "unitTagSet" : {
            "items" : [
               "unit_mech",
               "unit_medium"
            ],
            "tagSetSourceFile" : "Tags/UnitTags"
         },
         "excludedUnitTagSet" : {
            "items" : [
               "unit_noncombatant",
			   "unit_urbie",
            "unit_rare_{CUR_TEAM.faction}",
            "unit_very_rare_{CUR_TEAM.faction}",
            "unit_ext_rare_{CUR_TEAM.faction}",
            "unit_none_{CUR_TEAM.faction}",
            "unit_hero_{CUR_TEAM.faction}",
            "unit_LosTech",
            "unit_era_2750",
            "unit_era_2900",
            "unit_clan",
               "unit_lance_vanguard"
            ],
            "tagSetSourceFile" : "Tags/UnitTags"
         },
         "pilotTagSet" : {
            "items" : [
               "pilot_npc_d4"
            ],
            "tagSetSourceFile" : "Tags/PilotTags"
         },
         "excludedPilotTagSet" : {
            "items" : null,
            "tagSetSourceFile" : "Tags/PilotTags"
         }
      }
   ]
}
