{
  "enumerationValueList": [
    {
      "ID" : 10000,
      "Name" : "SoloDuel",
      "FriendlyName" : "Solo Duel",
      "Version" : 0,
      "IsSinglePlayerProcedural" : true,
      "IsStory" : false,
      "IsRestoration" : false,
      "CustomMusic" : null,
      "IsMultiplayer" : false,
      "UsesFury" : false,
      "UsesSecondScaledStructureValues" : false,
      "ContractRewardMultiplier" : 1,
      "Illustration" : "uixTxrSpot_battleContract",
      "Icon" : "uixSvgIcon_contract_Battle",
      "IsPublished" : true
    },
    {
      "ID" : 10001,
      "Name" : "DuoDuel",
      "FriendlyName" : "Duo Duel",
      "Version" : 0,
      "IsSinglePlayerProcedural" : true,
      "IsStory" : false,
      "IsRestoration" : false,
      "CustomMusic" : null,
      "IsMultiplayer" : false,
      "UsesFury" : false,
      "UsesSecondScaledStructureValues" : false,
      "ContractRewardMultiplier" : 1,
      "Illustration" : "uixTxrSpot_battleContract",
      "Icon" : "uixSvgIcon_contract_Battle",
      "IsPublished" : true
    },
    {
      "ID" : 10002,
      "Name" : "Blackout",
      "FriendlyName" : "Blackout",
      "Version" : 0,
      "IsSinglePlayerProcedural" : true,
      "IsStory" : false,
      "IsRestoration" : false,
      "CustomMusic" : null,
      "IsMultiplayer" : false,
      "UsesFury" : false,
      "UsesSecondScaledStructureValues" : false,
      "ContractRewardMultiplier" : 1,
      "Illustration" : "uixTxrSpot_rescueContract",
      "Icon" : "uixSvgIcon_contract_Recovery",
      "IsPublished" : true
    }
  ]
}
