{
    "Name": "ISM3025",
    "DLL": "ISM3025.dll",
    "Enabled": true,

    "Settings": {
		"SetContractParticipants" : false,
        "MapWidth": 200,
        "MapHeight": 200,

        "MapMargin": 50,
        "MapBottomMargin": 100,
        
        "MinFov": 20,
        "MaxFov": 125,

        "UseSmoothZoom": true,
        "SmoothZoomTime": 0.15,

        "StarHitboxSize": 2,
        "BorderMargin": 5,

        "FactionColors": {
            "Kurita": [0.863, 0.078, 0.235, 1],
            "Steiner": [0.255, 0.412, 0.882, 1],
            "EvilEye": [0.255, 0.412, 0.882, 1],
            "HarbingersOfDoom": [0.255, 0.412, 0.882, 1],
            "InterstellarExpeditions": [0.255, 0.412, 0.882, 1],
            "MagnaMetals": [0.255, 0.412, 0.882, 1],
            "RenegadePirates": [0.255, 0.412, 0.882, 1],
            "RimPirates": [0.255, 0.412, 0.882, 1],
            "RoguePirates": [0.255, 0.412, 0.882, 1],
            "SyrtisPirates": [0.255, 0.412, 0.882, 1],
            "TaurusMajorisMining": [0.255, 0.412, 0.882, 1],
            "TaurusTerritorialIndustries": [0.255, 0.412, 0.882, 1],
            "TortugaPirates": [0.255, 0.412, 0.882, 1],
            "Warboys": [0.255, 0.412, 0.882, 1],
            "AlphardTradingCompany": [0.255, 0.412, 0.882, 1],
            "AntithesisCreed": [0.255, 0.412, 0.882, 1],
            "CanopianPirates": [0.255, 0.412, 0.882, 1],
            "CapellanPirates": [0.255, 0.412, 0.882, 1],
            "ClusterPirates": [0.255, 0.412, 0.882, 1]
			
        },

        "LogoScalar": 0.75,
        "LogoMaxSize": 50,
        "FactionLogoPaths": {
            "Kurita": "Logos/kuritaLogo.png",
            "Steiner": "Logos/steinerLogo.png",
			"CorporatePirates" : "Logos/corporatepiratesLogo.png",
			"EvilEye" : "Logos/evileyeLogo.png",
			"HarbingersOfDoom" : "Logos/harbingersofdoomLogo.png",
			"InterstellarExpeditions" : "Logos/interstellarexpeditionsLogo.png",
			"MagnaMetals" : "Logos/magnametalsLogo.png",
			"RenegadePirates" : "Logos/renegadepiratesLogo.png",
			"RimPirates" : "Logos/rimpiratesLogo.png",
			"RoguePirates" : "Logos/roguepiratesLogo.png",
			"SyrtisPirates" : "Logos/syrtispiratesLogo.png",
			"TaurusMajorisMining" : "Logos/taurusmajorisminingLogo.png",
			"TaurusTerritorialIndustries" : "Logos/taurusterritorialindustriesLogo.png",
			"TortugaPirates" : "Logos/tortugapiratesLogo.png",
			"Warboys" : "Logos/warboysLogo.png",
			"AlphardTradingCompany" : "Logos/alphardtradingcompanyLogo.png",
			"AntithesisCreed" : "Logos/antithesiscreedLogo.png",
			"CanopianPirates" : "Logos/canopianpiratesLogo.png",
			"CapellanPirates" : "Logos/capellanpiratesLogo.png",
			"ClusterPirates" : "Logos/clusterpiratesLogo.png"
			
        },

        "NavRoomScreenTexturePath": "uixTxrSpot_fp_HyadesRim.PNG",

        "GenerateShopsTag": "",
        "GenerateShopsIgnoreTags": [
            "planet_pop_none",
            "planet_civ_primitive"
        ],
        "TagToShopItemCollection": {
            "planet_faction_steiner": "itemCollection_minor_Steiner",
            "planet_faction_liao": "itemCollection_minor_Liao",
            "planet_faction_kurita": "itemCollection_minor_Kurita",
            "planet_faction_marik": "itemCollection_minor_Marik",
            "planet_faction_davion": "itemCollection_minor_Davion",
            "planet_faction_taurianconcordat": "itemCollection_minor_TaurianConcordat",
            "planet_faction_magistracyofcanopus": "itemCollection_minor_MagistracyOfCanopus",
            "planet_other_battlefield": "itemCollection_shop_battlefield",
            "planet_industry_manufacturing": "itemCollection_shop_industrial",
            "planet_industry_research": "itemCollection_shop_research",
            "planet_other_starleague": "itemCollection_shop_starleague"
        }
    },
	
	"Manifest": [
        { "Type": "ItemCollectionDef", "Path": "ItemCollectionDefs" }
    ]
}