{
  "EncounterLayerID": "mapStory_storyEncounter7_vLow.e2766587-c39a-4487-a3a0-50d6e0e864f6",
  "MapID": "mapStory_storyEncounter7_vLow",
  "Name": "encMC_Blackout",
  "FriendlyName": "Blackout",
  "Description": "Player must investigate the cause of the blackout.",
  "BattleValue": "0",
  "ContractTypeID": "10002",
  "EncounterLayerGUID": "e2766587-c39a-4487-a3a0-50d6e0e864f6",
  "TagSetID": "mapStory_storyEncounter7_vLow.e2766587-c39a-4487-a3a0-50d6e0e864f6",
  "IncludeInBuild": "1"
}
