{
  "EncounterLayerID": "mapGeneral_mountainHold_bMoon.546056ca-f4ec-41b8-8d01-7f5ab0d882f5",
  "MapID": "mapGeneral_mountainHold_bMoon",
  "Name": "encMC_Blackout",
  "FriendlyName": "Blackout",
  "Description": "Player must investigate the cause of the blackout.",
  "BattleValue": "0",
  "ContractTypeID": "10002",
  "EncounterLayerGUID": "546056ca-f4ec-41b8-8d01-7f5ab0d882f5",
  "TagSetID": "mapGeneral_mountainHold_bMoon.546056ca-f4ec-41b8-8d01-7f5ab0d882f5",
  "IncludeInBuild": "1"
}
