{
  "EncounterLayerID": "mapStory_StoryEncounter2_aDes.632245b7-a9b2-46e3-bf2a-01c45416d113",
  "MapID": "MapStory_StoryEncounter2_aDes",
  "Name": "encMC_Blackout",
  "FriendlyName": "Blackout",
  "Description": "Player must investigate the cause of the blackout.",
  "BattleValue": "0",
  "ContractTypeID": "10002",
  "EncounterLayerGUID": "632245b7-a9b2-46e3-bf2a-01c45416d113",
  "TagSetID": "MapStory_StoryEncounter2_aDes.632245b7-a9b2-46e3-bf2a-01c45416d113",
  "IncludeInBuild": "1"
}
