{
  "EncounterLayerID": "mapGeneral_frostySlopes_iTnd.d8bb1d16-3a64-40a9-a081-03a365fd0fcf",
  "MapID": "mapGeneral_frostySlopes_iTnd",
  "Name": "encMC_Blackout",
  "FriendlyName": "Blackout",
  "Description": "Player must investigate the cause of the blackout.",
  "BattleValue": "0",
  "ContractTypeID": "10002",
  "EncounterLayerGUID": "d8bb1d16-3a64-40a9-a081-03a365fd0fcf",
  "TagSetID": "mapGeneral_frostySlopes_iTnd.d8bb1d16-3a64-40a9-a081-03a365fd0fcf",
  "IncludeInBuild": "1"
}
