{
	"Name": "XLRP-Core",
	"Author": "XSNomad, Vengefire, donZappo",
	"Website": "https://github.com/vengefire/XLRP-Complete",

	"Enabled": true,
	"Hidden": true,
	"DependsOn": ["CustomComponents", "MechEngineer"],
	"CustomResourceTypes": ["MEBonusDescriptions", "MECriticalEffects"],
	"DLL": "XLRP_Core.dll",
	
	"Settings": {
		"UpgradeDegradedOpFor": true,
		"JumpStopsCalledShot" : true,
		//** UpgradeItems will upgrade any item tagged with "component_type_stock"
		"UpgradeItems" : true,
		//** UpgradePilots matches pilots to their role more accurately.
		"UpgradePilots" : true,
		//** Set to false as it is covered by IRTweaks as well.
		"ShowAllArgoUpgrades" : false,
	},
	
	"Manifest": [
		{ "Type": "AmmunitionBoxDef", "Path": "AmmunitionBoxDef", "AddToDB": false },
		{
			"Type": "AdvancedJSONMerge",
			"Path": "AdvancedJSONMerge",
			"ShouldMergeJSON": false
		},
		{
			"Type": "MEBonusDescriptions",
			"Path": "MEBonusDescriptions",
			"ShouldMergeJSON": false
		},
		{
			"Type": "MECriticalEffects",
			"Path": "MECriticalEffects",
			"ShouldMergeJSON": false
		},
		{
			"Type": "CCCategories",
			"Path": "CCCategories",
			"ShouldMergeJSON": false
		},
		{
			"Type": "CCTagRestrictions",
			"Path": "CCTagRestrictions",
			"ShouldMergeJSON": false
		},
        {
            "Type": "CCDefaults",
            "Path": "CCDefaults",
            "ShouldMergeJSON": false
        },
		{
			"Type": "UpgradeDef",
			"Path": "UpgradeDef",
			"ShouldMergeJSON": false
		},
		{
			"Type": "HeatSinkDef",
			"Path": "HeatSinkDef",
			"ShouldMergeJSON": false
		},	
		{
			"Type": "ItemCollectionDef",
			"Path": "ItemCollectionDef",
			"ShouldMergeJSON": false
		},
		{
			"Type": "MovementCapabilitiesDef",
			"Path": "MovementCapabilitiesDef",
			"AddToDB": false
		}
	]
}