{
  "lanceKey": "Damaged_Light_Battle_Lance",
  "lanceDefId": "Tagged",
  "lanceTagSet": {
    "items": ["lance_type_battle", "lance_type_light"]
  },
  "unitSpawnPointOverrideList": [
    {
      "unitType": "Mech",
      "spawnEffectTags": {
        "items": ["spawn_poorly_maintained_50"]
      }
    },
    {
      "unitType": "Mech",
      "spawnEffectTags": {
        "items": ["spawn_poorly_maintained_50"]
      }
    },
    {
      "unitType": "Mech",
      "spawnEffectTags": {
        "items": ["spawn_poorly_maintained_25"]
      }
    },
    {
      "unitType": "Vehicle",
      "unitTagSet": {
        "items": ["unit_vehicle_carrier"]
      },
      "spawnEffectTags": {
        "items": ["spawn_poorly_maintained_50"]
      }
    }
  ]
}
