{
  "lanceKey": "Generic_Heavy_Battle_Lance",
  "lanceDefId": "Tagged",
  "lanceTagSet": {
    "items": ["lance_type_battle", "lance_type_heavy"]
  },
  "unitSpawnPointOverrideList": [
    {
      "unitType": "Mech"
    },
    {
      "unitType": "Mech"
    },
    {
      "unitType": "Vehicle",
      "unitTagSet": {
        "items": ["unit_vehicle_carrier"]
      }
    },
    {
      "unitType": "Vehicle",
      "unitTagSet": {
        "items": ["unit_vehicle_carrier"]
      }
    }
  ]
}
