{
  "lanceKey": "Mixed_Light_Lance",
  "lanceDefId": "Tagged",
  "lanceTagSet": {
    "items": ["lance_type_light"]
  },
    "unitSpawnPointOverrideList": [
    {
      "unitType": "Mech",
      "unitDefId": "Tagged",
      "unitTagSet": {
        "items": ["unit_range_medium", "unit_light", "unit_mech"]
      },
      "unitExcludedTagSet": {
        "items": ["unit_noncombatant"]
      },
      "pilotDefId": "pilot_d3_pilot",
      "pilotTagSet": {
        "items": []
      },
      "pilotExcludedTagSet": {
        "items": []
      }
    },
    {
      "unitType": "Mech",
      "unitDefId": "Tagged",
      "unitTagSet": {
        "items": ["unit_range_medium", "unit_light", "unit_mech"]
      },
      "unitExcludedTagSet": {
        "items": ["unit_noncombatant"]
      },
      "pilotDefId": "pilot_d3_defender",
      "pilotTagSet": {
        "items": []
      },
      "pilotExcludedTagSet": {
        "items": []
      }
    },
    {
      "unitType": "Vehicle",
      "unitDefId": "Tagged",
      "unitTagSet": {
        "items": ["unit_range_long", "unit_light", "unit_vehicle"]
      },
      "unitExcludedTagSet": {
        "items": ["unit_noncombatant"]
      },
      "pilotDefId": "pilot_d3_gunner",
      "pilotTagSet": {
        "items": []
      },
      "pilotExcludedTagSet": {
        "items": []
      }
    },
    {
      "unitType": "Vehicle",
      "unitDefId": "Tagged",
      "unitTagSet": {
        "items": ["unit_range_long", "unit_light", "unit_vehicle"]
      },
      "unitExcludedTagSet": {
        "items": ["unit_noncombatant"]
      },
      "pilotDefId": "pilot_d3_pilot",
      "pilotTagSet": {
        "items": []
      },
      "pilotExcludedTagSet": {
        "items": []
      }
    }
  ]
}
