{
    "FixedEquipment": [], 
    "Description": {
        "Cost": 10557210, 
        "Rarity": 4, 
        "Purchasable": true, 
        "Manufacturer": "", 
        "Model": "", 
        "UIName": "Longbow", 
        "Id": "chassisdef_longbow_LGB-0W", 
        "Name": "Longbow", 
        "Details": "To add some speed to the Longbow, the OW variant removes two Medium Lasers and five and a half tons of armor. This allowed the Strand 255 Fusion Engine to be replaced with a larger Strand 340, increasing the top speed of the Longbow to 64 km/h, allowing the 'Mech to keep up with most heavy 'Mechs.", 
        "Icon": "uixTxrIcon_longbow"
    }, 
    "VariantName": "LGB-0W", 
    "StockRole": "Heavy Artillery and Fire Support", 
    "YangsThoughts": "Upgrading the engine on the LGB-0W gives it a nice speed boost, but at the cost of armor and its Medium Lasers.  Makes for a great fire support 'Mech, but if your opponent gets in close, you are going to be hard pressed to defend yourself.  Maybe I can use the old couplings to install some Small Lasers at least.", 
    "PrefabIdentifier": "chrprfmech_longbowbase-001", 
    "PrefabBase": "longbow", 
    "Tonnage": 85, 
    "InitialTonnage": 8.5, 
    "weightClass": "ASSAULT", 
    "BattleValue": 8821000, 
    "Heatsinks": 0, 
    "TopSpeed": 105, 
    "TurnRadius": 90, 
    "MaxJumpjets": 4, 
    "Stability": 200, 
    "StabilityDefenses": [
        0, 
        0, 
        0, 
        0, 
        0, 
        0
    ], 
    "SpotterDistanceMultiplier": 1, 
    "VisibilityMultiplier": 1, 
    "SensorRangeMultiplier": 1, 
    "Signature": 0, 
    "Radius": 8, 
    "PunchesWithLeftArm": false, 
    "AlwaysPunchIfPossible": false, 
    "EngageRangeModifier": 0, 
    "MeleeDamage": 55, 
    "MeleeInstability": 85, 
    "MeleeToHitModifier": 0, 
    "DFADamage": 105, 
    "DFAToHitModifier": 0, 
    "DFASelfDamage": 105, 
    "DFAInstability": 105, 
    "ChassisTags": {
        "items": [
            "unit_mechtool"
        ], 
        "tagSetSourceFile": ""
    }, 
    "MechPartMax": 0, 
    "MovementCapDefID": "movedef_assaultmech", 
    "PathingCapDefID": "pathingdef_assault", 
    "HardpointDataDefID": "hardpointdatadef_longbow", 
    "LOSSourcePositions": [
        {
            "x": 0, 
            "y": 15, 
            "z": 0
        }, 
        {
            "x": 3.5, 
            "y": 16, 
            "z": -1
        }, 
        {
            "x": -3.5, 
            "y": 16, 
            "z": -1
        }
    ], 
    "LOSTargetPositions": [
        {
            "x": 0, 
            "y": 15, 
            "z": 0
        }, 
        {
            "x": 3.5, 
            "y": 16, 
            "z": -1
        }, 
        {
            "x": -3.5, 
            "y": 16, 
            "z": -1
        }, 
        {
            "x": 3.5, 
            "y": 6, 
            "z": 1
        }, 
        {
            "x": -3.5, 
            "y": 6, 
            "z": 1
        }
    ], 
    "MechPartCount": 0, 
    "Locations": [
        {
            "Location": "Head", 
            "Hardpoints": [
                {
                    "Omni": false, 
                    "WeaponMount": "AntiPersonnel"
                }
            ], 
            "Tonnage": 0, 
            "InventorySlots": 4, 
            "MaxArmor": 45, 
            "MaxRearArmor": -1, 
            "InternalStructure": 16
        }, 
        {
            "Location": "LeftArm", 
            "Hardpoints": [
                {
                    "Omni": false, 
                    "WeaponMount": "Missile"
                }, 
                {
                    "Omni": false, 
                    "WeaponMount": "Missile"
                }, 
                {
                    "Omni": false, 
                    "WeaponMount": "Missile"
                }
            ], 
            "Tonnage": 0, 
            "InventorySlots": 12, 
            "MaxArmor": 140, 
            "MaxRearArmor": -1, 
            "InternalStructure": 70
        }, 
        {
            "Location": "LeftTorso", 
            "Hardpoints": [
                {
                    "Omni": false, 
                    "WeaponMount": "Missile"
                }, 
                {
                    "Omni": false, 
                    "WeaponMount": "AntiPersonnel"
                }
            ], 
            "Tonnage": 0, 
            "InventorySlots": 12, 
            "MaxArmor": 180, 
            "MaxRearArmor": 90, 
            "InternalStructure": 90
        }, 
        {
            "Location": "CenterTorso", 
            "Hardpoints": [], 
            "Tonnage": 0, 
            "InventorySlots": 16, 
            "MaxArmor": 270, 
            "MaxRearArmor": 135, 
            "InternalStructure": 135
        }, 
        {
            "Location": "RightTorso", 
            "Hardpoints": [
                {
                    "Omni": false, 
                    "WeaponMount": "Missile"
                }, 
                {
                    "Omni": false, 
                    "WeaponMount": "AntiPersonnel"
                }
            ], 
            "Tonnage": 0, 
            "InventorySlots": 12, 
            "MaxArmor": 180, 
            "MaxRearArmor": 90, 
            "InternalStructure": 90
        }, 
        {
            "Location": "RightArm", 
            "Hardpoints": [
                {
                    "Omni": false, 
                    "WeaponMount": "Missile"
                }, 
                {
                    "Omni": false, 
                    "WeaponMount": "Missile"
                }, 
                {
                    "Omni": false, 
                    "WeaponMount": "Missile"
                }
            ], 
            "Tonnage": 0, 
            "InventorySlots": 12, 
            "MaxArmor": 140, 
            "MaxRearArmor": -1, 
            "InternalStructure": 70
        }, 
        {
            "Location": "LeftLeg", 
            "Hardpoints": [], 
            "Tonnage": 0, 
            "InventorySlots": 6, 
            "MaxArmor": 180, 
            "MaxRearArmor": -1, 
            "InternalStructure": 90
        }, 
        {
            "Location": "RightLeg", 
            "Hardpoints": [], 
            "Tonnage": 0, 
            "InventorySlots": 6, 
            "MaxArmor": 180, 
            "MaxRearArmor": -1, 
            "InternalStructure": 90
        }
    ]
}