{
    "FixedEquipment": [], 
    "Description": {
        "Cost": 3859490, 
        "Rarity": 5, 
        "Purchasable": false, 
        "Manufacturer": "", 
        "Model": "", 
        "UIName": "Centurion CN9-A", 
        "Id": "chassisdef_centurion_CN9-A_hero_rhythmN", 
        "Name": "Rhythm Nation", 
        "Details": "A sturdy and reliable 'Mech, the Centurion is good at both taking and giving a beating. CN9-A models are able to engage at any range, but their damage curve increases as they approach a target.", 
        "Icon": "uixTxrIcon_centurion"
    }, 
    "VariantName": "CN9-A",
    "StockRole": "Brawler & General Assault", 
    "YangsThoughts": "A sturdy and reliable 'Mech, the Centurion is good at both taking and giving a beating. CN9-A models are able to engage at any range, but their damage curve increases as they approach a target.", 
    "PrefabIdentifier": "chrPrfMech_centurionBase-001", 
    "PrefabBase": "centurion", 
    "Tonnage": 50, 
    "InitialTonnage": 5, 
    "weightClass": "MEDIUM", 
    "BattleValue": 4124000, 
    "Heatsinks": 0, 
    "TopSpeed": 65, 
    "TurnRadius": 90, 
    "MaxJumpjets": 8, 
    "Stability": 130, 
    "StabilityDefenses": [
        0, 
        0, 
        0, 
        0, 
        0, 
        0
    ], 
    "SpotterDistanceMultiplier": 1, 
    "VisibilityMultiplier": 1, 
    "SensorRangeMultiplier": 1, 
    "Signature": 0, 
    "Radius": 5, 
    "PunchesWithLeftArm": true, 
    "AlwaysPunchIfPossible": false, 
    "EngageRangeModifier": 0, 
    "MeleeDamage": 70, 
    "MeleeInstability": 50, 
    "MeleeToHitModifier": 0, 
    "DFADamage": 65, 
    "DFAToHitModifier": 0, 
    "DFASelfDamage": 65, 
    "DFAInstability": 65, 
    "ChassisTags": {
        "items": [
            "ProtectiveBayDoors", 
        ], 
        "tagSetSourceFile": ""
    }, 
    "MechPartMax": 0, 
    "MovementCapDefID": "movedef_mediummech", 
    "PathingCapDefID": "pathingdef_medium", 
    "HardpointDataDefID": "hardpointdatadef_centurion", 
    "LOSSourcePositions": [
        {
            "x": 0, 
            "y": 14, 
            "z": 1
        }, 
        {
            "x": 4, 
            "y": 13, 
            "z": 0
        }, 
        {
            "x": -4, 
            "y": 13, 
            "z": 0
        }
    ], 
    "LOSTargetPositions": [
        {
            "x": 0, 
            "y": 14, 
            "z": 1
        }, 
        {
            "x": 4, 
            "y": 13, 
            "z": 0
        }, 
        {
            "x": -4, 
            "y": 13, 
            "z": 0
        }, 
        {
            "x": 3, 
            "y": 5, 
            "z": 2
        }, 
        {
            "x": -3, 
            "y": 5, 
            "z": 2
        }
    ], 
    "MechPartCount": 0, 
    "Locations": [
        {
            "Location": "Head", 
            "Hardpoints": [], 
            "Tonnage": 0, 
            "InventorySlots": 4, 
            "MaxArmor": 45, 
            "MaxRearArmor": -1, 
            "InternalStructure": 16
        }, 
        {
            "Location": "LeftArm", 
            "Hardpoints": [], 
            "Tonnage": 0, 
            "InventorySlots": 12, 
            "MaxArmor": 80, 
            "MaxRearArmor": -1, 
            "InternalStructure": 40
        }, 
        {
            "Location": "LeftTorso", 
            "Hardpoints": [
                {
                    "Omni": false, 
                    "WeaponMount": "Missile"
                }, 
                {
                    "Omni": false, 
                    "WeaponMount": "Missile"
                }, 
                {
                    "Omni": false, 
                    "WeaponMount": "Missile"
                }
            ], 
            "Tonnage": 0, 
            "InventorySlots": 12, 
            "MaxArmor": 120, 
            "MaxRearArmor": 60, 
            "InternalStructure": 60
        }, 
        {
            "Location": "CenterTorso", 
            "Hardpoints": [
                {
                    "Omni": false, 
                    "WeaponMount": "Energy"
                }, 
                {
                    "Omni": false, 
                    "WeaponMount": "Energy"
                }
            ], 
            "Tonnage": 0, 
            "InventorySlots": 16, 
            "MaxArmor": 160, 
            "MaxRearArmor": 80, 
            "InternalStructure": 80
        }, 
        {
            "Location": "RightTorso", 
            "Hardpoints": [], 
            "Tonnage": 0, 
            "InventorySlots": 12, 
            "MaxArmor": 120, 
            "MaxRearArmor": 60, 
            "InternalStructure": 60
        }, 
        {
            "Location": "RightArm", 
            "Hardpoints": [
                {
                    "Omni": false, 
                    "WeaponMount": "Ballistic"
                }, 
                {
                    "Omni": false, 
                    "WeaponMount": "AntiPersonnel"
                }
            ], 
            "Tonnage": 0, 
            "InventorySlots": 12, 
            "MaxArmor": 80, 
            "MaxRearArmor": -1, 
            "InternalStructure": 40
        }, 
        {
            "Location": "LeftLeg", 
            "Hardpoints": [], 
            "Tonnage": 0, 
            "InventorySlots": 6, 
            "MaxArmor": 120, 
            "MaxRearArmor": -1, 
            "InternalStructure": 60
        }, 
        {
            "Location": "RightLeg", 
            "Hardpoints": [], 
            "Tonnage": 0, 
            "InventorySlots": 6, 
            "MaxArmor": 120, 
            "MaxRearArmor": -1, 
            "InternalStructure": 60
        }
    ]
}