{
    "FixedEquipment": [        
        {
            "MountedLocation": "Head", 
            "ComponentDefID": "Gear_Cockpit_Integrated_Standard", 
            "SimGameUID": "", 
            "ComponentDefType": "Upgrade", 
            "HardpointSlot": -1, 
            "GUID": null, 
            "DamageLevel": "Functional", 
            "prefabName": null, 
            "hasPrefabName": false
        }, 
    ], 
    "Description": {
        "Cost": 1291490, 
        "Rarity": 1, 
        "Purchasable": true, 
        "Manufacturer": "", 
        "Model": "", 
        "UIName": "Wasp", 
        "Id": "chassisdef_wasp_WSP-1S", 
        "Name": "Wasp", 
        "Details": "The Federated Commonwealth's model of choice starting in 3049, Defiance Industries of Furillo upgraded the chassis to Endo Steel and the armor to three and a half tons of Ferro-Fibrous. This variant carries a Medium Pulse Laser in its right arm, two small lasers in the right torso, and a flamer in the left torso.", 
        "Icon": "uixTxrIcon_wasp"
    }, 
    "VariantName": "WSP-1S", 
    "StockRole": "Scout & Skirmisher", 
    "YangsThoughts": "The Wasp design has always been used for general scouting and reconnaissance duty. Far too lightly armed and armored for battle, its speed and maneuverability can generally keep it out of major confrontations. If we wanted to be running a close range 20 tonne mech, one that comes with Endo Steel internals and Ferro-Fibrous armor is the best we could ask for.", 
    "PrefabIdentifier": "chrPrfMech_waspHotD-001", 
    "PrefabBase": "wasp", 
    "Tonnage": 20, 
    "InitialTonnage": 2, 
    "weightClass": "LIGHT", 
    "BattleValue": 1642000, 
    "Heatsinks": 0, 
    "TopSpeed": 120, 
    "TurnRadius": 90, 
    "MaxJumpjets": 8, 
    "Stability": 100, 
    "StabilityDefenses": [
        0, 
        0, 
        0, 
        0, 
        0, 
        0
    ], 
    "SpotterDistanceMultiplier": 1, 
    "VisibilityMultiplier": 1, 
    "SensorRangeMultiplier": 1, 
    "Signature": 0, 
    "Radius": 4, 
    "PunchesWithLeftArm": false, 
    "AlwaysPunchIfPossible": false, 
    "EngageRangeModifier": 0, 
    "MeleeDamage": 30, 
    "MeleeInstability": 20, 
    "MeleeToHitModifier": 0, 
    "DFADamage": 25, 
    "DFAToHitModifier": 0, 
    "DFASelfDamage": 25, 
    "DFAInstability": 25, 
    "ChassisTags": {
        "items": [
            "IntegratedCockpit", 
            "unit_mechtool"
        ], 
        "tagSetSourceFile": ""
    }, 
    "MechPartMax": 0, 
    "MovementCapDefID": "movedef_lightmech", 
    "PathingCapDefID": "pathingdef_light", 
    "HardpointDataDefID": "hardpointdatadef_wasp", 
    "LOSSourcePositions": [
        {
            "x": 0, 
            "y": 10, 
            "z": 0.5
        }, 
        {
            "x": -2.5, 
            "y": 8, 
            "z": -0.5
        }, 
        {
            "x": 2.5, 
            "y": 8, 
            "z": -0.5
        }
    ], 
    "LOSTargetPositions": [
        {
            "x": 0, 
            "y": 10, 
            "z": 0.5
        }, 
        {
            "x": -2.5, 
            "y": 8, 
            "z": -0.5
        }, 
        {
            "x": 2.5, 
            "y": 8, 
            "z": -0.5
        }, 
        {
            "x": -1.5, 
            "y": 3, 
            "z": 0.5
        }, 
        {
            "x": 1.5, 
            "y": 3, 
            "z": 0.5
        }
    ], 
    "MechPartCount": 0, 
    "Locations": [
        {
            "Location": "Head", 
            "Hardpoints": [], 
            "Tonnage": 0, 
            "InventorySlots": 4, 
            "MaxArmor": 45, 
            "MaxRearArmor": -1, 
            "InternalStructure": 16
        }, 
        {
            "Location": "LeftArm", 
            "Hardpoints": [], 
            "Tonnage": 0, 
            "InventorySlots": 12, 
            "MaxArmor": 30, 
            "MaxRearArmor": -1, 
            "InternalStructure": 15
        }, 
        {
            "Location": "LeftTorso", 
            "Hardpoints": [
                {
                    "Omni": false, 
                    "WeaponMount": "AntiPersonnel"
                }
            ], 
            "Tonnage": 0, 
            "InventorySlots": 12, 
            "MaxArmor": 50, 
            "MaxRearArmor": 25, 
            "InternalStructure": 25
        }, 
        {
            "Location": "CenterTorso", 
            "Hardpoints": [], 
            "Tonnage": 0, 
            "InventorySlots": 16, 
            "MaxArmor": 60, 
            "MaxRearArmor": 30, 
            "InternalStructure": 30
        }, 
        {
            "Location": "RightTorso", 
            "Hardpoints": [
                {
                    "Omni": false, 
                    "WeaponMount": "Energy"
                }, 
                {
                    "Omni": false, 
                    "WeaponMount": "AntiPersonnel"
                }, 
                {
                    "Omni": false, 
                    "WeaponMount": "AntiPersonnel"
                }
            ], 
            "Tonnage": 0, 
            "InventorySlots": 12, 
            "MaxArmor": 50, 
            "MaxRearArmor": 25, 
            "InternalStructure": 25
        }, 
        {
            "Location": "RightArm", 
            "Hardpoints": [
                {
                    "Omni": false, 
                    "WeaponMount": "Energy"
                }, 
                {
                    "Omni": false, 
                    "WeaponMount": "AntiPersonnel"
                }, 
                {
                    "Omni": false, 
                    "WeaponMount": "AntiPersonnel"
                }
            ], 
            "Tonnage": 0, 
            "InventorySlots": 12, 
            "MaxArmor": 30, 
            "MaxRearArmor": -1, 
            "InternalStructure": 15
        }, 
        {
            "Location": "LeftLeg", 
            "Hardpoints": [], 
            "Tonnage": 0, 
            "InventorySlots": 6, 
            "MaxArmor": 40, 
            "MaxRearArmor": -1, 
            "InternalStructure": 20
        }, 
        {
            "Location": "RightLeg", 
            "Hardpoints": [], 
            "Tonnage": 0, 
            "InventorySlots": 6, 
            "MaxArmor": 40, 
            "MaxRearArmor": -1, 
            "InternalStructure": 20
        }
    ]
}