{
    "FixedEquipment": [], 
    "Description": {
        "Cost": 6920640, 
        "Rarity": 5, 
        "Purchasable": true, 
        "Manufacturer": "", 
        "Model": "", 
        "UIName": "Cataphract", 
        "Id": "chassisdef_cataphract_CTF-2X", 
        "Name": "Cataphract", 
        "Details": "The 2X replaces the PPC with a heavy laser, while the arm-mounted medium lasers are removed in favor of a SRM-4.  This reduction in heat load also allows for the removal of 2 heat sinks and adding armor in their stead.", 
        "Icon": "uixTxrIcon_cataphract"
    }, 
    "VariantName": "CTF-2X", 
    "StockRole": "Brawler & Close Assault", 
    "YangsThoughts": "This was another prototype of the Cataphract design, and I hafta say I this I prefer this version.  The CTF-2X alleviates ta lot of the heat issues of the 1X while also making it more durable with the extra armor.  This one shows some promise.", 
    "PrefabIdentifier": "chrPrfMech_cataphractBase-001", 
    "PrefabBase": "cataphract", 
    "Tonnage": 70, 
    "InitialTonnage": 7, 
    "weightClass": "HEAVY", 
    "BattleValue": 6577000, 
    "Heatsinks": 0, 
    "TopSpeed": 120, 
    "TurnRadius": 90, 
    "MaxJumpjets": 5, 
    "Stability": 160, 
    "StabilityDefenses": [
        0, 
        0, 
        0, 
        0, 
        0, 
        0
    ], 
    "SpotterDistanceMultiplier": 1, 
    "VisibilityMultiplier": 1, 
    "SensorRangeMultiplier": 1, 
    "Signature": 0, 
    "Radius": 8, 
    "PunchesWithLeftArm": false, 
    "AlwaysPunchIfPossible": false, 
    "EngageRangeModifier": 0, 
    "MeleeDamage": 90, 
    "MeleeInstability": 70, 
    "MeleeToHitModifier": 0, 
    "DFADamage": 90, 
    "DFAToHitModifier": 0, 
    "DFASelfDamage": 90, 
    "DFAInstability": 90, 
    "ChassisTags": {
        "items": [
            "unit_mechtool"
        ], 
        "tagSetSourceFile": ""
    }, 
    "MechPartMax": 0, 
    "MovementCapDefID": "movedef_heavymech", 
    "PathingCapDefID": "pathingdef_heavy", 
    "HardpointDataDefID": "hardpointdatadef_cataphract", 
    "LOSSourcePositions": [
        {
            "x": 0, 
            "y": 15, 
            "z": 1
        }, 
        {
            "x": 4, 
            "y": 14, 
            "z": 0
        }, 
        {
            "x": -4, 
            "y": 14, 
            "z": 0
        }
    ], 
    "LOSTargetPositions": [
        {
            "x": 0, 
            "y": 15, 
            "z": 1
        }, 
        {
            "x": 4, 
            "y": 14, 
            "z": 0
        }, 
        {
            "x": -4, 
            "y": 14, 
            "z": 0
        }, 
        {
            "x": 3, 
            "y": 5, 
            "z": 0
        }, 
        {
            "x": -3, 
            "y": 5, 
            "z": 0
        }
    ], 
    "MechPartCount": 0, 
    "Locations": [
        {
            "Location": "Head", 
            "Hardpoints": [], 
            "Tonnage": 0, 
            "InventorySlots": 4, 
            "MaxArmor": 45, 
            "MaxRearArmor": -1, 
            "InternalStructure": 16
        }, 
        {
            "Location": "LeftArm", 
            "Hardpoints": [
                {
                    "Omni": false, 
                    "WeaponMount": "Missile"
                }, 
                {
                    "Omni": false, 
                    "WeaponMount": "AntiPersonnel"
                }
            ], 
            "Tonnage": 0, 
            "InventorySlots": 12, 
            "MaxArmor": 110, 
            "MaxRearArmor": -1, 
            "InternalStructure": 55
        }, 
        {
            "Location": "LeftTorso", 
            "Hardpoints": [
                {
                    "Omni": false, 
                    "WeaponMount": "Energy"
                }, 
                {
                    "Omni": false, 
                    "WeaponMount": "AntiPersonnel"
                }
            ], 
            "Tonnage": 0, 
            "InventorySlots": 12, 
            "MaxArmor": 150, 
            "MaxRearArmor": 75, 
            "InternalStructure": 75
        }, 
        {
            "Location": "CenterTorso", 
            "Hardpoints": [], 
            "Tonnage": 0, 
            "InventorySlots": 16, 
            "MaxArmor": 220, 
            "MaxRearArmor": 110, 
            "InternalStructure": 110
        }, 
        {
            "Location": "RightTorso", 
            "Hardpoints": [
                {
                    "Omni": false, 
                    "WeaponMount": "Ballistic"
                }, 
                {
                    "Omni": false, 
                    "WeaponMount": "Energy"
                }
            ], 
            "Tonnage": 0, 
            "InventorySlots": 12, 
            "MaxArmor": 150, 
            "MaxRearArmor": 75, 
            "InternalStructure": 75
        }, 
        {
            "Location": "RightArm", 
            "Hardpoints": [
                {
                    "Omni": false, 
                    "WeaponMount": "Energy"
                }, 
                {
                    "Omni": false, 
                    "WeaponMount": "Energy"
                }
            ], 
            "Tonnage": 0, 
            "InventorySlots": 12, 
            "MaxArmor": 110, 
            "MaxRearArmor": -1, 
            "InternalStructure": 55
        }, 
        {
            "Location": "LeftLeg", 
            "Hardpoints": [], 
            "Tonnage": 0, 
            "InventorySlots": 6, 
            "MaxArmor": 150, 
            "MaxRearArmor": -1, 
            "InternalStructure": 75
        }, 
        {
            "Location": "RightLeg", 
            "Hardpoints": [], 
            "Tonnage": 0, 
            "InventorySlots": 6, 
            "MaxArmor": 150, 
            "MaxRearArmor": -1, 
            "InternalStructure": 75
        }
    ]
}