{
    "FixedEquipment": [], 
    "Description": {
        "Cost": 10461000, 
        "Rarity": 4, 
        "Purchasable": true, 
        "Manufacturer": "", 
        "Model": "", 
        "UIName": "Longbow", 
        "Id": "chassisdef_longbow_LGB-7V", 
        "Name": "Longbow", 
        "Details": "The 7V variant of the Longbow upgrades the design to more modern specifications. The 'Mech is powered by an XL engine that weighs half as much as the original engine. The 'Mech also removes the two LRM-5 launchers and adds Artemis IV to the LRM-20 launchers, and CASE for added protection. For close combat, the 7V has 5 Medium Pulse Lasers.", 
        "Icon": "uixTxrIcon_longbow"
    }, 
    "VariantName": "LGB-7V", 
    "StockRole": "Heavy Artillery and Fire Support", 
    "YangsThoughts": "The Longbow actually launches less LRMs than the variants that come before it, but the Artemis IV system ensures they group much better and will more likely tear in to internal structure. The less tubes is also made up for by the addition of an ER Large Laser. What some uneducated pilots will be surprised about, is how much damage a Longbow 7V does nose to nose now, with 5 medium pulse lasers to melt anyone invading it's personal space.", 
    "PrefabIdentifier": "chrprfmech_longbowbase-001", 
    "PrefabBase": "longbow", 
    "Tonnage": 85, 
    "InitialTonnage": 8.5, 
    "weightClass": "ASSAULT", 
    "BattleValue": 8821000, 
    "Heatsinks": 0, 
    "TopSpeed": 105, 
    "TurnRadius": 90, 
    "MaxJumpjets": 4, 
    "Stability": 200, 
    "StabilityDefenses": [
        0, 
        0, 
        0, 
        0, 
        0, 
        0
    ], 
    "SpotterDistanceMultiplier": 1, 
    "VisibilityMultiplier": 1, 
    "SensorRangeMultiplier": 1, 
    "Signature": 0, 
    "Radius": 8, 
    "PunchesWithLeftArm": false, 
    "AlwaysPunchIfPossible": false, 
    "EngageRangeModifier": 0, 
    "MeleeDamage": 55, 
    "MeleeInstability": 85, 
    "MeleeToHitModifier": 0, 
    "DFADamage": 105, 
    "DFAToHitModifier": 0, 
    "DFASelfDamage": 105, 
    "DFAInstability": 105, 
    "ChassisTags": {
        "items": [
            "mech_case_left", 
            "mech_case_right", 
            "unit_mechtool"
        ], 
        "tagSetSourceFile": ""
    }, 
    "MechPartMax": 0, 
    "MovementCapDefID": "movedef_assaultmech", 
    "PathingCapDefID": "pathingdef_assault", 
    "HardpointDataDefID": "hardpointdatadef_longbow", 
    "LOSSourcePositions": [
        {
            "x": 0, 
            "y": 15, 
            "z": 0
        }, 
        {
            "x": 3.5, 
            "y": 16, 
            "z": -1
        }, 
        {
            "x": -3.5, 
            "y": 16, 
            "z": -1
        }
    ], 
    "LOSTargetPositions": [
        {
            "x": 0, 
            "y": 15, 
            "z": 0
        }, 
        {
            "x": 3.5, 
            "y": 16, 
            "z": -1
        }, 
        {
            "x": -3.5, 
            "y": 16, 
            "z": -1
        }, 
        {
            "x": 3.5, 
            "y": 6, 
            "z": 1
        }, 
        {
            "x": -3.5, 
            "y": 6, 
            "z": 1
        }
    ], 
    "MechPartCount": 0, 
    "Locations": [
        {
            "Location": "Head", 
            "Hardpoints": [
                {
                    "Omni": false, 
                    "WeaponMount": "Energy"
                }
            ], 
            "Tonnage": 0, 
            "InventorySlots": 4, 
            "MaxArmor": 45, 
            "MaxRearArmor": -1, 
            "InternalStructure": 16
        }, 
        {
            "Location": "LeftArm", 
            "Hardpoints": [
                {
                    "Omni": false, 
                    "WeaponMount": "Missile"
                }, 
                {
                    "Omni": false, 
                    "WeaponMount": "Missile"
                }
            ], 
            "Tonnage": 0, 
            "InventorySlots": 12, 
            "MaxArmor": 140, 
            "MaxRearArmor": -1, 
            "InternalStructure": 70
        }, 
        {
            "Location": "LeftTorso", 
            "Hardpoints": [
                {
                    "Omni": false, 
                    "WeaponMount": "Energy"
                }, 
                {
                    "Omni": false, 
                    "WeaponMount": "Energy"
                }
            ], 
            "Tonnage": 0, 
            "InventorySlots": 12, 
            "MaxArmor": 180, 
            "MaxRearArmor": 90, 
            "InternalStructure": 90
        }, 
        {
            "Location": "CenterTorso", 
            "Hardpoints": [
                {
                    "Omni": false, 
                    "WeaponMount": "Energy"
                }
            ], 
            "Tonnage": 0, 
            "InventorySlots": 16, 
            "MaxArmor": 270, 
            "MaxRearArmor": 135, 
            "InternalStructure": 135
        }, 
        {
            "Location": "RightTorso", 
            "Hardpoints": [
                {
                    "Omni": false, 
                    "WeaponMount": "Energy"
                }, 
                {
                    "Omni": false, 
                    "WeaponMount": "Energy"
                }
            ], 
            "Tonnage": 0, 
            "InventorySlots": 12, 
            "MaxArmor": 180, 
            "MaxRearArmor": 90, 
            "InternalStructure": 90
        }, 
        {
            "Location": "RightArm", 
            "Hardpoints": [
                {
                    "Omni": false, 
                    "WeaponMount": "Missile"
                }, 
                {
                    "Omni": false, 
                    "WeaponMount": "Missile"
                }
            ], 
            "Tonnage": 0, 
            "InventorySlots": 12, 
            "MaxArmor": 140, 
            "MaxRearArmor": -1, 
            "InternalStructure": 70
        }, 
        {
            "Location": "LeftLeg", 
            "Hardpoints": [], 
            "Tonnage": 0, 
            "InventorySlots": 6, 
            "MaxArmor": 180, 
            "MaxRearArmor": -1, 
            "InternalStructure": 90
        }, 
        {
            "Location": "RightLeg", 
            "Hardpoints": [], 
            "Tonnage": 0, 
            "InventorySlots": 6, 
            "MaxArmor": 180, 
            "MaxRearArmor": -1, 
            "InternalStructure": 90
        }
    ]
}