{
    "FixedEquipment": [], 
    "Description": {
        "Cost": 4260810, 
        "Rarity": 1, 
        "Purchasable": true, 
        "Manufacturer": "", 
        "Model": "", 
        "UIName": "Wolverine", 
        "Id": "chassisdef_wolverine_WVR-7K", 
        "Name": "Wolverine", 
        "Details": "Another major upgrade of the Wolverine, this one for the Combine and first rolling off Marduk's production lines in 3050, the 7K model is also built with an XL Engine for power with the saved weight used to increase and upgrade its arsenal. The primary weapon is a Large Pulse Laser and a Small Pulse Laser in the right arm, which is backed up by a medium pulse laser in the head and two SRM-6 launchers in the left and right torsos. The 'Mech uses thirteen double heat sinks to dissipate the added heat from the laser arsenal.", 
        "Icon": "uixTxrIcon_wolverine"
    }, 
    "VariantName": "WVR-7K", 
    "StockRole": "Skirmisher & Cavalry", 
    "YangsThoughts": "The Wolverine 7K is a more brawler centric build, punishing up close. This is supported by jump capability still, the double heat sinks need to put in some work, but if allowed to the damage this mech can put out can't be ignored.", 
    "PrefabIdentifier": "chrPrfMech_wolverineBase-001", 
    "PrefabBase": "wolverine", 
    "Tonnage": 55, 
    "InitialTonnage": 5.5, 
    "weightClass": "MEDIUM", 
    "BattleValue": 5897000, 
    "Heatsinks": 0, 
    "TopSpeed": 150, 
    "TurnRadius": 90, 
    "MaxJumpjets": 7, 
    "Stability": 130, 
    "StabilityDefenses": [
        0, 
        0, 
        0, 
        0, 
        0, 
        0
    ], 
    "SpotterDistanceMultiplier": 1, 
    "VisibilityMultiplier": 1, 
    "SensorRangeMultiplier": 1, 
    "Signature": 0, 
    "Radius": 5, 
    "PunchesWithLeftArm": false, 
    "AlwaysPunchIfPossible": false, 
    "EngageRangeModifier": 0, 
    "MeleeDamage": 70, 
    "MeleeInstability": 55, 
    "MeleeToHitModifier": 0, 
    "DFADamage": 70, 
    "DFAToHitModifier": 0, 
    "DFASelfDamage": 70, 
    "DFAInstability": 70, 
    "ChassisTags": {
        "items": [
            "unit_mechtool"
        ], 
        "tagSetSourceFile": ""
    }, 
    "MechPartMax": 0, 
    "MovementCapDefID": "movedef_mediummech", 
    "PathingCapDefID": "pathingdef_medium", 
    "HardpointDataDefID": "hardpointdatadef_wolverine", 
    "LOSSourcePositions": [
        {
            "x": 0, 
            "y": 14, 
            "z": 0
        }, 
        {
            "x": 3.5, 
            "y": 13, 
            "z": 0
        }, 
        {
            "x": -3.5, 
            "y": 13, 
            "z": 0
        }
    ], 
    "LOSTargetPositions": [
        {
            "x": 0, 
            "y": 14, 
            "z": 0
        }, 
        {
            "x": 3.5, 
            "y": 13, 
            "z": 0
        }, 
        {
            "x": -3.5, 
            "y": 13, 
            "z": 0
        }, 
        {
            "x": 2.5, 
            "y": 5, 
            "z": 0
        }, 
        {
            "x": -2.5, 
            "y": 5, 
            "z": 0
        }
    ], 
    "MechPartCount": 0, 
    "Locations": [
        {
            "Location": "Head", 
            "Hardpoints": [
                {
                    "Omni": false, 
                    "WeaponMount": "Energy"
                }, 
                {
                    "Omni": false, 
                    "WeaponMount": "AntiPersonnel"
                }
            ], 
            "Tonnage": 0, 
            "InventorySlots": 4, 
            "MaxArmor": 45, 
            "MaxRearArmor": -1, 
            "InternalStructure": 18
        }, 
        {
            "Location": "LeftArm", 
            "Hardpoints": [], 
            "Tonnage": 0, 
            "InventorySlots": 12, 
            "MaxArmor": 90, 
            "MaxRearArmor": -1, 
            "InternalStructure": 50
        }, 
        {
            "Location": "LeftTorso", 
            "Hardpoints": [
                {
                    "Omni": false, 
                    "WeaponMount": "Missile"
                }, 
                {
                    "Omni": false, 
                    "WeaponMount": "Missile"
                }
            ], 
            "Tonnage": 0, 
            "InventorySlots": 12, 
            "MaxArmor": 130, 
            "MaxRearArmor": 65, 
            "InternalStructure": 72
        }, 
        {
            "Location": "CenterTorso", 
            "Hardpoints": [], 
            "Tonnage": 0, 
            "InventorySlots": 16, 
            "MaxArmor": 180, 
            "MaxRearArmor": 90, 
            "InternalStructure": 99
        }, 
        {
            "Location": "RightTorso", 
            "Hardpoints": [
                {
                    "Omni": false, 
                    "WeaponMount": "Missile"
                }, 
                {
                    "Omni": false, 
                    "WeaponMount": "Missile"
                }
            ], 
            "Tonnage": 0, 
            "InventorySlots": 12, 
            "MaxArmor": 130, 
            "MaxRearArmor": 65, 
            "InternalStructure": 72
        }, 
        {
            "Location": "RightArm", 
            "Hardpoints": [
                {
                    "Omni": false, 
                    "WeaponMount": "Energy"
                }, 
                {
                    "Omni": false, 
                    "WeaponMount": "Energy"
                }, 
                {
                    "Omni": false, 
                    "WeaponMount": "AntiPersonnel"
                }
            ], 
            "Tonnage": 0, 
            "InventorySlots": 12, 
            "MaxArmor": 90, 
            "MaxRearArmor": -1, 
            "InternalStructure": 50
        }, 
        {
            "Location": "LeftLeg", 
            "Hardpoints": [], 
            "Tonnage": 0, 
            "InventorySlots": 6, 
            "MaxArmor": 130, 
            "MaxRearArmor": -1, 
            "InternalStructure": 72
        }, 
        {
            "Location": "RightLeg", 
            "Hardpoints": [], 
            "Tonnage": 0, 
            "InventorySlots": 6, 
            "MaxArmor": 130, 
            "MaxRearArmor": -1, 
            "InternalStructure": 72
        }
    ]
}