{
    "FixedEquipment": [], 
    "Description": {
        "Cost": 4220640, 
        "Rarity": 1, 
        "Purchasable": true, 
        "Manufacturer": "", 
        "Model": "", 
        "UIName": "Shadow Hawk", 
        "Id": "chassisdef_shadowhawk_SHD-3H", 
        "Name": "Shadow Hawk", 
        "Details": "The Shadow Hawk 3H is a factory refit of the venerable trooper SHD-2H. The main purpose of the SHD-3H refit was to install a CASE sleeve in the right torso and to modernize the weapon systems. Installing an LB-10X Autocannon, replacing the standard SRM-2 with a STREAK model, as well as pairing the LRM-5 rack with an Artemis IV fire control system and upgrading the medium laser to a pulse technology counterpart, certainly did help the 3H to fulfil its designated combat role. Regardless of these improvements and the installation of an XL engine, the 3H was still massively outclassed against the appearing clans.", 
        "Icon": "uixTxrIcon_shadowhawk"
    }, 
    "VariantName": "SHD-3H", 
    "StockRole": "Skirmisher & Cavalry", 
    "YangsThoughts": "The Shadow Hawk 3H refit allows it to fulfill its designated role as skirmisher admirably. What was true for its predecessor, also remains true for the 3H variant though. It is a 'jack-of-all-trades.' that excells at nothing in particular.", 
    "PrefabIdentifier": "chrPrfMech_shadowhawkBase-001", 
    "PrefabBase": "shadowhawk", 
    "Tonnage": 55, 
    "InitialTonnage": 5.5, 
    "weightClass": "MEDIUM", 
    "BattleValue": 5171000, 
    "Heatsinks": 0, 
    "TopSpeed": 80, 
    "TurnRadius": 90, 
    "MaxJumpjets": 7, 
    "Stability": 130, 
    "StabilityDefenses": [
        0, 
        0, 
        0, 
        0, 
        0, 
        0
    ], 
    "SpotterDistanceMultiplier": 1, 
    "VisibilityMultiplier": 1, 
    "SensorRangeMultiplier": 1, 
    "Signature": 0, 
    "Radius": 5, 
    "PunchesWithLeftArm": false, 
    "AlwaysPunchIfPossible": false, 
    "EngageRangeModifier": 0, 
    "MeleeDamage": 85, 
    "MeleeInstability": 55, 
    "MeleeToHitModifier": 0, 
    "DFADamage": 70, 
    "DFAToHitModifier": 0, 
    "DFASelfDamage": 70, 
    "DFAInstability": 70, 
    "ChassisTags": {
        "items": [
            "unit_mechtool"
        ], 
        "tagSetSourceFile": ""
    }, 
    "MechPartMax": 0, 
    "MovementCapDefID": "movedef_mediummech", 
    "PathingCapDefID": "pathingdef_medium", 
    "HardpointDataDefID": "hardpointdatadef_shadowhawk", 
    "LOSSourcePositions": [
        {
            "x": 0, 
            "y": 15, 
            "z": 0
        }, 
        {
            "x": 4, 
            "y": 15, 
            "z": 0
        }, 
        {
            "x": -4, 
            "y": 15, 
            "z": 0
        }
    ], 
    "LOSTargetPositions": [
        {
            "x": 0, 
            "y": 15, 
            "z": 0
        }, 
        {
            "x": 4, 
            "y": 15, 
            "z": 0
        }, 
        {
            "x": -4, 
            "y": 15, 
            "z": 0
        }, 
        {
            "x": 2.5, 
            "y": 6, 
            "z": 2.5
        }, 
        {
            "x": -2.5, 
            "y": 6, 
            "z": 2.5
        }
    ], 
    "MechPartCount": 0, 
    "Locations": [
        {
            "Location": "Head", 
            "Hardpoints": [
                {
                    "Omni": false, 
                    "WeaponMount": "Missile"
                }
            ], 
            "Tonnage": 0, 
            "InventorySlots": 4, 
            "MaxArmor": 45, 
            "MaxRearArmor": -1, 
            "InternalStructure": 16
        }, 
        {
            "Location": "LeftArm", 
            "Hardpoints": [], 
            "Tonnage": 0, 
            "InventorySlots": 12, 
            "MaxArmor": 90, 
            "MaxRearArmor": -1, 
            "InternalStructure": 45
        }, 
        {
            "Location": "LeftTorso", 
            "Hardpoints": [
                {
                    "Omni": false, 
                    "WeaponMount": "Ballistic"
                }, 
                {
                    "Omni": false, 
                    "WeaponMount": "AntiPersonnel"
                }, 
                {
                    "Omni": false, 
                    "WeaponMount": "Energy"
                }
            ], 
            "Tonnage": 0, 
            "InventorySlots": 12, 
            "MaxArmor": 130, 
            "MaxRearArmor": 65, 
            "InternalStructure": 65
        }, 
        {
            "Location": "CenterTorso", 
            "Hardpoints": [], 
            "Tonnage": 0, 
            "InventorySlots": 16, 
            "MaxArmor": 180, 
            "MaxRearArmor": 90, 
            "InternalStructure": 90
        }, 
        {
            "Location": "RightTorso", 
            "Hardpoints": [
                {
                    "Omni": false, 
                    "WeaponMount": "Missile"
                }, 
                {
                    "Omni": false, 
                    "WeaponMount": "Ballistic"
                }
            ], 
            "Tonnage": 0, 
            "InventorySlots": 12, 
            "MaxArmor": 130, 
            "MaxRearArmor": 65, 
            "InternalStructure": 65
        }, 
        {
            "Location": "RightArm", 
            "Hardpoints": [
                {
                    "Omni": false, 
                    "WeaponMount": "Energy"
                }, 
                {
                    "Omni": false, 
                    "WeaponMount": "Energy"
                }
            ], 
            "Tonnage": 0, 
            "InventorySlots": 12, 
            "MaxArmor": 90, 
            "MaxRearArmor": -1, 
            "InternalStructure": 45
        }, 
        {
            "Location": "LeftLeg", 
            "Hardpoints": [], 
            "Tonnage": 0, 
            "InventorySlots": 6, 
            "MaxArmor": 130, 
            "MaxRearArmor": -1, 
            "InternalStructure": 65
        }, 
        {
            "Location": "RightLeg", 
            "Hardpoints": [], 
            "Tonnage": 0, 
            "InventorySlots": 6, 
            "MaxArmor": 130, 
            "MaxRearArmor": -1, 
            "InternalStructure": 65
        }
    ]
}