{
    "FixedEquipment": [], 
    "Description": {
        "Cost": 3538490, 
        "Rarity": 1, 
        "Purchasable": true, 
        "Manufacturer": "", 
        "Model": "", 
        "UIName": "Hatchetman", 
        "Id": "chassisdef_hatchetman_HCT-3F-RV", 
        "Name": "Hatchetman", 
        "Details": "The Hatchetman 3F-RV was born out of engineered component designs being lost in a wager on Solaris IIV which in turn meant a key supplier was able to leverage its supposed benefits to Local Governments in these regions in exchange for pressue to the new variant. It replaces two Medium Lasers with a COIL-L energy weapon and due to lack of inernal space, the Jump Jets and one ton of AC/10 Ammo were removed to fit the weapons.", 
        "Icon": "uixTxrIcon_hatchetman"
    }, 
    "VariantName": "HCT-3F-RV", 
    "StockRole": "Brawler & Skirmisher", 
    "YangsThoughts": "Hachetman 3F-RV are the queens of close quarters fighting. Packing high impact long range weaponry, when they do decide to close you'd better watch out for that axe of theirs and don't get hit!", 
    "PrefabIdentifier": "chrPrfMech_hatchetmanBase-001", 
    "PrefabBase": "hatchetman", 
    "Tonnage": 45, 
    "InitialTonnage": 4.5, 
    "weightClass": "MEDIUM", 
    "BattleValue": 0, 
    "Heatsinks": 0, 
    "TopSpeed": 120, 
    "TurnRadius": 90, 
    "MaxJumpjets": 8, 
    "Stability": 130, 
    "StabilityDefenses": [
        0, 
        0, 
        0, 
        0, 
        0, 
        0
    ], 
    "SpotterDistanceMultiplier": 1, 
    "VisibilityMultiplier": 1, 
    "SensorRangeMultiplier": 1, 
    "Signature": 0, 
    "Radius": 5, 
    "PunchesWithLeftArm": false, 
    "AlwaysPunchIfPossible": false, 
    "EngageRangeModifier": 0, 
    "MeleeDamage": 40, 
    "MeleeInstability": 45, 
    "MeleeToHitModifier": -2, 
    "DFADamage": 55, 
    "DFAToHitModifier": 0, 
    "DFASelfDamage": 55, 
    "DFAInstability": 55, 
    "ChassisTags": {
        "items": [
            "BattleAxe", 
            "unit_mechtool"
        ], 
        "tagSetSourceFile": ""
    }, 
    "MechPartMax": 0, 
    "MovementCapDefID": "movedef_mediummech", 
    "PathingCapDefID": "pathingdef_medium", 
    "HardpointDataDefID": "hardpointdatadef_hatchetman", 
    "LOSSourcePositions": [
        {
            "x": 0, 
            "y": 14, 
            "z": 0
        }, 
        {
            "x": 4, 
            "y": 14, 
            "z": 0
        }, 
        {
            "x": -4, 
            "y": 14, 
            "z": 0
        }
    ], 
    "LOSTargetPositions": [
        {
            "x": 0, 
            "y": 14, 
            "z": 0
        }, 
        {
            "x": 4, 
            "y": 14, 
            "z": 0
        }, 
        {
            "x": -4, 
            "y": 14, 
            "z": 0
        }, 
        {
            "x": 2.5, 
            "y": 6, 
            "z": 2.5
        }, 
        {
            "x": -2.5, 
            "y": 6, 
            "z": 2.5
        }
    ], 
    "MechPartCount": 0, 
    "Locations": [
        {
            "Location": "Head", 
            "Hardpoints": [], 
            "Tonnage": 0, 
            "InventorySlots": 4, 
            "MaxArmor": 45, 
            "MaxRearArmor": -1, 
            "InternalStructure": 16
        }, 
        {
            "Location": "LeftArm", 
            "Hardpoints": [
                {
                    "Omni": false, 
                    "WeaponMount": "Energy"
                }, 
                {
                    "Omni": false, 
                    "WeaponMount": "Energy"
                }
            ], 
            "Tonnage": 0, 
            "InventorySlots": 12, 
            "MaxArmor": 70, 
            "MaxRearArmor": -1, 
            "InternalStructure": 35
        }, 
        {
            "Location": "LeftTorso", 
            "Hardpoints": [
                {
                    "Omni": false, 
                    "WeaponMount": "AntiPersonnel"
                }, 
                {
                    "Omni": false, 
                    "WeaponMount": "AntiPersonnel"
                }
            ], 
            "Tonnage": 0, 
            "InventorySlots": 12, 
            "MaxArmor": 110, 
            "MaxRearArmor": 55, 
            "InternalStructure": 55
        }, 
        {
            "Location": "CenterTorso", 
            "Hardpoints": [], 
            "Tonnage": 0, 
            "InventorySlots": 16, 
            "MaxArmor": 140, 
            "MaxRearArmor": 70, 
            "InternalStructure": 70
        }, 
        {
            "Location": "RightTorso", 
            "Hardpoints": [
                {
                    "Omni": false, 
                    "WeaponMount": "Ballistic"
                }, 
                {
                    "Omni": false, 
                    "WeaponMount": "Energy"
                }
            ], 
            "Tonnage": 0, 
            "InventorySlots": 12, 
            "MaxArmor": 110, 
            "MaxRearArmor": 55, 
            "InternalStructure": 55
        }, 
        {
            "Location": "RightArm", 
            "Hardpoints": [
                {
                    "Omni": false, 
                    "WeaponMount": "Energy"
                }
            ], 
            "Tonnage": 0, 
            "InventorySlots": 12, 
            "MaxArmor": 70, 
            "MaxRearArmor": -1, 
            "InternalStructure": 35
        }, 
        {
            "Location": "LeftLeg", 
            "Hardpoints": [], 
            "Tonnage": 0, 
            "InventorySlots": 6, 
            "MaxArmor": 110, 
            "MaxRearArmor": -1, 
            "InternalStructure": 55
        }, 
        {
            "Location": "RightLeg", 
            "Hardpoints": [], 
            "Tonnage": 0, 
            "InventorySlots": 6, 
            "MaxArmor": 110, 
            "MaxRearArmor": -1, 
            "InternalStructure": 55
        }
    ]
}