{
    "FixedEquipment": [], 
    "Description": {
        "Cost": 3186360, 
        "Rarity": 1, 
        "Purchasable": true, 
        "Manufacturer": "", 
        "Model": "", 
        "UIName": "Clint", 
        "Id": "chassisdef_clint_CLNT-2-4T", 
        "Name": "Clint", 
        "Details": "An uncommon variant of the Clint, the CLNT-2-4T has more in common with the prototype 1-2R than the 2-3T.  Removing the Jump Jets and a Medium Laser, the Autocannon 5 is swapped for a pair of Autocannon 2, giving this 'Mech an extreme reach.", 
        "Icon": "uixTxrIcon_clint"
    }, 
    "VariantName": "CLNT-2-4T", 
    "StockRole": "Recon & Fire Support", 
    "YangsThoughts": "Well, while this suffers from the same flaw as the prototype, the 2-4T at least has the ability to engage at extreme range and then back off.  But I still prefer having the maneuverability of Jump Jets.", 
    "PrefabIdentifier": "chrprfmech_clintbase-001", 
    "PrefabBase": "clint", 
    "Tonnage": 40, 
    "InitialTonnage": 4, 
    "weightClass": "MEDIUM", 
    "BattleValue": 3610000, 
    "Heatsinks": 0, 
    "TopSpeed": 210, 
    "TurnRadius": 90, 
    "MaxJumpjets": 8, 
    "Stability": 130, 
    "StabilityDefenses": [
        0, 
        0, 
        0, 
        0, 
        0, 
        0
    ], 
    "SpotterDistanceMultiplier": 1, 
    "VisibilityMultiplier": 1, 
    "SensorRangeMultiplier": 1, 
    "Signature": 0, 
    "Radius": 5, 
    "PunchesWithLeftArm": false, 
    "AlwaysPunchIfPossible": false, 
    "EngageRangeModifier": 0, 
    "MeleeDamage": 50, 
    "MeleeInstability": 40, 
    "MeleeToHitModifier": 0, 
    "DFADamage": 50, 
    "DFAToHitModifier": 0, 
    "DFASelfDamage": 50, 
    "DFAInstability": 50, 
    "ChassisTags": {
        "items": [
            "mr-resize-1.15-1.05-1.05", 
            "unit_mechtool"
        ], 
        "tagSetSourceFile": ""
    }, 
    "MechPartMax": 0, 
    "MovementCapDefID": "movedef_mediummech", 
    "PathingCapDefID": "pathingdef_medium", 
    "HardpointDataDefID": "hardpointdatadef_clint", 
    "LOSSourcePositions": [
        {
            "x": 0, 
            "y": 12, 
            "z": 0
        }, 
        {
            "x": 3, 
            "y": 12, 
            "z": 0
        }, 
        {
            "x": -3, 
            "y": 12, 
            "z": 0
        }
    ], 
    "LOSTargetPositions": [
        {
            "x": 0, 
            "y": 12, 
            "z": 0
        }, 
        {
            "x": 3, 
            "y": 12, 
            "z": 0
        }, 
        {
            "x": -3, 
            "y": 12, 
            "z": 0
        }, 
        {
            "x": 2.5, 
            "y": 6, 
            "z": 0
        }, 
        {
            "x": -2.5, 
            "y": 6, 
            "z": 0
        }
    ], 
    "MechPartCount": 0, 
    "Locations": [
        {
            "Location": "Head", 
            "Hardpoints": [], 
            "Tonnage": 0, 
            "InventorySlots": 4, 
            "MaxArmor": 45, 
            "MaxRearArmor": -1, 
            "InternalStructure": 16
        }, 
        {
            "Location": "LeftArm", 
            "Hardpoints": [], 
            "Tonnage": 0, 
            "InventorySlots": 12, 
            "MaxArmor": 60, 
            "MaxRearArmor": -1, 
            "InternalStructure": 30
        }, 
        {
            "Location": "LeftTorso", 
            "Hardpoints": [], 
            "Tonnage": 0, 
            "InventorySlots": 12, 
            "MaxArmor": 100, 
            "MaxRearArmor": 50, 
            "InternalStructure": 50
        }, 
        {
            "Location": "CenterTorso", 
            "Hardpoints": [
                {
                    "Omni": false, 
                    "WeaponMount": "Energy"
                }, 
                {
                    "Omni": false, 
                    "WeaponMount": "AntiPersonnel"
                }
            ], 
            "Tonnage": 0, 
            "InventorySlots": 16, 
            "MaxArmor": 120, 
            "MaxRearArmor": 60, 
            "InternalStructure": 60
        }, 
        {
            "Location": "RightTorso", 
            "Hardpoints": [], 
            "Tonnage": 0, 
            "InventorySlots": 12, 
            "MaxArmor": 100, 
            "MaxRearArmor": 50, 
            "InternalStructure": 50
        }, 
        {
            "Location": "RightArm", 
            "Hardpoints": [
                {
                    "Omni": false, 
                    "WeaponMount": "Ballistic"
                }, 
                {
                    "Omni": false, 
                    "WeaponMount": "Ballistic"
                }, 
                {
                    "Omni": false, 
                    "WeaponMount": "AntiPersonnel"
                }, 
                {
                    "Omni": false, 
                    "WeaponMount": "AntiPersonnel"
                }
            ], 
            "Tonnage": 0, 
            "InventorySlots": 12, 
            "MaxArmor": 60, 
            "MaxRearArmor": -1, 
            "InternalStructure": 30
        }, 
        {
            "Location": "LeftLeg", 
            "Hardpoints": [], 
            "Tonnage": 0, 
            "InventorySlots": 6, 
            "MaxArmor": 100, 
            "MaxRearArmor": -1, 
            "InternalStructure": 50
        }, 
        {
            "Location": "RightLeg", 
            "Hardpoints": [], 
            "Tonnage": 0, 
            "InventorySlots": 6, 
            "MaxArmor": 100, 
            "MaxRearArmor": -1, 
            "InternalStructure": 50
        }
    ]
}