{
    "FixedEquipment": [
        {
            "MountedLocation": "LeftTorso", 
            "ComponentDefID": "Gear_JumpJet_Vectored_Thrust_Kit", 
            "SimGameUID": "", 
            "ComponentDefType": "JumpJet", 
            "HardpointSlot": -1, 
            "GUID": null, 
            "DamageLevel": "Functional", 
            "prefabName": "", 
            "hasPrefabName": true
        }, 
        {
            "MountedLocation": "RightTorso", 
            "ComponentDefID": "Gear_JumpJet_Vectored_Thrust_Kit", 
            "SimGameUID": "", 
            "ComponentDefType": "JumpJet", 
            "HardpointSlot": -1, 
            "GUID": null, 
            "DamageLevel": "Functional", 
            "prefabName": "", 
            "hasPrefabName": true
        }
    ], 
    "Description": {
        "Cost": 3470250, 
        "Rarity": 2, 
        "Purchasable": true, 
        "Manufacturer": "", 
        "Model": "", 
        "UIName": "Phoenix Hawk", 
        "Id": "chassisdef_phoenixhawk_PXH-3D", 
        "Name": "Phoenix Hawk", 
        "Details": "The 3D variant of this 'Mech was introduced in 3048, based on the 1D used by Davion forces. It was built out of New Avalon by Archenar BattleMechs as one of a slew of redesigns using recovered lostech. The 'Mech utilized Endo Steel construction techniques and a Extra-Light engine to free up weight and space for a number of improvements, particularly its weaponry.", 
        "Icon": "uixTxrIcon_phoenixhawk"
    }, 
    "VariantName": "PXH-3D", 
    "StockRole": "Scout & Skirmisher", 
    "YangsThoughts": "The 3D variant of the Phoenix Hawk is an upgrade used by the forces of House Davion of the 1D variant. The 'Mech utilized Endo Steel construction techniques and a Extra-Light engine to free up weight and space for a number of improvements, particularly its weaponry.", 
    "PrefabIdentifier": "chrPrfMech_phoenixhawkBase-001", 
    "PrefabBase": "phoenixhawk", 
    "Tonnage": 45, 
    "InitialTonnage": 4.5, 
    "weightClass": "MEDIUM", 
    "BattleValue": 4200000, 
    "Heatsinks": 0, 
    "TopSpeed": 120, 
    "TurnRadius": 90, 
    "MaxJumpjets": 8, 
    "Stability": 130, 
    "StabilityDefenses": [
        0, 
        0, 
        0, 
        0, 
        0, 
        0
    ], 
    "SpotterDistanceMultiplier": 1, 
    "VisibilityMultiplier": 1, 
    "SensorRangeMultiplier": 1, 
    "Signature": 0, 
    "Radius": 5, 
    "PunchesWithLeftArm": true, 
    "AlwaysPunchIfPossible": false, 
    "EngageRangeModifier": 0, 
    "MeleeDamage": 60, 
    "MeleeInstability": 45, 
    "MeleeToHitModifier": 0, 
    "DFADamage": 55, 
    "DFAToHitModifier": 0, 
    "DFASelfDamage": 55, 
    "DFAInstability": 55, 
    "ChassisTags": {
        "items": [
            "VectoredThrustKit", 
            "unit_mechtool"
        ], 
        "tagSetSourceFile": ""
    }, 
    "MechPartMax": 0, 
    "MovementCapDefID": "movedef_mediummech", 
    "PathingCapDefID": "pathingdef_medium", 
    "HardpointDataDefID": "hardpointdatadef_phoenixhawk", 
    "LOSSourcePositions": [
        {
            "x": 0, 
            "y": 14, 
            "z": 0
        }, 
        {
            "x": 3.5, 
            "y": 13, 
            "z": 0
        }, 
        {
            "x": -3.5, 
            "y": 13, 
            "z": 0
        }
    ], 
    "LOSTargetPositions": [
        {
            "x": 0, 
            "y": 14, 
            "z": 0
        }, 
        {
            "x": 3.5, 
            "y": 13, 
            "z": 0
        }, 
        {
            "x": -3.5, 
            "y": 13, 
            "z": 0
        }, 
        {
            "x": 3, 
            "y": 5, 
            "z": 0
        }, 
        {
            "x": -3, 
            "y": 5, 
            "z": 0
        }
    ], 
    "MechPartCount": 0, 
    "Locations": [
        {
            "Location": "Head", 
            "Hardpoints": [], 
            "Tonnage": 0, 
            "InventorySlots": 4, 
            "MaxArmor": 45, 
            "MaxRearArmor": -1, 
            "InternalStructure": 16
        }, 
        {
            "Location": "LeftArm", 
            "Hardpoints": [
                {
                    "Omni": false, 
                    "WeaponMount": "Energy"
                }, 
                {
                    "Omni": false, 
                    "WeaponMount": "Energy"
                }
            ], 
            "Tonnage": 0, 
            "InventorySlots": 12, 
            "MaxArmor": 70, 
            "MaxRearArmor": -1, 
            "InternalStructure": 35
        }, 
        {
            "Location": "LeftTorso", 
            "Hardpoints": [
                {
                    "Omni": false, 
                    "WeaponMount": "AntiPersonnel"
                }
            ], 
            "Tonnage": 0, 
            "InventorySlots": 12, 
            "MaxArmor": 110, 
            "MaxRearArmor": 55, 
            "InternalStructure": 55
        }, 
        {
            "Location": "CenterTorso", 
            "Hardpoints": [], 
            "Tonnage": 0, 
            "InventorySlots": 16, 
            "MaxArmor": 140, 
            "MaxRearArmor": 70, 
            "InternalStructure": 70
        }, 
        {
            "Location": "RightTorso", 
            "Hardpoints": [], 
            "Tonnage": 0, 
            "InventorySlots": 12, 
            "MaxArmor": 110, 
            "MaxRearArmor": 55, 
            "InternalStructure": 55
        }, 
        {
            "Location": "RightArm", 
            "Hardpoints": [
                {
                    "Omni": false, 
                    "WeaponMount": "Energy"
                }, 
                {
                    "Omni": false, 
                    "WeaponMount": "Energy"
                }
            ], 
            "Tonnage": 0, 
            "InventorySlots": 12, 
            "MaxArmor": 70, 
            "MaxRearArmor": -1, 
            "InternalStructure": 35
        }, 
        {
            "Location": "LeftLeg", 
            "Hardpoints": [], 
            "Tonnage": 0, 
            "InventorySlots": 6, 
            "MaxArmor": 110, 
            "MaxRearArmor": -1, 
            "InternalStructure": 55
        }, 
        {
            "Location": "RightLeg", 
            "Hardpoints": [], 
            "Tonnage": 0, 
            "InventorySlots": 6, 
            "MaxArmor": 110, 
            "MaxRearArmor": -1, 
            "InternalStructure": 55
        }
    ]
}