{
    "FixedEquipment": [], 
    "Description": {
        "Cost": 1278360, 
        "Rarity": 0, 
        "Purchasable": true, 
        "Manufacturer": "", 
        "Model": "", 
        "UIName": "Locust", 
        "Id": "chassisdef_locust_LCT-1L", 
        "Name": "Locust", 
        "Details": "The LCT-1L was an attempt to allow the 'Mech to operate at even higher speeds by adding Triple Strength Myomer to the design.  Initial testing has resulted in an increase in Melee Capabilities, and a minor boost to speed.   The LCT-1L load out is identical to that of the Locust 1V.", 
        "Icon": "uixTxrIcon_locust"
    }, 
    "VariantName": "LCT-1L", 
    "StockRole": "Light Fire Support", 
    "YangsThoughts": "I have to hand it to the Capellans, they really are doing their best to make lemonade out of limes.  The Triple Strength Myomer upgrade improves the 'Mech's speed and melee performance, but it requires the MechWarrior to disengage heat protocols to help the Myomer bundles to function correctly.  Its a far cry from the Star League era M.A.S.C. systems, but it is progress.", 
    "PrefabIdentifier": "chrPrfMech_locustBase-001", 
    "PrefabBase": "locust", 
    "Tonnage": 20, 
    "InitialTonnage": 2, 
    "weightClass": "LIGHT", 
    "BattleValue": 1642000, 
    "Heatsinks": 0, 
    "TopSpeed": 210, 
    "TurnRadius": 90, 
    "MaxJumpjets": 8, 
    "Stability": 100, 
    "StabilityDefenses": [
        0, 
        0, 
        0, 
        0, 
        0, 
        0
    ], 
    "SpotterDistanceMultiplier": 1, 
    "VisibilityMultiplier": 1, 
    "SensorRangeMultiplier": 1, 
    "Signature": 0, 
    "Radius": 4, 
    "PunchesWithLeftArm": false, 
    "AlwaysPunchIfPossible": false, 
    "EngageRangeModifier": 0, 
    "MeleeDamage": 15, 
    "MeleeInstability": 20, 
    "MeleeToHitModifier": 0, 
    "DFADamage": 25, 
    "DFAToHitModifier": 0, 
    "DFASelfDamage": 35, 
    "DFAInstability": 25, 
    "ChassisTags": {
        "items": [
            "AbundantBaffles", 
            "unit_mechtool"
        ], 
        "tagSetSourceFile": ""
    }, 
    "MechPartMax": 0, 
    "MovementCapDefID": "movedef_lightmech", 
    "PathingCapDefID": "pathingdef_light", 
    "HardpointDataDefID": "hardpointdatadef_locust", 
    "LOSSourcePositions": [
        {
            "x": 0, 
            "y": 8, 
            "z": 0
        }, 
        {
            "x": 2, 
            "y": 8, 
            "z": -1
        }, 
        {
            "x": -2, 
            "y": 8, 
            "z": -1
        }
    ], 
    "LOSTargetPositions": [
        {
            "x": 0, 
            "y": 8, 
            "z": 0
        }, 
        {
            "x": 2, 
            "y": 8, 
            "z": -1
        }, 
        {
            "x": -2, 
            "y": 8, 
            "z": -1
        }, 
        {
            "x": 1.5, 
            "y": 3, 
            "z": 0
        }, 
        {
            "x": -1.5, 
            "y": 3, 
            "z": 0
        }
    ], 
    "MechPartCount": 0, 
    "Locations": [
        {
            "Location": "Head", 
            "Hardpoints": [], 
            "Tonnage": 0, 
            "InventorySlots": 4, 
            "MaxArmor": 45, 
            "MaxRearArmor": -1, 
            "InternalStructure": 16
        }, 
        {
            "Location": "LeftArm", 
            "Hardpoints": [
                {
                    "Omni": false, 
                    "WeaponMount": "Ballistic"
                }, 
                {
                    "Omni": false, 
                    "WeaponMount": "AntiPersonnel"
                }
            ], 
            "Tonnage": 0, 
            "InventorySlots": 12, 
            "MaxArmor": 30, 
            "MaxRearArmor": -1, 
            "InternalStructure": 15
        }, 
        {
            "Location": "LeftTorso", 
            "Hardpoints": [], 
            "Tonnage": 0, 
            "InventorySlots": 12, 
            "MaxArmor": 50, 
            "MaxRearArmor": 25, 
            "InternalStructure": 25
        }, 
        {
            "Location": "CenterTorso", 
            "Hardpoints": [
                {
                    "Omni": false, 
                    "WeaponMount": "Energy"
                }, 
                {
                    "Omni": false, 
                    "WeaponMount": "AntiPersonnel"
                }
            ], 
            "Tonnage": 0, 
            "InventorySlots": 16, 
            "MaxArmor": 60, 
            "MaxRearArmor": 30, 
            "InternalStructure": 30
        }, 
        {
            "Location": "RightTorso", 
            "Hardpoints": [], 
            "Tonnage": 0, 
            "InventorySlots": 12, 
            "MaxArmor": 50, 
            "MaxRearArmor": 25, 
            "InternalStructure": 25
        }, 
        {
            "Location": "RightArm", 
            "Hardpoints": [
                {
                    "Omni": false, 
                    "WeaponMount": "Ballistic"
                }, 
                {
                    "Omni": false, 
                    "WeaponMount": "AntiPersonnel"
                }
            ], 
            "Tonnage": 0, 
            "InventorySlots": 12, 
            "MaxArmor": 30, 
            "MaxRearArmor": -1, 
            "InternalStructure": 15
        }, 
        {
            "Location": "LeftLeg", 
            "Hardpoints": [], 
            "Tonnage": 0, 
            "InventorySlots": 6, 
            "MaxArmor": 40, 
            "MaxRearArmor": -1, 
            "InternalStructure": 20
        }, 
        {
            "Location": "RightLeg", 
            "Hardpoints": [], 
            "Tonnage": 0, 
            "InventorySlots": 6, 
            "MaxArmor": 40, 
            "MaxRearArmor": -1, 
            "InternalStructure": 20
        }
    ]
}