{
    "FixedEquipment": [], 
    "Description": {
        "Cost": 11011000, 
        "Rarity": 4, 
        "Purchasable": true, 
        "Manufacturer": "", 
        "Model": "", 
        "UIName": "Emperor", 
        "Id": "chassisdef_emperor_EMP-5A", 
        "Name": "Emperor", 
        "Details": "This version of the Emperor was a model introduced in the Age of War. It carried an Autocannon/5 in each arm instead of the LB10-Xs that were used in later versions. It also carried sixteen single heat sinks. It was replaced by the EMP-6A.", 
        "Icon": "uixTxrIcon_emperor"
    }, 
    "VariantName": "EMP-5A", 
    "StockRole": "Juggernaut & Heavy Cavalry", 
    "YangsThoughts": "The Emperor is actually the first 90t 'Mech designed with jump jets. It's quite manoeuvrable for it's size and also sporting serious amounts of armor. It's a rare sight to see one operational.", 
    "PrefabIdentifier": "chrprfmech_emperorbase-001", 
    "PrefabBase": "emperor", 
    "Tonnage": 90, 
    "InitialTonnage": 9, 
    "weightClass": "ASSAULT", 
    "BattleValue": 9642000, 
    "Heatsinks": 0, 
    "TopSpeed": 105, 
    "TurnRadius": 90, 
    "MaxJumpjets": 4, 
    "Stability": 200, 
    "StabilityDefenses": [
        0, 
        0, 
        0, 
        0, 
        0, 
        0
    ], 
    "SpotterDistanceMultiplier": 1, 
    "VisibilityMultiplier": 1, 
    "SensorRangeMultiplier": 1, 
    "Signature": 0, 
    "Radius": 8, 
    "PunchesWithLeftArm": false, 
    "AlwaysPunchIfPossible": false, 
    "EngageRangeModifier": 0, 
    "MeleeDamage": 85, 
    "MeleeInstability": 90, 
    "MeleeToHitModifier": 0, 
    "DFADamage": 115, 
    "DFAToHitModifier": 0, 
    "DFASelfDamage": 115, 
    "DFAInstability": 115, 
    "ChassisTags": {
        "items": [
            "unit_mechtool"
        ], 
        "tagSetSourceFile": ""
    }, 
    "MechPartMax": 0, 
    "MovementCapDefID": "movedef_assaultmech", 
    "PathingCapDefID": "pathingdef_assault", 
    "HardpointDataDefID": "hardpointdatadef_emperor", 
    "LOSSourcePositions": [
        {
            "x": 0, 
            "y": 17, 
            "z": 0
        }, 
        {
            "x": 5, 
            "y": 16, 
            "z": -1
        }, 
        {
            "x": -5, 
            "y": 16, 
            "z": -1
        }
    ], 
    "LOSTargetPositions": [
        {
            "x": 0, 
            "y": 17, 
            "z": 0
        }, 
        {
            "x": 5, 
            "y": 16, 
            "z": -1
        }, 
        {
            "x": -5, 
            "y": 16, 
            "z": -1
        }, 
        {
            "x": 3.5, 
            "y": 6, 
            "z": 1
        }, 
        {
            "x": -3.5, 
            "y": 6, 
            "z": 1
        }
    ], 
    "MechPartCount": 0, 
    "Locations": [
        {
            "Location": "Head", 
            "Hardpoints": [
                {
                    "Omni": false, 
                    "WeaponMount": "Energy"
                }, 
                {
                    "Omni": false, 
                    "WeaponMount": "AntiPersonnel"
                }
            ], 
            "Tonnage": 0, 
            "InventorySlots": 4, 
            "MaxArmor": 45, 
            "MaxRearArmor": -1, 
            "InternalStructure": 16
        }, 
        {
            "Location": "LeftArm", 
            "Hardpoints": [
                {
                    "Omni": false, 
                    "WeaponMount": "Ballistic"
                }, 
                {
                    "Omni": false, 
                    "WeaponMount": "Energy"
                }
            ], 
            "Tonnage": 0, 
            "InventorySlots": 12, 
            "MaxArmor": 150, 
            "MaxRearArmor": -1, 
            "InternalStructure": 75
        }, 
        {
            "Location": "LeftTorso", 
            "Hardpoints": [
                {
                    "Omni": false, 
                    "WeaponMount": "Energy"
                }, 
                {
                    "Omni": false, 
                    "WeaponMount": "AntiPersonnel"
                }
            ], 
            "Tonnage": 0, 
            "InventorySlots": 12, 
            "MaxArmor": 190, 
            "MaxRearArmor": 95, 
            "InternalStructure": 95
        }, 
        {
            "Location": "CenterTorso", 
            "Hardpoints": [], 
            "Tonnage": 0, 
            "InventorySlots": 16, 
            "MaxArmor": 290, 
            "MaxRearArmor": 145, 
            "InternalStructure": 145
        }, 
        {
            "Location": "RightTorso", 
            "Hardpoints": [
                {
                    "Omni": false, 
                    "WeaponMount": "Energy"
                }, 
                {
                    "Omni": false, 
                    "WeaponMount": "AntiPersonnel"
                }
            ], 
            "Tonnage": 0, 
            "InventorySlots": 12, 
            "MaxArmor": 190, 
            "MaxRearArmor": 95, 
            "InternalStructure": 95
        }, 
        {
            "Location": "RightArm", 
            "Hardpoints": [
                {
                    "Omni": false, 
                    "WeaponMount": "Ballistic"
                }, 
                {
                    "Omni": false, 
                    "WeaponMount": "Energy"
                }
            ], 
            "Tonnage": 0, 
            "InventorySlots": 12, 
            "MaxArmor": 150, 
            "MaxRearArmor": -1, 
            "InternalStructure": 75
        }, 
        {
            "Location": "LeftLeg", 
            "Hardpoints": [], 
            "Tonnage": 0, 
            "InventorySlots": 6, 
            "MaxArmor": 190, 
            "MaxRearArmor": -1, 
            "InternalStructure": 95
        }, 
        {
            "Location": "RightLeg", 
            "Hardpoints": [], 
            "Tonnage": 0, 
            "InventorySlots": 6, 
            "MaxArmor": 190, 
            "MaxRearArmor": -1, 
            "InternalStructure": 95
        }
    ]
}