{
    "FixedEquipment": [], 
    "Description": {
        "Cost": 2067960, 
        "Rarity": 2, 
        "Purchasable": true, 
        "Manufacturer": "", 
        "Model": "", 
        "UIName": "Firestarter", 
        "Id": "chassisdef_firestarter_FS9-H-RV", 
        "Name": "Firestarter", 
        "Details": "Built upon the venerable chassis of the FS9-H, the FS9-H-RV is an attempt to formalize field refits of COIL technology first seen on mercenary mechs in the periphery. To increase survival in combat against enemy mechs, both Machine Guns and two Flamers were dropped in favor of two COIL-S energy weapons. Additionally, more torso armor was added and both Medium Lasers were moved to the center torso.", 
        "Icon": "uixTxrIcon_firestarter"
    }, 
    "VariantName": "FS9-H-RV", 
    "StockRole": "Scout & Disabler", 
    "YangsThoughts": "This variant of the Firestarter packs more armor than the original it was based on and punches well above its weight with the COIL-S weapons platofrms. As longa s you keep the torso protected, this mech will give better than it gets, every time.", 
    "PrefabIdentifier": "chrPrfMech_firestarterBase-001", 
    "PrefabBase": "Firestarter", 
    "Tonnage": 35, 
    "InitialTonnage": 3.5, 
    "weightClass": "LIGHT", 
    "BattleValue": 3749000, 
    "Heatsinks": 0, 
    "TopSpeed": 85, 
    "TurnRadius": 90, 
    "MaxJumpjets": 8, 
    "Stability": 100, 
    "StabilityDefenses": [
        0, 
        0, 
        0, 
        0, 
        0, 
        0
    ], 
    "SpotterDistanceMultiplier": 1, 
    "VisibilityMultiplier": 1, 
    "SensorRangeMultiplier": 1, 
    "Signature": 0, 
    "Radius": 4, 
    "PunchesWithLeftArm": true, 
    "AlwaysPunchIfPossible": false, 
    "EngageRangeModifier": 0, 
    "MeleeDamage": 45, 
    "MeleeInstability": 35, 
    "MeleeToHitModifier": 0, 
    "DFADamage": 45, 
    "DFAToHitModifier": 0, 
    "DFASelfDamage": 45, 
    "DFAInstability": 45, 
    "ChassisTags": {
        "items": [
            "unit_mechtool"
        ], 
        "tagSetSourceFile": ""
    }, 
    "MechPartMax": 0, 
    "MovementCapDefID": "movedef_lightmech", 
    "PathingCapDefID": "pathingdef_light", 
    "HardpointDataDefID": "hardpointdatadef_firestarter", 
    "LOSSourcePositions": [
        {
            "x": 0, 
            "y": 12.5, 
            "z": 0.5
        }, 
        {
            "x": -2.5, 
            "y": 11.5, 
            "z": -0.5
        }, 
        {
            "x": 2.5, 
            "y": 11.5, 
            "z": -0.5
        }
    ], 
    "LOSTargetPositions": [
        {
            "x": 0, 
            "y": 12.5, 
            "z": 0.5
        }, 
        {
            "x": -2.5, 
            "y": 11.5, 
            "z": -0.5
        }, 
        {
            "x": 2.5, 
            "y": 11.5, 
            "z": -0.5
        }, 
        {
            "x": -2, 
            "y": 3, 
            "z": 0.5
        }, 
        {
            "x": 2, 
            "y": 3, 
            "z": 0.5
        }
    ], 
    "MechPartCount": 0, 
    "Locations": [
        {
            "Location": "Head", 
            "Hardpoints": [], 
            "Tonnage": 0, 
            "InventorySlots": 4, 
            "MaxArmor": 45, 
            "MaxRearArmor": -1, 
            "InternalStructure": 16
        }, 
        {
            "Location": "LeftArm", 
            "Hardpoints": [
                {
                    "Omni": false, 
                    "WeaponMount": "Energy"
                }, 
                {
                    "Omni": false, 
                    "WeaponMount": "Energy"
                }, 
                {
                    "Omni": false, 
                    "WeaponMount": "AntiPersonnel"
                }
            ], 
            "Tonnage": 0, 
            "InventorySlots": 12, 
            "MaxArmor": 60, 
            "MaxRearArmor": -1, 
            "InternalStructure": 30
        }, 
        {
            "Location": "LeftTorso", 
            "Hardpoints": [
                {
                    "Omni": false, 
                    "WeaponMount": "Ballistic"
                }, 
                {
                    "Omni": false, 
                    "WeaponMount": "AntiPersonnel"
                }
            ], 
            "Tonnage": 0, 
            "InventorySlots": 12, 
            "MaxArmor": 80, 
            "MaxRearArmor": 40, 
            "InternalStructure": 40
        }, 
        {
            "Location": "CenterTorso", 
            "Hardpoints": [
                {
                    "Omni": false, 
                    "WeaponMount": "Energy"
                }, 
                {
                    "Omni": false, 
                    "WeaponMount": "Energy"
                }, 
                {
                    "Omni": false, 
                    "WeaponMount": "AntiPersonnel"
                }, 
                {
                    "Omni": false, 
                    "WeaponMount": "AntiPersonnel"
                }
            ], 
            "Tonnage": 0, 
            "InventorySlots": 16, 
            "MaxArmor": 110, 
            "MaxRearArmor": 55, 
            "InternalStructure": 55
        }, 
        {
            "Location": "RightTorso", 
            "Hardpoints": [
                {
                    "Omni": false, 
                    "WeaponMount": "Ballistic"
                }, 
                {
                    "Omni": false, 
                    "WeaponMount": "AntiPersonnel"
                }
            ], 
            "Tonnage": 0, 
            "InventorySlots": 12, 
            "MaxArmor": 80, 
            "MaxRearArmor": 40, 
            "InternalStructure": 40
        }, 
        {
            "Location": "RightArm", 
            "Hardpoints": [
                {
                    "Omni": false, 
                    "WeaponMount": "Energy"
                }, 
                {
                    "Omni": false, 
                    "WeaponMount": "Energy"
                }, 
                {
                    "Omni": false, 
                    "WeaponMount": "AntiPersonnel"
                }
            ], 
            "Tonnage": 0, 
            "InventorySlots": 12, 
            "MaxArmor": 60, 
            "MaxRearArmor": -1, 
            "InternalStructure": 30
        }, 
        {
            "Location": "LeftLeg", 
            "Hardpoints": [], 
            "Tonnage": 0, 
            "InventorySlots": 6, 
            "MaxArmor": 80, 
            "MaxRearArmor": -1, 
            "InternalStructure": 40
        }, 
        {
            "Location": "RightLeg", 
            "Hardpoints": [], 
            "Tonnage": 0, 
            "InventorySlots": 6, 
            "MaxArmor": 80, 
            "MaxRearArmor": -1, 
            "InternalStructure": 40
        }
    ]
}