{
    "FixedEquipment": [], 
    "Description": {
        "Cost": 3155250, 
        "Rarity": 1, 
        "Purchasable": true, 
        "Manufacturer": "", 
        "Model": "", 
        "UIName": "Cicada", 
        "Id": "chassisdef_cicada_CDA-3F", 
        "Name": "Cicada", 
        "Details": "The 3F Cicada is one of the most advanced versions of this 'Mech, its upgrades based on combat reports from the front lines of the Clan Invasion, and was introduced in 3052. The chassis has been constructed using Endo Steel construction techniques and the 'Mech is protected with six and a half tons of Ferro-Fibrous armor. The 3F is powered by an extralight engine and carries a weapons loadout that appears to be a cross between the 2A and 3C models. The primary weapon is an ER PPC, which is backed up by two medium lasers. What's more the Cicada can now jump up to two hundred and forty meters thanks to the inclusion of eight jump jets.", 
        "Icon": "uixTxrIcon_cicada"
    }, 
    "VariantName": "CDA-3F", 
    "StockRole": "Scout & Ranged Harasser", 
    "YangsThoughts": "Cicada 3Fs provide a different role and are not bad at doing it for it's weight. Harassing with it's ER PPC and using it's speed to stay out of harm's way. The 3F isn't armored like a mech half it's size either, which can only help.", 
    "PrefabIdentifier": "chrPrfMech_cicadaBase-001", 
    "PrefabBase": "cicada", 
    "Tonnage": 40, 
    "InitialTonnage": 4, 
    "weightClass": "MEDIUM", 
    "BattleValue": 3610000, 
    "Heatsinks": 0, 
    "TopSpeed": 210, 
    "TurnRadius": 90, 
    "MaxJumpjets": 8, 
    "Stability": 130, 
    "StabilityDefenses": [
        0, 
        0, 
        0, 
        0, 
        0, 
        0
    ], 
    "SpotterDistanceMultiplier": 1, 
    "VisibilityMultiplier": 1, 
    "SensorRangeMultiplier": 1, 
    "Signature": 0, 
    "Radius": 5, 
    "PunchesWithLeftArm": false, 
    "AlwaysPunchIfPossible": false, 
    "EngageRangeModifier": 0, 
    "MeleeDamage": 25, 
    "MeleeInstability": 40, 
    "MeleeToHitModifier": 0, 
    "DFADamage": 50, 
    "DFAToHitModifier": 0, 
    "DFASelfDamage": 50, 
    "DFAInstability": 50, 
    "ChassisTags": {
        "items": [
            "chassis_endo", 
            "chassis_ferro", 
            "unit_mechtool"
        ], 
        "tagSetSourceFile": ""
    }, 
    "MechPartMax": 0, 
    "MovementCapDefID": "movedef_mediummech", 
    "PathingCapDefID": "pathingdef_medium", 
    "HardpointDataDefID": "hardpointdatadef_cicada", 
    "LOSSourcePositions": [
        {
            "x": 0, 
            "y": 12, 
            "z": 0
        }, 
        {
            "x": 3, 
            "y": 12, 
            "z": 0
        }, 
        {
            "x": -3, 
            "y": 12, 
            "z": 0
        }
    ], 
    "LOSTargetPositions": [
        {
            "x": 0, 
            "y": 12, 
            "z": 0
        }, 
        {
            "x": 3, 
            "y": 12, 
            "z": 0
        }, 
        {
            "x": -3, 
            "y": 12, 
            "z": 0
        }, 
        {
            "x": 2.5, 
            "y": 6, 
            "z": 0
        }, 
        {
            "x": -2.5, 
            "y": 6, 
            "z": 0
        }
    ], 
    "MechPartCount": 0, 
    "Locations": [
        {
            "Location": "Head", 
            "Hardpoints": [], 
            "Tonnage": 0, 
            "InventorySlots": 4, 
            "MaxArmor": 45, 
            "MaxRearArmor": -1, 
            "InternalStructure": 16
        }, 
        {
            "Location": "LeftArm", 
            "Hardpoints": [], 
            "Tonnage": 0, 
            "InventorySlots": 12, 
            "MaxArmor": 60, 
            "MaxRearArmor": -1, 
            "InternalStructure": 30
        }, 
        {
            "Location": "LeftTorso", 
            "Hardpoints": [
                {
                    "Omni": false, 
                    "WeaponMount": "Energy"
                }, 
                {
                    "Omni": false, 
                    "WeaponMount": "Energy"
                }
            ], 
            "Tonnage": 0, 
            "InventorySlots": 12, 
            "MaxArmor": 100, 
            "MaxRearArmor": 50, 
            "InternalStructure": 50
        }, 
        {
            "Location": "CenterTorso", 
            "Hardpoints": [], 
            "Tonnage": 0, 
            "InventorySlots": 16, 
            "MaxArmor": 120, 
            "MaxRearArmor": 60, 
            "InternalStructure": 60
        }, 
        {
            "Location": "RightTorso", 
            "Hardpoints": [
                {
                    "Omni": false, 
                    "WeaponMount": "Energy"
                }, 
                {
                    "Omni": false, 
                    "WeaponMount": "AntiPersonnel"
                }, 
                {
                    "Omni": false, 
                    "WeaponMount": "AntiPersonnel"
                }
            ], 
            "Tonnage": 0, 
            "InventorySlots": 12, 
            "MaxArmor": 100, 
            "MaxRearArmor": 50, 
            "InternalStructure": 50
        }, 
        {
            "Location": "RightArm", 
            "Hardpoints": [], 
            "Tonnage": 0, 
            "InventorySlots": 12, 
            "MaxArmor": 60, 
            "MaxRearArmor": -1, 
            "InternalStructure": 30
        }, 
        {
            "Location": "LeftLeg", 
            "Hardpoints": [], 
            "Tonnage": 0, 
            "InventorySlots": 6, 
            "MaxArmor": 100, 
            "MaxRearArmor": -1, 
            "InternalStructure": 50
        }, 
        {
            "Location": "RightLeg", 
            "Hardpoints": [], 
            "Tonnage": 0, 
            "InventorySlots": 6, 
            "MaxArmor": 100, 
            "MaxRearArmor": -1, 
            "InternalStructure": 50
        }
    ]
}