{
    "FixedEquipment": [], 
    "Description": {
        "Cost": 6733440, 
        "Rarity": 4, 
        "Purchasable": true, 
        "Manufacturer": "", 
        "Model": "", 
        "UIName": "Crusader", 
        "Id": "chassisdef_crusader_CRD-2R", 
        "Name": "Crusader", 
        "Details": "The 2R Crusader variant was used by SLDF's Royal units and features double heat sinking technology and an Endo Steel structure. The SRM-6 launchers were replaced with two Streak SRM-2 launchers each. In addition, the 2R featured an Artemis IV Fire Control System.\n", 
        "Icon": "uixTxrIcon_crusader"
    }, 
    "VariantName": "CRD-2R", 
    "StockRole": "Fire Support", 
    "YangsThoughts": "What can I say about the 2R Royal Crusader that wouldn't surprise you boss? So I just tell you this: It's a nasty beast of a machine and dangerous opponent at all ranges. \n", 
    "PrefabIdentifier": "chrprfmech_crusaderhotd-001", 
    "PrefabBase": "crusader", 
    "Tonnage": 65, 
    "InitialTonnage": 6.5, 
    "weightClass": "HEAVY", 
    "BattleValue": 5514000, 
    "Heatsinks": 0, 
    "TopSpeed": 120, 
    "TurnRadius": 90, 
    "MaxJumpjets": 6, 
    "Stability": 160, 
    "StabilityDefenses": [
        0, 
        0, 
        0, 
        0, 
        0, 
        0
    ], 
    "SpotterDistanceMultiplier": 1, 
    "VisibilityMultiplier": 1, 
    "SensorRangeMultiplier": 1, 
    "Signature": 0, 
    "Radius": 8, 
    "PunchesWithLeftArm": true, 
    "AlwaysPunchIfPossible": false, 
    "EngageRangeModifier": 0, 
    "MeleeDamage": 125, 
    "MeleeInstability": 65, 
    "MeleeToHitModifier": 0, 
    "DFADamage": 80, 
    "DFAToHitModifier": 0, 
    "DFASelfDamage": 40, 
    "DFAInstability": 80, 
    "ChassisTags": {
        "items": [
            "ReinforcedLegs", 
            "unit_mechtool"
        ], 
        "tagSetSourceFile": ""
    }, 
    "MechPartMax": 0, 
    "MovementCapDefID": "movedef_heavymech", 
    "PathingCapDefID": "pathingdef_heavy", 
    "HardpointDataDefID": "hardpointdatadef_crusader", 
    "LOSSourcePositions": [
        {
            "x": 0, 
            "y": 14, 
            "z": 1
        }, 
        {
            "x": 4, 
            "y": 13, 
            "z": 0
        }, 
        {
            "x": -4, 
            "y": 13, 
            "z": 0
        }
    ], 
    "LOSTargetPositions": [
        {
            "x": 0, 
            "y": 14, 
            "z": 1
        }, 
        {
            "x": 4, 
            "y": 13, 
            "z": 0
        }, 
        {
            "x": -4, 
            "y": 13, 
            "z": 0
        }, 
        {
            "x": 2, 
            "y": 5, 
            "z": 0
        }, 
        {
            "x": -2, 
            "y": 5, 
            "z": 0
        }
    ], 
    "MechPartCount": 0, 
    "Locations": [
        {
            "Location": "Head", 
            "Hardpoints": [], 
            "Tonnage": 0, 
            "InventorySlots": 4, 
            "MaxArmor": 45, 
            "MaxRearArmor": -1, 
            "InternalStructure": 16
        }, 
        {
            "Location": "LeftArm", 
            "Hardpoints": [
                {
                    "WeaponMount": "Energy", 
                    "Omni": false
                }, 
                {
                    "WeaponMount": "Missile", 
                    "Omni": false
                }, 
                {
                    "WeaponMount": "AntiPersonnel", 
                    "Omni": false
                }, 
                {
                    "WeaponMount": "AntiPersonnel", 
                    "Omni": false
                }
            ], 
            "Tonnage": 0, 
            "InventorySlots": 12, 
            "MaxArmor": 100, 
            "MaxRearArmor": -1, 
            "InternalStructure": 50
        }, 
        {
            "Location": "LeftTorso", 
            "Hardpoints": [], 
            "Tonnage": 0, 
            "InventorySlots": 12, 
            "MaxArmor": 150, 
            "MaxRearArmor": 75, 
            "InternalStructure": 75
        }, 
        {
            "Location": "CenterTorso", 
            "Hardpoints": [], 
            "Tonnage": 0, 
            "InventorySlots": 16, 
            "MaxArmor": 210, 
            "MaxRearArmor": 105, 
            "InternalStructure": 105
        }, 
        {
            "Location": "RightTorso", 
            "Hardpoints": [], 
            "Tonnage": 0, 
            "InventorySlots": 12, 
            "MaxArmor": 150, 
            "MaxRearArmor": 75, 
            "InternalStructure": 75
        }, 
        {
            "Location": "RightArm", 
            "Hardpoints": [
                {
                    "WeaponMount": "Energy", 
                    "Omni": false
                }, 
                {
                    "WeaponMount": "Missile", 
                    "Omni": false
                }, 
                {
                    "WeaponMount": "AntiPersonnel", 
                    "Omni": false
                }, 
                {
                    "WeaponMount": "AntiPersonnel", 
                    "Omni": false
                }
            ], 
            "Tonnage": 0, 
            "InventorySlots": 12, 
            "MaxArmor": 100, 
            "MaxRearArmor": -1, 
            "InternalStructure": 50
        }, 
        {
            "Location": "LeftLeg", 
            "Hardpoints": [
                {
                    "WeaponMount": "Missile", 
                    "Omni": false
                }, 
                {
                    "WeaponMount": "Missile", 
                    "Omni": false
                }
            ], 
            "Tonnage": 0, 
            "InventorySlots": 6, 
            "MaxArmor": 150, 
            "MaxRearArmor": -1, 
            "InternalStructure": 75
        }, 
        {
            "Location": "RightLeg", 
            "Hardpoints": [
                {
                    "WeaponMount": "Missile", 
                    "Omni": false
                }, 
                {
                    "WeaponMount": "Missile", 
                    "Omni": false
                }
            ], 
            "Tonnage": 0, 
            "InventorySlots": 6, 
            "MaxArmor": 150, 
            "MaxRearArmor": -1, 
            "InternalStructure": 75
        }
    ]
}