{
    "FixedEquipment": [], 
    "Description": {
        "Cost": 1668160, 
        "Rarity": 1, 
        "Purchasable": true, 
        "Manufacturer": "", 
        "Model": "", 
        "UIName": "Spider", 
        "Id": "chassisdef_spider_SDR-7M", 
        "Name": "Spider", 
        "Details": "The 7M was Nimakachi's upgrade of the venerable Spider with recovered Star League technology. Released in 3051 it uses an Endo Steel chassis and three tons of Ferro-Fibrous armor, freeing up weight to replace the two medium lasers with two medium pulse lasers. Many of the components were also replaced with proprietary technology, one thing they could not do however was include an ejection system for the pilot.", 
        "Icon": "uixTxrIcon_spider"
    }, 
    "VariantName": "SDR-7M", 
    "StockRole": "Extremely Maneuverable Scout", 
    "YangsThoughts": "The Spider 7M has received an upgrade to Endo Steel structure and Ferro-Fibrous armor but it's still made of paper. Not much is different, but now when it jumps into the rear arc of an enemy it has 2 medium pulse lasers instead.", 
    "PrefabIdentifier": "chrPrfMech_spiderBase-001", 
    "PrefabBase": "spider", 
    "Tonnage": 30, 
    "InitialTonnage": 3, 
    "weightClass": "LIGHT", 
    "BattleValue": 3907000, 
    "Heatsinks": 0, 
    "TopSpeed": 85, 
    "TurnRadius": 90, 
    "MaxJumpjets": 8, 
    "Stability": 100, 
    "StabilityDefenses": [
        0, 
        0, 
        0, 
        0, 
        0, 
        0
    ], 
    "SpotterDistanceMultiplier": 1, 
    "VisibilityMultiplier": 1, 
    "SensorRangeMultiplier": 1, 
    "Signature": 0, 
    "Radius": 4, 
    "PunchesWithLeftArm": false, 
    "AlwaysPunchIfPossible": false, 
    "EngageRangeModifier": 0, 
    "MeleeDamage": 30, 
    "MeleeInstability": 30, 
    "MeleeToHitModifier": 0, 
    "DFADamage": 40, 
    "DFAToHitModifier": 0, 
    "DFASelfDamage": 40, 
    "DFAInstability": 40, 
    "ChassisTags": {
        "items": [
            "chassis_endo", 
            "chassis_ferro", 
            "JumpMech", 
            "unit_mechtool"
        ], 
        "tagSetSourceFile": ""
    }, 
    "MechPartMax": 0, 
    "MovementCapDefID": "movedef_lightmech", 
    "PathingCapDefID": "pathingdef_light", 
    "HardpointDataDefID": "hardpointdatadef_spider", 
    "LOSSourcePositions": [
        {
            "x": 0, 
            "y": 11, 
            "z": 0
        }, 
        {
            "x": -2.5, 
            "y": 10, 
            "z": -0.5
        }, 
        {
            "x": 2.5, 
            "y": 10, 
            "z": -0.5
        }
    ], 
    "LOSTargetPositions": [
        {
            "x": 0, 
            "y": 11, 
            "z": 0
        }, 
        {
            "x": -2.5, 
            "y": 10, 
            "z": -0.5
        }, 
        {
            "x": 2.5, 
            "y": 10, 
            "z": -0.5
        }, 
        {
            "x": -2, 
            "y": 4, 
            "z": 0.5
        }, 
        {
            "x": 2, 
            "y": 4, 
            "z": 0.5
        }
    ], 
    "MechPartCount": 0, 
    "Locations": [
        {
            "Location": "Head", 
            "Hardpoints": [], 
            "Tonnage": 0, 
            "InventorySlots": 4, 
            "MaxArmor": 45, 
            "MaxRearArmor": -1, 
            "InternalStructure": 16
        }, 
        {
            "Location": "LeftArm", 
            "Hardpoints": [], 
            "Tonnage": 0, 
            "InventorySlots": 12, 
            "MaxArmor": 50, 
            "MaxRearArmor": -1, 
            "InternalStructure": 25
        }, 
        {
            "Location": "LeftTorso", 
            "Hardpoints": [], 
            "Tonnage": 0, 
            "InventorySlots": 12, 
            "MaxArmor": 70, 
            "MaxRearArmor": 35, 
            "InternalStructure": 35
        }, 
        {
            "Location": "CenterTorso", 
            "Hardpoints": [
                {
                    "Omni": false, 
                    "WeaponMount": "Energy"
                }, 
                {
                    "Omni": false, 
                    "WeaponMount": "Energy"
                }, 
                {
                    "Omni": false, 
                    "WeaponMount": "AntiPersonnel"
                }, 
                {
                    "Omni": false, 
                    "WeaponMount": "AntiPersonnel"
                }
            ], 
            "Tonnage": 0, 
            "InventorySlots": 16, 
            "MaxArmor": 100, 
            "MaxRearArmor": 50, 
            "InternalStructure": 50
        }, 
        {
            "Location": "RightTorso", 
            "Hardpoints": [], 
            "Tonnage": 0, 
            "InventorySlots": 12, 
            "MaxArmor": 70, 
            "MaxRearArmor": 35, 
            "InternalStructure": 35
        }, 
        {
            "Location": "RightArm", 
            "Hardpoints": [], 
            "Tonnage": 0, 
            "InventorySlots": 12, 
            "MaxArmor": 50, 
            "MaxRearArmor": -1, 
            "InternalStructure": 25
        }, 
        {
            "Location": "LeftLeg", 
            "Hardpoints": [], 
            "Tonnage": 0, 
            "InventorySlots": 6, 
            "MaxArmor": 70, 
            "MaxRearArmor": -1, 
            "InternalStructure": 35
        }, 
        {
            "Location": "RightLeg", 
            "Hardpoints": [], 
            "Tonnage": 0, 
            "InventorySlots": 6, 
            "MaxArmor": 70, 
            "MaxRearArmor": -1, 
            "InternalStructure": 35
        }
    ]
}