{
    "FixedEquipment": [], 
    "Description": {
        "Cost": 4060160, 
        "Rarity": 1, 
        "Purchasable": true, 
        "Manufacturer": "", 
        "Model": "", 
        "UIName": "Gladiator", 
        "Id": "chassisdef_gladiator_GLD-4R", 
        "Name": "Gladiator", 
        "Details": "The first homegrown BattleMech produced by the Draconis Combine was the Gladiator. The Gladiator is considered a dishonored 'Mech following the Battle of Nox in 2475. The Gladiator 4R was an attempt to revive the mech that failed, production lines were closed down in 2495.", 
        "Icon": "uixTxrIcon_gladiator"
    }, 
    "VariantName": "GLD-4R", 
    "StockRole": "Striker Cavalry", 
    "YangsThoughts": "Gladiator 4Rs are fairly flexible in terms of weaponry ranges, tending somewhat more toward closer engagements. This is supported by their jump capability, however a pilot must choose what systems to use or suffer heat related issues.", 
    "PrefabIdentifier": "chrPrfMech_awesomeBase-001", 
    "PrefabBase": "awesome", 
    "Tonnage": 55, 
    "InitialTonnage": 5.5, 
    "weightClass": "MEDIUM", 
    "BattleValue": 6088000, 
    "Heatsinks": 0, 
    "TopSpeed": 80, 
    "TurnRadius": 90, 
    "MaxJumpjets": 7, 
    "Stability": 130, 
    "StabilityDefenses": [
        0, 
        0, 
        0, 
        0, 
        0, 
        0
    ], 
    "SpotterDistanceMultiplier": 1, 
    "VisibilityMultiplier": 1, 
    "SensorRangeMultiplier": 1, 
    "Signature": 0, 
    "Radius": 5, 
    "PunchesWithLeftArm": false, 
    "AlwaysPunchIfPossible": false, 
    "EngageRangeModifier": 0, 
    "MeleeDamage": 70, 
    "MeleeInstability": 55, 
    "MeleeToHitModifier": 0, 
    "DFADamage": 70, 
    "DFAToHitModifier": 0, 
    "DFASelfDamage": 70, 
    "DFAInstability": 70, 
    "ChassisTags": {
        "items": [
            "PPCInputLag", 
            "unit_mechtool"
        ], 
        "tagSetSourceFile": ""
    }, 
    "MechPartMax": 0, 
    "MovementCapDefID": "movedef_mediummech", 
    "PathingCapDefID": "pathingdef_medium", 
    "HardpointDataDefID": "hardpointdatadef_awesome", 
    "LOSSourcePositions": [
        {
            "x": 0, 
            "y": 15, 
            "z": 0
        }, 
        {
            "x": 4, 
            "y": 15, 
            "z": 0
        }, 
        {
            "x": -4, 
            "y": 15, 
            "z": 0
        }
    ], 
    "LOSTargetPositions": [
        {
            "x": 0, 
            "y": 15, 
            "z": 0
        }, 
        {
            "x": 4, 
            "y": 15, 
            "z": 0
        }, 
        {
            "x": -4, 
            "y": 15, 
            "z": 0
        }, 
        {
            "x": 3, 
            "y": 5, 
            "z": 0
        }, 
        {
            "x": -3, 
            "y": 5, 
            "z": 0
        }
    ], 
    "MechPartCount": 0, 
    "Locations": [
        {
            "Location": "Head", 
            "Hardpoints": [], 
            "Tonnage": 0, 
            "InventorySlots": 4, 
            "MaxArmor": 45, 
            "MaxRearArmor": -1, 
            "InternalStructure": 16
        }, 
        {
            "Location": "LeftArm", 
            "Hardpoints": [
                {
                    "Omni": false, 
                    "WeaponMount": "Energy"
                }, 
                {
                    "Omni": false, 
                    "WeaponMount": "Energy"
                }
            ], 
            "Tonnage": 0, 
            "InventorySlots": 12, 
            "MaxArmor": 90, 
            "MaxRearArmor": -1, 
            "InternalStructure": 45
        }, 
        {
            "Location": "LeftTorso", 
            "Hardpoints": [], 
            "Tonnage": 0, 
            "InventorySlots": 12, 
            "MaxArmor": 130, 
            "MaxRearArmor": 65, 
            "InternalStructure": 65
        }, 
        {
            "Location": "CenterTorso", 
            "Hardpoints": [], 
            "Tonnage": 0, 
            "InventorySlots": 16, 
            "MaxArmor": 180, 
            "MaxRearArmor": 90, 
            "InternalStructure": 90
        }, 
        {
            "Location": "RightTorso", 
            "Hardpoints": [], 
            "Tonnage": 0, 
            "InventorySlots": 12, 
            "MaxArmor": 130, 
            "MaxRearArmor": 65, 
            "InternalStructure": 65
        }, 
        {
            "Location": "RightArm", 
            "Hardpoints": [
                {
                    "Omni": false, 
                    "WeaponMount": "Missile"
                }, 
                {
                    "Omni": false, 
                    "WeaponMount": "Energy"
                }
            ], 
            "Tonnage": 0, 
            "InventorySlots": 12, 
            "MaxArmor": 90, 
            "MaxRearArmor": -1, 
            "InternalStructure": 45
        }, 
        {
            "Location": "LeftLeg", 
            "Hardpoints": [], 
            "Tonnage": 0, 
            "InventorySlots": 6, 
            "MaxArmor": 130, 
            "MaxRearArmor": -1, 
            "InternalStructure": 65
        }, 
        {
            "Location": "RightLeg", 
            "Hardpoints": [], 
            "Tonnage": 0, 
            "InventorySlots": 6, 
            "MaxArmor": 130, 
            "MaxRearArmor": -1, 
            "InternalStructure": 65
        }
    ]
}