{
  "FixedEquipment": [],
  "Description": {
    "Cost": 7100000,
    "Rarity": 4,
    "Purchasable": true,
    "Manufacturer": "",
    "Model": "",
    "UIName": "Avatar",
    "Id": "chassisdef_avatar_AV1-O",
    "Name": "Avatar",
    "Details": "The first of the Inner Sphere OmniMechs to be conceptualized and one of the last to reach production by the Draconis Combine as part of its 'first generation', the Avatar's design is based on captured Vulture OmniMechs. The Avatar is used primarily by the Draconis Combine Mustered Soldiery, but has also been sold to the Lyran Alliance and ComStar.",
    "Icon": "uixTxrIcon_avatar"
  },
  "MovementCapDefID": "movedef_heavymech",
  "PathingCapDefID": "pathingdef_heavy",
  "HardpointDataDefID": "hardpointdatadef_avatar",
  "PrefabIdentifier": "chrprfmech_avatarbase-001",
  "PrefabBase": "avatar",
  "Tonnage": 70.0,
  "InitialTonnage": 7.0,
  "weightClass": "HEAVY",
  "BattleValue": 7602000.0,
  "Heatsinks": 0,
  "TopSpeed": 120,
  "TurnRadius": 90,
  "MaxJumpjets": 4,
  "Stability": 160,
  "StabilityDefenses": [
    0,
    0,
    0,
    0,
    0,
    0
  ],
  "SpotterDistanceMultiplier": 1,
  "VisibilityMultiplier": 1,
  "SensorRangeMultiplier": 1,
  "Signature": 0,
  "Radius": 8,
  "PunchesWithLeftArm": false,
  "MeleeDamage": 65,
  "MeleeInstability": 70,
  "MeleeToHitModifier": 0,
  "DFADamage": 90,
  "DFAToHitModifier": 0,
  "DFASelfDamage": 90,
  "DFAInstability": 90,
  "Locations": [
    {
      "Location": "Head",
      "Hardpoints": [],
      "Tonnage": 0.0,
      "InventorySlots": 4,
      "MaxArmor": 45,
      "MaxRearArmor": -1,
      "InternalStructure": 16
    },
    {
      "Location": "LeftArm",
      "Hardpoints": [
        {
          "WeaponMount": "Energy",
          "Omni": false
        },
        {
          "WeaponMount": "Ballistic",
          "Omni": true
        }
      ],
      "Tonnage": 0.0,
      "InventorySlots": 12,
      "MaxArmor": 110,
      "MaxRearArmor": -1,
      "InternalStructure": 55
    },
    {
      "Location": "LeftTorso",
      "Hardpoints": [
        {
          "WeaponMount": "Missile",
          "Omni": false
        },
        {
          "WeaponMount": "AntiPersonnel",
          "Omni": false
        }
      ],
      "Tonnage": 0.0,
      "InventorySlots": 12,
      "MaxArmor": 150,
      "MaxRearArmor": 75,
      "InternalStructure": 75
    },
    {
      "Location": "CenterTorso",
      "Hardpoints": [
        {
          "WeaponMount": "Energy",
          "Omni": false
        },
        {
          "WeaponMount": "Energy",
          "Omni": false
        }
      ],
      "Tonnage": 0.0,
      "InventorySlots": 16,
      "MaxArmor": 220,
      "MaxRearArmor": 110,
      "InternalStructure": 110
    },
    {
      "Location": "RightTorso",
      "Hardpoints": [
        {
          "WeaponMount": "Missile",
          "Omni": false
        },
        {
          "WeaponMount": "AntiPersonnel",
          "Omni": false
        }
      ],
      "Tonnage": 0.0,
      "InventorySlots": 12,
      "MaxArmor": 150,
      "MaxRearArmor": 75,
      "InternalStructure": 75
    },
    {
      "Location": "RightArm",
      "Hardpoints": [
        {
          "WeaponMount": "Ballistic",
          "Omni": true
        },
      ],
      "Tonnage": 0.0,
      "InventorySlots": 12,
      "MaxArmor": 110,
      "MaxRearArmor": -1,
      "InternalStructure": 55
    },
    {
      "Location": "LeftLeg",
      "Hardpoints": [],
      "Tonnage": 0.0,
      "InventorySlots": 6,
      "MaxArmor": 150,
      "MaxRearArmor": -1,
      "InternalStructure": 75
    },
    {
      "Location": "RightLeg",
      "Hardpoints": [],
      "Tonnage": 0.0,
      "InventorySlots": 6,
      "MaxArmor": 150,
      "MaxRearArmor": -1,
      "InternalStructure": 75
    }
  ],
  "LOSSourcePositions": [
    {
      "x": 0.0,
      "y": 18.0,
      "z": 0.0
    },
    {
      "x": 4.0,
      "y": 17.0,
      "z": 0.0
    },
    {
      "x": -4.0,
      "y": 17.0,
      "z": 0.0
    }
  ],
  "LOSTargetPositions": [
    {
      "x": 0.0,
      "y": 18.0,
      "z": 0.0
    },
    {
      "x": 4.0,
      "y": 17.0,
      "z": 0.0
    },
    {
      "x": -4.0,
      "y": 17.0,
      "z": 0.0
    },
    {
      "x": 3.0,
      "y": 5.0,
      "z": 0.0
    },
    {
      "x": -3.0,
      "y": 5.0,
      "z": 0.0
    }
  ],
  "VariantName": "AV1-O",
  "ChassisTags": {
    "items": [
      "chassis_omni",
      "mech_case_left",
      "mech_case_right"
    ],
    "tagSetSourceFile": ""
  },
  "StockRole": "Heavy Skirmisher",
  "YangsThoughts": "A Draconis Combine Omni Mech, if you want to break the parts down in to Salvage I can rebuild her with a different set up. The original O design is a bit of everything, excelling at nothing."
}