{
    "FixedEquipment": [], 
    "Description": {
        "Cost": 6113810, 
        "Rarity": 2, 
        "Purchasable": true, 
        "Manufacturer": "", 
        "Model": "", 
        "UIName": "Ostsol", 
        "Id": "chassisdef_ostsol_OTL-4D", 
        "Name": "Ostsol", 
        "Details": "The Ostsol 4D uses an all-laser weapons array which is particularly geared to close-quarters fighting. A versatile 'Mech, the Ostsol can operate as part of heavy lances in order to provide close-range firepower or lead recon and raiding lances thanks to its fast speed for a heavy 'Mech.", 
        "Icon": "uixTxrIcon_ostsol"
    }, 
    "VariantName": "OTL-4D", 
    "StockRole": "Skirmisher & Brawler", 
    "YangsThoughts": "The Ostsol 4D is a great 'Mech for a merc outfit like ours Commander as it doesn't rely on ammo, so no need to worry about resupply costs.  It also has an impressive array of firepower.  But the pilot is going to have to watch their heat.  We could probably swap out a Medium Laser or two for extra Heat Sinks.", 
    "PrefabIdentifier": "chrprfmech_ostsolhotd-001", 
    "PrefabBase": "ostsol", 
    "Tonnage": 60, 
    "InitialTonnage": 6, 
    "weightClass": "HEAVY", 
    "BattleValue": 5519000, 
    "Heatsinks": 0, 
    "TopSpeed": 150, 
    "TurnRadius": 90, 
    "MaxJumpjets": 6, 
    "Stability": 160, 
    "StabilityDefenses": [
        0, 
        0, 
        0, 
        0, 
        0, 
        0
    ], 
    "SpotterDistanceMultiplier": 1, 
    "VisibilityMultiplier": 1, 
    "SensorRangeMultiplier": 1, 
    "Signature": 0, 
    "Radius": 8, 
    "PunchesWithLeftArm": true, 
    "AlwaysPunchIfPossible": false, 
    "EngageRangeModifier": 0, 
    "MeleeDamage": 75, 
    "MeleeInstability": 60, 
    "MeleeToHitModifier": 0, 
    "DFADamage": 75, 
    "DFAToHitModifier": 0, 
    "DFASelfDamage": 75, 
    "DFAInstability": 75, 
    "ChassisTags": {
        "items": [
            "unit_mechtool"
        ], 
        "tagSetSourceFile": ""
    }, 
    "MechPartMax": 0, 
    "MovementCapDefID": "movedef_heavymech", 
    "PathingCapDefID": "pathingdef_heavy", 
    "HardpointDataDefID": "hardpointdatadef_ostsol", 
    "LOSSourcePositions": [
        {
            "x": 0, 
            "y": 13, 
            "z": 1
        }, 
        {
            "x": 3, 
            "y": 13, 
            "z": 0
        }, 
        {
            "x": -3, 
            "y": 13, 
            "z": 0
        }
    ], 
    "LOSTargetPositions": [
        {
            "x": 0, 
            "y": 13, 
            "z": 1
        }, 
        {
            "x": 3, 
            "y": 13, 
            "z": 0
        }, 
        {
            "x": -3, 
            "y": 13, 
            "z": 0
        }, 
        {
            "x": 2, 
            "y": 5, 
            "z": 0
        }, 
        {
            "x": -2, 
            "y": 5, 
            "z": 0
        }
    ], 
    "MechPartCount": 0, 
    "Locations": [
        {
            "Location": "Head", 
            "Hardpoints": [], 
            "Tonnage": 0, 
            "InventorySlots": 4, 
            "MaxArmor": 45, 
            "MaxRearArmor": -1, 
            "InternalStructure": 16
        }, 
        {
            "Location": "LeftArm", 
            "Hardpoints": [], 
            "Tonnage": 0, 
            "InventorySlots": 12, 
            "MaxArmor": 100, 
            "MaxRearArmor": -1, 
            "InternalStructure": 50
        }, 
        {
            "Location": "LeftTorso", 
            "Hardpoints": [
                {
                    "Omni": false, 
                    "WeaponMount": "Energy"
                }, 
                {
                    "Omni": false, 
                    "WeaponMount": "Energy"
                }, 
                {
                    "Omni": false, 
                    "WeaponMount": "AntiPersonnel"
                }
            ], 
            "Tonnage": 0, 
            "InventorySlots": 12, 
            "MaxArmor": 140, 
            "MaxRearArmor": 70, 
            "InternalStructure": 70
        }, 
        {
            "Location": "CenterTorso", 
            "Hardpoints": [
                {
                    "Omni": false, 
                    "WeaponMount": "Energy"
                }, 
                {
                    "Omni": false, 
                    "WeaponMount": "Energy"
                }, 
                {
                    "Omni": false, 
                    "WeaponMount": "AntiPersonnel"
                }
            ], 
            "Tonnage": 0, 
            "InventorySlots": 16, 
            "MaxArmor": 200, 
            "MaxRearArmor": 100, 
            "InternalStructure": 100
        }, 
        {
            "Location": "RightTorso", 
            "Hardpoints": [
                {
                    "Omni": false, 
                    "WeaponMount": "Energy"
                }, 
                {
                    "Omni": false, 
                    "WeaponMount": "Energy"
                }, 
                {
                    "Omni": false, 
                    "WeaponMount": "AntiPersonnel"
                }
            ], 
            "Tonnage": 0, 
            "InventorySlots": 12, 
            "MaxArmor": 140, 
            "MaxRearArmor": 70, 
            "InternalStructure": 70
        }, 
        {
            "Location": "RightArm", 
            "Hardpoints": [], 
            "Tonnage": 0, 
            "InventorySlots": 12, 
            "MaxArmor": 100, 
            "MaxRearArmor": -1, 
            "InternalStructure": 50
        }, 
        {
            "Location": "LeftLeg", 
            "Hardpoints": [], 
            "Tonnage": 0, 
            "InventorySlots": 6, 
            "MaxArmor": 140, 
            "MaxRearArmor": -1, 
            "InternalStructure": 70
        }, 
        {
            "Location": "RightLeg", 
            "Hardpoints": [], 
            "Tonnage": 0, 
            "InventorySlots": 6, 
            "MaxArmor": 140, 
            "MaxRearArmor": -1, 
            "InternalStructure": 70
        }
    ]
}