{
	"Description": {
		"Cost": 13100000,
		"Rarity": 5,
		"Purchasable": true,
		"Manufacturer": "",
		"Model": "",
		"UIName": "Atlas II",
		"Id": "chassisdef_atlas_AS7-D-HK",
		"Name": "Atlas II",
		"Details": "Found by Lady Kamea Arano in a Star League cache, this Atlas II was apparently modified by its original owner during the Amaris Civil War. Why it was abandoned is unclear since all other Atlas IIs went with General Kerensky on the Exodus. This Atlas II switches the LB-10X and ER Large Lasers of the stock Atlas II for a pair of Ultra Autocannon/5s, giving it much better ranged firepower. It carries the same SRM, LRM, and Medium Pulse Lasers, though it adds a third laser, of the original, as well as the same armor.",
		"Icon": "uixTxrIcon_atlas"
	},
	"MovementCapDefID": "movedef_atlas_AS7-D",
	"PathingCapDefID": "pathingdef_assault",
	"HardpointDataDefID": "hardpointdatadef_atlas",
	"PrefabIdentifier": "chrPrfMech_atlasBase-001",
	"PrefabBase": "atlas",
	"Tonnage": 100,
	"InitialTonnage": 10,
	"weightClass": "ASSAULT",
	"BattleValue": 10581000,
	"Heatsinks": 0,
	"TopSpeed": 60,
	"TurnRadius": 90,
	"MaxJumpjets": 30,
	"Stability": 200,
	"StabilityDefenses": [
		0,
		0,
		0,
		0,
		0,
		0
	],
	"SpotterDistanceMultiplier": 1,
	"VisibilityMultiplier": 1,
	"SensorRangeMultiplier": 1,
	"Signature": 0,
	"Radius": 8,
	"PunchesWithLeftArm": false,
	"MeleeDamage": 140,
	"MeleeInstability": 100,
	"MeleeToHitModifier": 0,
	"DFADamage": 125,
	"DFAToHitModifier": 0,
	"DFASelfDamage": 125,
	"DFAInstability": 125,
	"Locations": [
		{
			"Location": "Head",
			"Hardpoints": [],
			"Tonnage": 0,
			"InventorySlots": 6,
			"MaxArmor": 45,
			"MaxRearArmor": -1,
			"InternalStructure": 16
		},
		{
			"Location": "LeftArm",
			"Hardpoints": [
				{
					"WeaponMount": "Ballistic",
					"Omni": false
				},
				{
					"WeaponMount": "Ballistic",
					"Omni": false
				}
			],
			"Tonnage": 0,
			"InventorySlots": 12,
			"MaxArmor": 170,
			"MaxRearArmor": -1,
			"InternalStructure": 85
		},
		{
			"Location": "LeftTorso",
			"Hardpoints": [
				{
					"WeaponMount": "Missile",
					"Omni": false
				},
				{
					"WeaponMount": "Energy",
					"Omni": false
				},
				{
					"WeaponMount": "Energy",
					"Omni": false
				}
			],
			"Tonnage": 0,
			"InventorySlots": 12,
			"MaxArmor": 210,
			"MaxRearArmor": 105,
			"InternalStructure": 105
		},
		{
			"Location": "CenterTorso",
			"Hardpoints": [
				{
					"WeaponMount": "Energy",
					"Omni": false
				},
				{
					"WeaponMount": "Energy",
					"Omni": false
				}
			],
			"Tonnage": 0,
			"InventorySlots": 16,
			"MaxArmor": 320,
			"MaxRearArmor": 160,
			"InternalStructure": 160
		},
		{
			"Location": "RightTorso",
			"Hardpoints": [
				{
					"WeaponMount": "Missile",
					"Omni": false
				},
				{
					"WeaponMount": "Missile",
					"Omni": false
				}
			],
			"Tonnage": 0,
			"InventorySlots": 12,
			"MaxArmor": 210,
			"MaxRearArmor": 105,
			"InternalStructure": 105
		},
		{
			"Location": "RightArm",
			"Hardpoints": [
				{
					"WeaponMount": "Ballistic",
					"Omni": false
				},
				{
					"WeaponMount": "Ballistic",
					"Omni": false
				}
			],
			"Tonnage": 0,
			"InventorySlots": 12,
			"MaxArmor": 170,
			"MaxRearArmor": -1,
			"InternalStructure": 85
		},
		{
			"Location": "LeftLeg",
			"Hardpoints": [],
			"Tonnage": 0,
			"InventorySlots": 6,
			"MaxArmor": 210,
			"MaxRearArmor": -1,
			"InternalStructure": 105
		},
		{
			"Location": "RightLeg",
			"Hardpoints": [],
			"Tonnage": 0,
			"InventorySlots": 6,
			"MaxArmor": 210,
			"MaxRearArmor": -1,
			"InternalStructure": 105
		}
	],
	"LOSSourcePositions": [
		{
			"x": 0,
			"y": 17,
			"z": 0
		},
		{
			"x": 5,
			"y": 16,
			"z": -1
		},
		{
			"x": -5,
			"y": 16,
			"z": -1
		}
	],
	"LOSTargetPositions": [
		{
			"x": 0,
			"y": 17,
			"z": 0
		},
		{
			"x": 5,
			"y": 16,
			"z": -1
		},
		{
			"x": -5,
			"y": 16,
			"z": -1
		},
		{
			"x": 3.5,
			"y": 5.5,
			"z": 1
		},
		{
			"x": -3.5,
			"y": 5.5,
			"z": 1
		}
	],
	"FixedEquipment": [
		{
            "MountedLocation" : "CenterTorso",
            "ComponentDefID" : "emod_structureslots_standard",
            "ComponentDefType" : "Upgrade",
            "HardpointSlot" : -1,
            "DamageLevel" : "Functional",
            "prefabName" : "",
            "hasPrefabName" : true
        }
	],
	"VariantName": "AS7-D-HK",
	"ChassisTags": {
		"items": ["NOSALVAGE"],
		"tagSetSourceFile": ""
	},
	"StockRole": "Juggernaut",
	"YangsThoughts": "Found by Lady Kamea Arano in a Star League cache, this Atlas II was apparently modified by its original owner during the Amaris Civil War. Why it was abandoned is unclear since all other Atlas IIs went with General Kerensky on the Exodus. This Atlas II switches the LB-10X and ER Large Lasers of the stock Atlas II for a pair of Ultra Autocannon/5s, giving it much better ranged firepower. It carries the same SRM, LRM, and Medium Pulse Lasers, though it adds a third laser, of the original, as well as the same armor."
}