{
    "FixedEquipment": [], 
    "Description": {
        "Cost": 7214360, 
        "Rarity": 4, 
        "Purchasable": true, 
        "Manufacturer": "", 
        "Model": "", 
        "UIName": "Marauder", 
        "Id": "chassisdef_marauder_MAD-5M", 
        "Name": "Marauder", 
        "Details": "The 5M variant of the Marauder was introduced in 3051 by Ronin Inc. and Free Worlds Defense Industries for the Free Worlds League. Compared to the original it replaced the standard fusion engine with an XL Engine and completely re-armed the 'Mech with recovered Star League-era weapons.", 
        "Icon": "uixTxrIcon_marauder"
    }, 
    "VariantName": "MAD-5M", 
    "StockRole": "Heavy Assault", 
    "YangsThoughts": "The Free Worlds League Marauder 5M changes the role of the Marauder substantially. The Star League era weaponry fitted is much more suited to close range and the addition of Jump Jets isn't the first time it's been done on a MAD, but with the kind of work this mech will be doing, it really works.", 
    "PrefabIdentifier": "chrPrfMech_marauderBase-001", 
    "PrefabBase": "marauder", 
    "Tonnage": 75, 
    "InitialTonnage": 7.5, 
    "weightClass": "HEAVY", 
    "BattleValue": 0, 
    "Heatsinks": 0, 
    "TopSpeed": 0, 
    "TurnRadius": 0, 
    "MaxJumpjets": 5, 
    "Stability": 160, 
    "StabilityDefenses": [
        0, 
        0, 
        0, 
        0, 
        0, 
        0
    ], 
    "SpotterDistanceMultiplier": 1, 
    "VisibilityMultiplier": 1, 
    "SensorRangeMultiplier": 1, 
    "Signature": 0, 
    "Radius": 8, 
    "PunchesWithLeftArm": false, 
    "AlwaysPunchIfPossible": false, 
    "EngageRangeModifier": 0, 
    "MeleeDamage": 70, 
    "MeleeInstability": 75, 
    "MeleeToHitModifier": 0, 
    "DFADamage": 95, 
    "DFAToHitModifier": 0, 
    "DFASelfDamage": 95, 
    "DFAInstability": 95, 
    "ChassisTags": {
        "items": [
            "mech_case_left", 
            "unit_mechtool"
        ], 
        "tagSetSourceFile": ""
    }, 
    "MechPartMax": 0, 
    "MovementCapDefID": "movedef_heavymech", 
    "PathingCapDefID": "pathingdef_heavy", 
    "HardpointDataDefID": "hardpointdatadef_marauder", 
    "LOSSourcePositions": [
        {
            "x": 0, 
            "y": 14, 
            "z": 1
        }, 
        {
            "x": 3, 
            "y": 13, 
            "z": -1
        }, 
        {
            "x": -3, 
            "y": 13, 
            "z": -1
        }
    ], 
    "LOSTargetPositions": [
        {
            "x": 0, 
            "y": 14, 
            "z": 1
        }, 
        {
            "x": 3, 
            "y": 13, 
            "z": -1
        }, 
        {
            "x": -3, 
            "y": 13, 
            "z": -1
        }, 
        {
            "x": 2.5, 
            "y": 7, 
            "z": -2.5
        }, 
        {
            "x": -2.5, 
            "y": 7, 
            "z": -2.5
        }
    ], 
    "MechPartCount": 0, 
    "Locations": [
        {
            "Location": "Head", 
            "Hardpoints": [], 
            "Tonnage": 0, 
            "InventorySlots": 4, 
            "MaxArmor": 45, 
            "MaxRearArmor": -1, 
            "InternalStructure": 16
        }, 
        {
            "Location": "LeftArm", 
            "Hardpoints": [
                {
                    "Omni": false, 
                    "WeaponMount": "Energy"
                }, 
                {
                    "Omni": false, 
                    "WeaponMount": "Energy"
                }
            ], 
            "Tonnage": 0, 
            "InventorySlots": 12, 
            "MaxArmor": 120, 
            "MaxRearArmor": -1, 
            "InternalStructure": 60
        }, 
        {
            "Location": "LeftTorso", 
            "Hardpoints": [], 
            "Tonnage": 0, 
            "InventorySlots": 12, 
            "MaxArmor": 160, 
            "MaxRearArmor": 80, 
            "InternalStructure": 80
        }, 
        {
            "Location": "CenterTorso", 
            "Hardpoints": [], 
            "Tonnage": 0, 
            "InventorySlots": 16, 
            "MaxArmor": 230, 
            "MaxRearArmor": 115, 
            "InternalStructure": 115
        }, 
        {
            "Location": "RightTorso", 
            "Hardpoints": [
                {
                    "Omni": false, 
                    "WeaponMount": "Ballistic"
                }, 
                {
                    "Omni": false, 
                    "WeaponMount": "Ballistic"
                }
            ], 
            "Tonnage": 0, 
            "InventorySlots": 12, 
            "MaxArmor": 160, 
            "MaxRearArmor": 80, 
            "InternalStructure": 80
        }, 
        {
            "Location": "RightArm", 
            "Hardpoints": [
                {
                    "Omni": false, 
                    "WeaponMount": "Energy"
                }, 
                {
                    "Omni": false, 
                    "WeaponMount": "Energy"
                }
            ], 
            "Tonnage": 0, 
            "InventorySlots": 12, 
            "MaxArmor": 120, 
            "MaxRearArmor": -1, 
            "InternalStructure": 60
        }, 
        {
            "Location": "LeftLeg", 
            "Hardpoints": [], 
            "Tonnage": 0, 
            "InventorySlots": 6, 
            "MaxArmor": 160, 
            "MaxRearArmor": -1, 
            "InternalStructure": 80
        }, 
        {
            "Location": "RightLeg", 
            "Hardpoints": [], 
            "Tonnage": 0, 
            "InventorySlots": 6, 
            "MaxArmor": 160, 
            "MaxRearArmor": -1, 
            "InternalStructure": 80
        }
    ]
}