{
    "FixedEquipment": [
      {
            "MountedLocation": "CenterTorso", 
            "ComponentDefID": "emod_engine_100", 
            "SimGameUID": "", 
            "ComponentDefType": "HeatSink", 
            "HardpointSlot": -1, 
            "GUID": null, 
            "DamageLevel": "Functional", 
            "prefabName": null, 
            "hasPrefabName": false
        }
    ], 
    "Description": {
        "Cost": 4119960, 
        "Rarity": 4, 
        "Purchasable": true, 
        "Manufacturer": "", 
        "Model": "", 
        "UIName": "Bombard", 
        "Id": "chassisdef_bombard_BMB-010", 
        "Name": "Bombard", 
        "Details": "The original Bombard mounted a pair of massive Autocannon/20s in place of the Thunderbolt launchers as well as standard Medium Lasers instead of the MBM-013's ER lasers. ", 
        "Icon": "uixTxrIcon_bombard"
    }, 
    "VariantName": "BMB-010", 
    "StockRole": "__/Base_3061.chassisdef_bombard_BMB-010.StockRole/__", 
    "YangsThoughts": "Well, that Bombard certainly is something special. Even much heavier opponents can not approach the BMB-010 straight on with a frontal assault and not worry about getting blown to pieces. But it's slow and ponderous and experienced pilots will just pick it apart with ranged weapons or try to flank it and get into the rear.", 
    "PrefabIdentifier": "chrprfmech_bombardbase-001", 
    "PrefabBase": "bombard", 
    "Tonnage": 50, 
    "InitialTonnage": 5, 
    "weightClass": "MEDIUM", 
    "BattleValue": 4048000, 
    "Heatsinks": 0, 
    "TopSpeed": 65, 
    "TurnRadius": 90, 
    "MaxJumpjets": 8, 
    "Stability": 100, 
    "StabilityDefenses": [
        0, 
        0, 
        0, 
        0, 
        0, 
        0
    ], 
    "SpotterDistanceMultiplier": 1, 
    "VisibilityMultiplier": 1, 
    "SensorRangeMultiplier": 1, 
    "Signature": 0, 
    "Radius": 5, 
    "PunchesWithLeftArm": false, 
    "AlwaysPunchIfPossible": false, 
    "EngageRangeModifier": 0, 
    "MeleeDamage": 25, 
    "MeleeInstability": 13, 
    "MeleeToHitModifier": 0, 
    "DFADamage": 50, 
    "DFAToHitModifier": 0, 
    "DFASelfDamage": 50, 
    "DFAInstability": 25, 
    "ChassisTags": {
        "items": [
            "HeavyPlatform", 
            "unit_mechtool"
        ], 
        "tagSetSourceFile": ""
    }, 
    "MechPartMax": 0, 
    "MovementCapDefID": "movedef_mediummech", 
    "PathingCapDefID": "pathingdef_medium", 
    "HardpointDataDefID": "hardpointdatadef_bombard", 
    "LOSSourcePositions": [
        {
            "x": 0, 
            "y": 14, 
            "z": 1
        }, 
        {
            "x": 4, 
            "y": 13, 
            "z": 0
        }, 
        {
            "x": -4, 
            "y": 13, 
            "z": 0
        }
    ], 
    "LOSTargetPositions": [
        {
            "x": 0, 
            "y": 14, 
            "z": 1
        }, 
        {
            "x": 4, 
            "y": 13, 
            "z": 0
        }, 
        {
            "x": -4, 
            "y": 13, 
            "z": 0
        }, 
        {
            "x": 3, 
            "y": 5, 
            "z": 2
        }, 
        {
            "x": -3, 
            "y": 5, 
            "z": 2
        }
    ], 
    "MechPartCount": 0, 
    "Locations": [
        {
            "Location": "Head", 
            "Hardpoints": [], 
            "Tonnage": 0, 
            "InventorySlots": 4, 
            "MaxArmor": 45, 
            "MaxRearArmor": -1, 
            "InternalStructure": 16
        }, 
        {
            "Location": "LeftArm", 
            "Hardpoints": [
                {
                    "Omni": false, 
                    "WeaponMount": "Missile"
                }, 
                {
                    "Omni": false, 
                    "WeaponMount": "Ballistic"
                }, 
                {
                    "Omni": false, 
                    "WeaponMount": "Ballistic"
                }
            ], 
            "Tonnage": 0, 
            "InventorySlots": 12, 
            "MaxArmor": 80, 
            "MaxRearArmor": -1, 
            "InternalStructure": 40
        }, 
        {
            "Location": "LeftTorso", 
            "Hardpoints": [
                {
                    "Omni": false, 
                    "WeaponMount": "Energy"
                }, 
                {
                    "Omni": false, 
                    "WeaponMount": "Energy"
                }
            ], 
            "Tonnage": 0, 
            "InventorySlots": 12, 
            "MaxArmor": 120, 
            "MaxRearArmor": 60, 
            "InternalStructure": 60
        }, 
        {
            "Location": "CenterTorso", 
            "Hardpoints": [
                {
                    "Omni": false, 
                    "WeaponMount": "NotSet"
                }, 
                {
                    "Omni": false, 
                    "WeaponMount": "NotSet"
                }, 
                {
                    "Omni": false, 
                    "WeaponMount": "NotSet"
                }, 
                {
                    "Omni": false, 
                    "WeaponMount": "NotSet"
                }
            ], 
            "Tonnage": 0, 
            "InventorySlots": 16, 
            "MaxArmor": 160, 
            "MaxRearArmor": 80, 
            "InternalStructure": 80
        }, 
        {
            "Location": "RightTorso", 
            "Hardpoints": [
                {
                    "Omni": false, 
                    "WeaponMount": "Energy"
                }, 
                {
                    "Omni": false, 
                    "WeaponMount": "Energy"
                }
            ], 
            "Tonnage": 0, 
            "InventorySlots": 12, 
            "MaxArmor": 120, 
            "MaxRearArmor": 60, 
            "InternalStructure": 60
        }, 
        {
            "Location": "RightArm", 
            "Hardpoints": [
                {
                    "Omni": false, 
                    "WeaponMount": "Missile"
                }, 
                {
                    "Omni": false, 
                    "WeaponMount": "Ballistic"
                }, 
                {
                    "Omni": false, 
                    "WeaponMount": "Ballistic"
                }
            ], 
            "Tonnage": 0, 
            "InventorySlots": 12, 
            "MaxArmor": 80, 
            "MaxRearArmor": -1, 
            "InternalStructure": 40
        }, 
        {
            "Location": "LeftLeg", 
            "Hardpoints": [], 
            "Tonnage": 0, 
            "InventorySlots": 6, 
            "MaxArmor": 120, 
            "MaxRearArmor": -1, 
            "InternalStructure": 60
        }, 
        {
            "Location": "RightLeg", 
            "Hardpoints": [], 
            "Tonnage": 0, 
            "InventorySlots": 6, 
            "MaxArmor": 120, 
            "MaxRearArmor": -1, 
            "InternalStructure": 60
        }
    ]
}