{
    "FixedEquipment": [], 
    "Description": {
        "Cost": 1857090, 
        "Rarity": 2, 
        "Purchasable": true, 
        "Manufacturer": "", 
        "Model": "", 
        "UIName": "Hollander", 
        "Id": "chassisdef_hollander_BZK-F3", 
        "Name": "Hollander", 
        "Details": "The Hollander was introduced in 3054 specifically to carry a Gauss Rifle into combat and act as a sniper. The Federated Commonwealth was in dire need of a response to the fast-moving, long-range firepower of the Clan Invaders at the time, and looked at a number of light 'Mech designs featuring PPCs or LRMs as a potential answer. It was Coventry's unorthodox decision to mount such a large weapon, one that had neither the overheating or ammunition explosion drawbacks of the other designs, which won them the contract.", 
        "Icon": "uixTxrIcon_hollander"
    }, 
    "VariantName": "BZK-F3", 
    "StockRole": "Light Fire Support", 
    "YangsThoughts": "This Hollander F3 is a totally unconventional mech, but what it is designed for it does well. The Gauss cannon allows the mech to stay at extreme ranges and support with firepower that can kill some light mechs in a single shot.", 
    "PrefabIdentifier": "chrprfmech_hollanderbase-001", 
    "PrefabBase": "hollander", 
    "Tonnage": 35, 
    "InitialTonnage": 3.5, 
    "weightClass": "LIGHT", 
    "BattleValue": 3749000, 
    "Heatsinks": 0, 
    "TopSpeed": 85, 
    "TurnRadius": 90, 
    "MaxJumpjets": 8, 
    "Stability": 100, 
    "StabilityDefenses": [
        0, 
        0, 
        0, 
        0, 
        0, 
        0
    ], 
    "SpotterDistanceMultiplier": 1, 
    "VisibilityMultiplier": 1, 
    "SensorRangeMultiplier": 1, 
    "Signature": 0, 
    "Radius": 4, 
    "PunchesWithLeftArm": true, 
    "AlwaysPunchIfPossible": false, 
    "EngageRangeModifier": 0, 
    "MeleeDamage": 45, 
    "MeleeInstability": 35, 
    "MeleeToHitModifier": 0, 
    "DFADamage": 45, 
    "DFAToHitModifier": 0, 
    "DFASelfDamage": 45, 
    "DFAInstability": 45, 
    "ChassisTags": {
        "items": [
            "mr-resize-0.95-0.95-0.95", 
            "chassis_endo", 
            "chassis_ferro", 
            "unit_mechtool"
        ], 
        "tagSetSourceFile": ""
    }, 
    "MechPartMax": 0, 
    "MovementCapDefID": "movedef_lightmech", 
    "PathingCapDefID": "pathingdef_light", 
    "HardpointDataDefID": "hardpointdatadef_hollander", 
    "LOSSourcePositions": [
        {
            "x": 0, 
            "y": 12, 
            "z": 0.5
        }, 
        {
            "x": -2.5, 
            "y": 12, 
            "z": -0.5
        }, 
        {
            "x": 2.5, 
            "y": 12, 
            "z": -0.5
        }
    ], 
    "LOSTargetPositions": [
        {
            "x": 0, 
            "y": 12, 
            "z": 0.5
        }, 
        {
            "x": -2.5, 
            "y": 12, 
            "z": -0.5
        }, 
        {
            "x": 2.5, 
            "y": 12, 
            "z": -0.5
        }, 
        {
            "x": -2, 
            "y": 3, 
            "z": 0.5
        }, 
        {
            "x": 2, 
            "y": 3, 
            "z": 0.5
        }
    ], 
    "MechPartCount": 0, 
    "Locations": [
        {
            "Location": "Head", 
            "Hardpoints": [
                {
                    "Omni": false, 
                    "WeaponMount": "AntiPersonnel"
                }
            ], 
            "Tonnage": 0, 
            "InventorySlots": 4, 
            "MaxArmor": 45, 
            "MaxRearArmor": -1, 
            "InternalStructure": 16
        }, 
        {
            "Location": "LeftArm", 
            "Hardpoints": [], 
            "Tonnage": 0, 
            "InventorySlots": 12, 
            "MaxArmor": 60, 
            "MaxRearArmor": -1, 
            "InternalStructure": 30
        }, 
        {
            "Location": "LeftTorso", 
            "Hardpoints": [], 
            "Tonnage": 0, 
            "InventorySlots": 12, 
            "MaxArmor": 80, 
            "MaxRearArmor": 40, 
            "InternalStructure": 40
        }, 
        {
            "Location": "CenterTorso", 
            "Hardpoints": [], 
            "Tonnage": 0, 
            "InventorySlots": 16, 
            "MaxArmor": 110, 
            "MaxRearArmor": 55, 
            "InternalStructure": 55
        }, 
        {
            "Location": "RightTorso", 
            "Hardpoints": [
                {
                    "Omni": false, 
                    "WeaponMount": "Ballistic"
                }, 
                {
                    "Omni": false, 
                    "WeaponMount": "Ballistic"
                }
            ], 
            "Tonnage": 0, 
            "InventorySlots": 12, 
            "MaxArmor": 80, 
            "MaxRearArmor": 40, 
            "InternalStructure": 40
        }, 
        {
            "Location": "RightArm", 
            "Hardpoints": [], 
            "Tonnage": 0, 
            "InventorySlots": 12, 
            "MaxArmor": 60, 
            "MaxRearArmor": -1, 
            "InternalStructure": 30
        }, 
        {
            "Location": "LeftLeg", 
            "Hardpoints": [], 
            "Tonnage": 0, 
            "InventorySlots": 6, 
            "MaxArmor": 80, 
            "MaxRearArmor": -1, 
            "InternalStructure": 40
        }, 
        {
            "Location": "RightLeg", 
            "Hardpoints": [], 
            "Tonnage": 0, 
            "InventorySlots": 6, 
            "MaxArmor": 80, 
            "MaxRearArmor": -1, 
            "InternalStructure": 40
        }
    ]
}