{
    "FixedEquipment": [], 
    "Description": {
        "Cost": 6790360, 
        "Rarity": 5, 
        "Purchasable": true, 
        "Manufacturer": "", 
        "Model": "", 
        "UIName": "Cataphract", 
        "Id": "chassisdef_cataphract_CTF-4X", 
        "Name": "Cataphract", 
        "Details": "The CTF-4X is the latest variant of this prototype 'Mech.  The 4X downgrades the Engine, making for a slower ride, but adds more long range firepower with two Autocannon 5s, a Large Laser and LRM5.", 
        "Icon": "uixTxrIcon_cataphract"
    }, 
    "VariantName": "CTF-4X", 
    "StockRole": "Sniper & Fire Support", 
    "YangsThoughts": "Honestly Commander, I've never even heard of this thing.  Have to hand it to the Feds though, they tend to push their AutoCannons onto everything they can.  Not sure if I like the idea of making this model so ammo dependent, but the 4X certainly addresses the heat issues of the original model.", 
    "PrefabIdentifier": "chrPrfMech_cataphractBase-001", 
    "PrefabBase": "cataphract", 
    "Tonnage": 70, 
    "InitialTonnage": 7, 
    "weightClass": "HEAVY", 
    "BattleValue": 6577000, 
    "Heatsinks": 0, 
    "TopSpeed": 105, 
    "TurnRadius": 90, 
    "MaxJumpjets": 5, 
    "Stability": 160, 
    "StabilityDefenses": [
        0, 
        0, 
        0, 
        0, 
        0, 
        0
    ], 
    "SpotterDistanceMultiplier": 1, 
    "VisibilityMultiplier": 1, 
    "SensorRangeMultiplier": 1, 
    "Signature": 0, 
    "Radius": 8, 
    "PunchesWithLeftArm": false, 
    "AlwaysPunchIfPossible": false, 
    "EngageRangeModifier": 0, 
    "MeleeDamage": 90, 
    "MeleeInstability": 70, 
    "MeleeToHitModifier": 0, 
    "DFADamage": 90, 
    "DFAToHitModifier": 0, 
    "DFASelfDamage": 90, 
    "DFAInstability": 90, 
    "ChassisTags": {
        "items": [
            "unit_mechtool"
        ], 
        "tagSetSourceFile": ""
    }, 
    "MechPartMax": 0, 
    "MovementCapDefID": "movedef_heavymech", 
    "PathingCapDefID": "pathingdef_heavy", 
    "HardpointDataDefID": "hardpointdatadef_cataphract", 
    "LOSSourcePositions": [
        {
            "x": 0, 
            "y": 15, 
            "z": 1
        }, 
        {
            "x": 4, 
            "y": 14, 
            "z": 0
        }, 
        {
            "x": -4, 
            "y": 14, 
            "z": 0
        }
    ], 
    "LOSTargetPositions": [
        {
            "x": 0, 
            "y": 15, 
            "z": 1
        }, 
        {
            "x": 4, 
            "y": 14, 
            "z": 0
        }, 
        {
            "x": -4, 
            "y": 14, 
            "z": 0
        }, 
        {
            "x": 3, 
            "y": 5, 
            "z": 0
        }, 
        {
            "x": -3, 
            "y": 5, 
            "z": 0
        }
    ], 
    "MechPartCount": 0, 
    "Locations": [
        {
            "Location": "Head", 
            "Hardpoints": [
                {
                    "Omni": false, 
                    "WeaponMount": "Missile"
                }
            ], 
            "Tonnage": 0, 
            "InventorySlots": 4, 
            "MaxArmor": 45, 
            "MaxRearArmor": -1, 
            "InternalStructure": 16
        }, 
        {
            "Location": "LeftArm", 
            "Hardpoints": [
                {
                    "Omni": false, 
                    "WeaponMount": "Ballistic"
                }
            ], 
            "Tonnage": 0, 
            "InventorySlots": 12, 
            "MaxArmor": 110, 
            "MaxRearArmor": -1, 
            "InternalStructure": 55
        }, 
        {
            "Location": "LeftTorso", 
            "Hardpoints": [], 
            "Tonnage": 0, 
            "InventorySlots": 12, 
            "MaxArmor": 150, 
            "MaxRearArmor": 75, 
            "InternalStructure": 75
        }, 
        {
            "Location": "CenterTorso", 
            "Hardpoints": [
                {
                    "Omni": false, 
                    "WeaponMount": "Energy"
                }, 
                {
                    "Omni": false, 
                    "WeaponMount": "Energy"
                }, 
                {
                    "Omni": false, 
                    "WeaponMount": "AntiPersonnel"
                }
            ], 
            "Tonnage": 0, 
            "InventorySlots": 16, 
            "MaxArmor": 220, 
            "MaxRearArmor": 110, 
            "InternalStructure": 110
        }, 
        {
            "Location": "RightTorso", 
            "Hardpoints": [], 
            "Tonnage": 0, 
            "InventorySlots": 12, 
            "MaxArmor": 150, 
            "MaxRearArmor": 75, 
            "InternalStructure": 75
        }, 
        {
            "Location": "RightArm", 
            "Hardpoints": [
                {
                    "Omni": false, 
                    "WeaponMount": "Ballistic"
                }
            ], 
            "Tonnage": 0, 
            "InventorySlots": 12, 
            "MaxArmor": 110, 
            "MaxRearArmor": -1, 
            "InternalStructure": 55
        }, 
        {
            "Location": "LeftLeg", 
            "Hardpoints": [], 
            "Tonnage": 0, 
            "InventorySlots": 6, 
            "MaxArmor": 150, 
            "MaxRearArmor": -1, 
            "InternalStructure": 75
        }, 
        {
            "Location": "RightLeg", 
            "Hardpoints": [], 
            "Tonnage": 0, 
            "InventorySlots": 6, 
            "MaxArmor": 150, 
            "MaxRearArmor": -1, 
            "InternalStructure": 75
        }
    ]
}