{
    "FixedEquipment": [], 
    "Description": {
        "Cost": 5942360, 
        "Rarity": 3, 
        "Purchasable": true, 
        "Manufacturer": "", 
        "Model": "", 
        "UIName": "Rifleman", 
        "Id": "chassisdef_rifleman_RFL-5M", 
        "Name": "Rifleman", 
        "Details": "The 5M is another product of the Gray Death Memory Core technology boon, built by Kallon Industries at Thermopolis for the Free Worlds League. Introduced in 3049, it retained the same energy weapons as the original 3N but replaced the standard autocannons with Ultra models; though the ammunition load remained a single ton, it was moved to the right torso and protected by CASE. Twelve double heat sinks were mounted and another ton of was carried.", 
        "Icon": "uixTxrIcon_rifleman"
    }, 
    "VariantName": "RFL-5M", 
    "StockRole": "Sniper", 
    "YangsThoughts": "The inclusion of the Ultra AC5s on the Rifleman 5M ups the long range firepower and the double heat sinks help dissipate the extra heat. They didn't improve on some of the issues, the 5M still has poor armor and has only 1 tonne of ammo split between 2 Ultra Autocannons.", 
    "PrefabIdentifier": "chrPrfMech_riflemanBase-001", 
    "PrefabBase": "rifleman", 
    "Tonnage": 60, 
    "InitialTonnage": 6, 
    "weightClass": "HEAVY", 
    "BattleValue": 0, 
    "Heatsinks": 0, 
    "TopSpeed": 0, 
    "TurnRadius": 0, 
    "MaxJumpjets": 6, 
    "Stability": 160, 
    "StabilityDefenses": [
        0, 
        0, 
        0, 
        0, 
        0, 
        0
    ], 
    "SpotterDistanceMultiplier": 1, 
    "VisibilityMultiplier": 1, 
    "SensorRangeMultiplier": 1, 
    "Signature": 0, 
    "Radius": 8, 
    "PunchesWithLeftArm": false, 
    "AlwaysPunchIfPossible": false, 
    "EngageRangeModifier": 0, 
    "MeleeDamage": 55, 
    "MeleeInstability": 60, 
    "MeleeToHitModifier": 0, 
    "DFADamage": 75, 
    "DFAToHitModifier": 0, 
    "DFASelfDamage": 75, 
    "DFAInstability": 75, 
    "ChassisTags": {
        "items": [
            "mech_case_right", 
            "unit_mechtool"
        ], 
        "tagSetSourceFile": ""
    }, 
    "MechPartMax": 0, 
    "MovementCapDefID": "movedef_heavymech", 
    "PathingCapDefID": "pathingdef_heavy", 
    "HardpointDataDefID": "hardpointdatadef_rifleman", 
    "LOSSourcePositions": [
        {
            "x": 0, 
            "y": 14, 
            "z": 0.5
        }, 
        {
            "x": 4.5, 
            "y": 13, 
            "z": -0.5
        }, 
        {
            "x": -4.5, 
            "y": 13, 
            "z": -0.5
        }
    ], 
    "LOSTargetPositions": [
        {
            "x": 0, 
            "y": 14, 
            "z": 0.5
        }, 
        {
            "x": 4.5, 
            "y": 13, 
            "z": -0.5
        }, 
        {
            "x": -4.5, 
            "y": 13, 
            "z": -0.5
        }, 
        {
            "x": 2.5, 
            "y": 5, 
            "z": 1.25
        }, 
        {
            "x": -2.5, 
            "y": 5, 
            "z": 1.25
        }
    ], 
    "MechPartCount": 0, 
    "Locations": [
        {
            "Location": "Head", 
            "Hardpoints": [], 
            "Tonnage": 0, 
            "InventorySlots": 4, 
            "MaxArmor": 45, 
            "MaxRearArmor": -1, 
            "InternalStructure": 16
        }, 
        {
            "Location": "LeftArm", 
            "Hardpoints": [
                {
                    "Omni": false, 
                    "WeaponMount": "Energy"
                }, 
                {
                    "Omni": false, 
                    "WeaponMount": "Ballistic"
                }
            ], 
            "Tonnage": 0, 
            "InventorySlots": 12, 
            "MaxArmor": 100, 
            "MaxRearArmor": -1, 
            "InternalStructure": 50
        }, 
        {
            "Location": "LeftTorso", 
            "Hardpoints": [
                {
                    "Omni": false, 
                    "WeaponMount": "Energy"
                }
            ], 
            "Tonnage": 0, 
            "InventorySlots": 12, 
            "MaxArmor": 140, 
            "MaxRearArmor": 70, 
            "InternalStructure": 70
        }, 
        {
            "Location": "CenterTorso", 
            "Hardpoints": [], 
            "Tonnage": 0, 
            "InventorySlots": 16, 
            "MaxArmor": 200, 
            "MaxRearArmor": 100, 
            "InternalStructure": 100
        }, 
        {
            "Location": "RightTorso", 
            "Hardpoints": [
                {
                    "Omni": false, 
                    "WeaponMount": "Energy"
                }
            ], 
            "Tonnage": 0, 
            "InventorySlots": 12, 
            "MaxArmor": 140, 
            "MaxRearArmor": 70, 
            "InternalStructure": 70
        }, 
        {
            "Location": "RightArm", 
            "Hardpoints": [
                {
                    "Omni": false, 
                    "WeaponMount": "Energy"
                }, 
                {
                    "Omni": false, 
                    "WeaponMount": "Ballistic"
                }
            ], 
            "Tonnage": 0, 
            "InventorySlots": 12, 
            "MaxArmor": 100, 
            "MaxRearArmor": -1, 
            "InternalStructure": 50
        }, 
        {
            "Location": "LeftLeg", 
            "Hardpoints": [], 
            "Tonnage": 0, 
            "InventorySlots": 6, 
            "MaxArmor": 140, 
            "MaxRearArmor": -1, 
            "InternalStructure": 70
        }, 
        {
            "Location": "RightLeg", 
            "Hardpoints": [], 
            "Tonnage": 0, 
            "InventorySlots": 6, 
            "MaxArmor": 140, 
            "MaxRearArmor": -1, 
            "InternalStructure": 70
        }
    ]
}