{
    "FixedEquipment": [], 
    "Description": {
        "Cost": 10461000, 
        "Rarity": 5, 
        "Purchasable": false, 
        "Manufacturer": "Unknown", 
        "Model": "", 
        "UIName": "BattleMaster", 
        "Id": "chassisdef_battlemaster_BLR-1G-DC", 
        "Name": "BattleMaster", 
        "Details": "Command Console refit built in 2855 - The BattleMaster was one of the Federated Suns' preferred 'Mechs to install Command Consoles. Standard refits usually installed the Command Console on the BLR-1G, removing one heat sink and both rear-mounted Medium Lasers. <b><color=#009933>Quirk: Command - Bonus Initiative</color></b>", 
        "Icon": "uixTxrIcon_battlemaster"
    }, 
    "VariantName": "BLR-1G-DC", 
    "StockRole": "Command 'Mech, Heavy Brawler, & Close Assault", 
    "YangsThoughts": "Thankfully I never faced one of these during my stint with the Second St. Ives Lancers on Kittery. The Fedrats, after all, preferred installing Command Consoles on the BattleMaster, but from my understanding these were relegated to training duties by the late Third Succession War. The loss of only one heat sink and two Medium Lasers is not too bad for a trade-off.", 
    "PrefabIdentifier": "chrPrfMech_battlemasterBase-001", 
    "PrefabBase": "battlemaster", 
    "Tonnage": 85, 
    "InitialTonnage": 8.5, 
    "weightClass": "ASSAULT", 
    "BattleValue": 8742000, 
    "Heatsinks": 0, 
    "TopSpeed": 60, 
    "TurnRadius": 90, 
    "MaxJumpjets": 4, 
    "Stability": 200, 
    "StabilityDefenses": [
        0, 
        0, 
        0, 
        0, 
        0, 
        0
    ], 
    "SpotterDistanceMultiplier": 1, 
    "VisibilityMultiplier": 1, 
    "SensorRangeMultiplier": 1, 
    "Signature": 0, 
    "Radius": 8, 
    "PunchesWithLeftArm": true, 
    "AlwaysPunchIfPossible": false, 
    "EngageRangeModifier": 0, 
    "MeleeDamage": 115, 
    "MeleeInstability": 85, 
    "MeleeToHitModifier": 0, 
    "DFADamage": 105, 
    "DFAToHitModifier": 0, 
    "DFASelfDamage": 105, 
    "DFAInstability": 105, 
    "ChassisTags": {
        "items": [
            "EnhancedCommandConsole", 
            "unit_mechtool"
        ], 
        "tagSetSourceFile": ""
    }, 
    "MechPartMax": 0, 
    "MovementCapDefID": "movedef_assaultmech", 
    "PathingCapDefID": "pathingdef_assault", 
    "HardpointDataDefID": "hardpointdatadef_battlemaster", 
    "LOSSourcePositions": [
        {
            "x": 0, 
            "y": 16, 
            "z": 0
        }, 
        {
            "x": 5, 
            "y": 16, 
            "z": -1
        }, 
        {
            "x": -5, 
            "y": 16, 
            "z": -1
        }
    ], 
    "LOSTargetPositions": [
        {
            "x": 0, 
            "y": 16, 
            "z": 0
        }, 
        {
            "x": 5, 
            "y": 16, 
            "z": -1
        }, 
        {
            "x": -5, 
            "y": 16, 
            "z": -1
        }, 
        {
            "x": 3.5, 
            "y": 6, 
            "z": 1
        }, 
        {
            "x": -3.5, 
            "y": 6, 
            "z": 1
        }
    ], 
    "MechPartCount": 0, 
    "Locations": [
        {
            "Location": "Head", 
            "Hardpoints": [], 
            "Tonnage": 0, 
            "InventorySlots": 4, 
            "MaxArmor": 45, 
            "MaxRearArmor": -1, 
            "InternalStructure": 16
        }, 
        {
            "Location": "LeftArm", 
            "Hardpoints": [
                {
                    "Omni": false, 
                    "WeaponMount": "AntiPersonnel"
                }, 
                {
                    "Omni": false, 
                    "WeaponMount": "AntiPersonnel"
                }, 
                {
                    "Omni": false, 
                    "WeaponMount": "Ballistic"
                }, 
                {
                    "Omni": false, 
                    "WeaponMount": "Ballistic"
                }
            ], 
            "Tonnage": 0, 
            "InventorySlots": 12, 
            "MaxArmor": 140, 
            "MaxRearArmor": -1, 
            "InternalStructure": 70
        }, 
        {
            "Location": "LeftTorso", 
            "Hardpoints": [
                {
                    "Omni": false, 
                    "WeaponMount": "Missile"
                }, 
                {
                    "Omni": false, 
                    "WeaponMount": "Energy"
                }, 
                {
                    "Omni": false, 
                    "WeaponMount": "Energy"
                }
            ], 
            "Tonnage": 0, 
            "InventorySlots": 12, 
            "MaxArmor": 180, 
            "MaxRearArmor": 90, 
            "InternalStructure": 90
        }, 
        {
            "Location": "CenterTorso", 
            "Hardpoints": [], 
            "Tonnage": 0, 
            "InventorySlots": 16, 
            "MaxArmor": 270, 
            "MaxRearArmor": 135, 
            "InternalStructure": 135
        }, 
        {
            "Location": "RightTorso", 
            "Hardpoints": [
                {
                    "Omni": false, 
                    "WeaponMount": "Energy"
                }, 
                {
                    "Omni": false, 
                    "WeaponMount": "Energy"
                }
            ], 
            "Tonnage": 0, 
            "InventorySlots": 12, 
            "MaxArmor": 180, 
            "MaxRearArmor": 90, 
            "InternalStructure": 90
        }, 
        {
            "Location": "RightArm", 
            "Hardpoints": [
                {
                    "Omni": false, 
                    "WeaponMount": "Energy"
                }
            ], 
            "Tonnage": 0, 
            "InventorySlots": 12, 
            "MaxArmor": 140, 
            "MaxRearArmor": -1, 
            "InternalStructure": 70
        }, 
        {
            "Location": "LeftLeg", 
            "Hardpoints": [], 
            "Tonnage": 0, 
            "InventorySlots": 6, 
            "MaxArmor": 180, 
            "MaxRearArmor": -1, 
            "InternalStructure": 90
        }, 
        {
            "Location": "RightLeg", 
            "Hardpoints": [], 
            "Tonnage": 0, 
            "InventorySlots": 6, 
            "MaxArmor": 180, 
            "MaxRearArmor": -1, 
            "InternalStructure": 90
        }
    ]
}