{
    "FixedEquipment": [
        {
            "MountedLocation": "Head", 
            "ComponentDefID": "Gear_Cockpit_Integrated_Standard", 
            "SimGameUID": "", 
            "ComponentDefType": "Upgrade", 
            "HardpointSlot": -1, 
            "GUID": null, 
            "DamageLevel": "Functional", 
            "prefabName": "", 
            "hasPrefabName": true
        }
    ], 
    "Description": {
        "Cost": 1265250, 
        "Rarity": 1, 
        "Purchasable": true, 
        "Manufacturer": "", 
        "Model": "", 
        "UIName": "Stinger", 
        "Id": "chassisdef_stinger_STG-3R-RV", 
        "Name": "Stinger", 
        "Details": "The STG-3R-1V variant is an approved and widespread refit to the venerable and mass-rpoduced STG-3R. The Medium Laser is replaced with a COIL-M energy weapon and a single MG is removed with the resulting ammo bin switched to a half ton loadout.", 
        "Icon": "uixTxrIcon_stinger"
    }, 
    "VariantName": "STG-3R-RV", 
    "StockRole": "Scout & Skirmisher", 
    "YangsThoughts": "The Stinger is lightly armored and mounts limited weapons. Its speed and maneuverability, however, make it a difficult target and a tough 'Mech to pin down.", 
    "PrefabIdentifier": "chrPrfMech_stingerHotD-001", 
    "PrefabBase": "stinger", 
    "Tonnage": 20, 
    "InitialTonnage": 2, 
    "weightClass": "LIGHT", 
    "BattleValue": 1642000, 
    "Heatsinks": 0, 
    "TopSpeed": 120, 
    "TurnRadius": 90, 
    "MaxJumpjets": 8, 
    "Stability": 100, 
    "StabilityDefenses": [
        0, 
        0, 
        0, 
        0, 
        0, 
        0
    ], 
    "SpotterDistanceMultiplier": 1, 
    "VisibilityMultiplier": 1, 
    "SensorRangeMultiplier": 1, 
    "Signature": 0, 
    "Radius": 4, 
    "PunchesWithLeftArm": false, 
    "AlwaysPunchIfPossible": false, 
    "EngageRangeModifier": 0, 
    "MeleeDamage": 25, 
    "MeleeInstability": 20, 
    "MeleeToHitModifier": 0, 
    "DFADamage": 25, 
    "DFAToHitModifier": 0, 
    "DFASelfDamage": 25, 
    "DFAInstability": 25, 
    "ChassisTags": {
        "items": [
            "IntegratedCockpit", 
            "unit_mechtool"
        ], 
        "tagSetSourceFile": ""
    }, 
    "MechPartMax": 0, 
    "MovementCapDefID": "movedef_lightmech", 
    "PathingCapDefID": "pathingdef_light", 
    "HardpointDataDefID": "hardpointdatadef_stinger", 
    "LOSSourcePositions": [
        {
            "x": 0, 
            "y": 10, 
            "z": 0.5
        }, 
        {
            "x": -2.5, 
            "y": 8, 
            "z": -0.5
        }, 
        {
            "x": 2.5, 
            "y": 8, 
            "z": -0.5
        }
    ], 
    "LOSTargetPositions": [
        {
            "x": 0, 
            "y": 10, 
            "z": 0.5
        }, 
        {
            "x": -2.5, 
            "y": 8, 
            "z": -0.5
        }, 
        {
            "x": 2.5, 
            "y": 8, 
            "z": -0.5
        }, 
        {
            "x": -1.5, 
            "y": 3, 
            "z": 0.5
        }, 
        {
            "x": 1.5, 
            "y": 3, 
            "z": 0.5
        }
    ], 
    "MechPartCount": 0, 
    "Locations": [
        {
            "Location": "Head", 
            "Hardpoints": [], 
            "Tonnage": 0, 
            "InventorySlots": 4, 
            "MaxArmor": 45, 
            "MaxRearArmor": -1, 
            "InternalStructure": 16
        }, 
        {
            "Location": "LeftArm", 
            "Hardpoints": [
                {
                    "Omni": false, 
                    "WeaponMount": "AntiPersonnel"
                }, 
                {
                    "Omni": false, 
                    "WeaponMount": "AntiPersonnel"
                }
            ], 
            "Tonnage": 0, 
            "InventorySlots": 12, 
            "MaxArmor": 30, 
            "MaxRearArmor": -1, 
            "InternalStructure": 15
        }, 
        {
            "Location": "LeftTorso", 
            "Hardpoints": [], 
            "Tonnage": 0, 
            "InventorySlots": 12, 
            "MaxArmor": 50, 
            "MaxRearArmor": 25, 
            "InternalStructure": 25
        }, 
        {
            "Location": "CenterTorso", 
            "Hardpoints": [], 
            "Tonnage": 0, 
            "InventorySlots": 16, 
            "MaxArmor": 60, 
            "MaxRearArmor": 30, 
            "InternalStructure": 30
        }, 
        {
            "Location": "RightTorso", 
            "Hardpoints": [], 
            "Tonnage": 0, 
            "InventorySlots": 12, 
            "MaxArmor": 50, 
            "MaxRearArmor": 25, 
            "InternalStructure": 25
        }, 
        {
            "Location": "RightArm", 
            "Hardpoints": [
                {
                    "Omni": false, 
                    "WeaponMount": "Energy"
                }, 
                {
                    "Omni": false, 
                    "WeaponMount": "AntiPersonnel"
                }, 
                {
                    "Omni": false, 
                    "WeaponMount": "AntiPersonnel"
                }
            ], 
            "Tonnage": 0, 
            "InventorySlots": 12, 
            "MaxArmor": 30, 
            "MaxRearArmor": -1, 
            "InternalStructure": 15
        }, 
        {
            "Location": "LeftLeg", 
            "Hardpoints": [], 
            "Tonnage": 0, 
            "InventorySlots": 6, 
            "MaxArmor": 40, 
            "MaxRearArmor": -1, 
            "InternalStructure": 20
        }, 
        {
            "Location": "RightLeg", 
            "Hardpoints": [], 
            "Tonnage": 0, 
            "InventorySlots": 6, 
            "MaxArmor": 40, 
            "MaxRearArmor": -1, 
            "InternalStructure": 20
        }
    ]
}