{
    "FixedEquipment": [], 
    "Description": {
        "Cost": 10557210, 
        "Rarity": 4, 
        "Purchasable": true, 
        "Manufacturer": "", 
        "Model": "", 
        "UIName": "Stalker", 
        "Id": "chassisdef_stalker_STK-5S", 
        "Name": "Stalker", 
        "Details": "Outfitted with the relatively recently rediscovered Star League technology of circa 3050, the FedCom 5S can be characterized primarily by its tendency to overheat. The designers behind this variant took the simple expedient of upgrading its engine and firepower without taking heat build-up into consideration. The 'Mech has had its engine replaced with an XL Engine and the large lasers have been removed and replaced with two Large Pulse Lasers.", 
        "Icon": "uixTxrIcon_stalker"
    }, 
    "VariantName": "STK-5S", 
    "StockRole": "Juggernaut & Ranged Assault", 
    "YangsThoughts": "The Stalker has always had too much firepower for the heat build up, but the Stalker 5S is on another level of heat inefficient. It has more weight free because of the XL engine so maybe something can be done with it, let me know if you have any ideas.", 
    "PrefabIdentifier": "chrPrfMech_stalkerBase-001", 
    "PrefabBase": "stalker", 
    "Tonnage": 85, 
    "InitialTonnage": 8.5, 
    "weightClass": "ASSAULT", 
    "BattleValue": 8821000, 
    "Heatsinks": 0, 
    "TopSpeed": 105, 
    "TurnRadius": 90, 
    "MaxJumpjets": 4, 
    "Stability": 200, 
    "StabilityDefenses": [
        0, 
        0, 
        0, 
        0, 
        0, 
        0
    ], 
    "SpotterDistanceMultiplier": 1, 
    "VisibilityMultiplier": 1, 
    "SensorRangeMultiplier": 1, 
    "Signature": 0, 
    "Radius": 8, 
    "PunchesWithLeftArm": false, 
    "AlwaysPunchIfPossible": false, 
    "EngageRangeModifier": 0, 
    "MeleeDamage": 80, 
    "MeleeInstability": 85, 
    "MeleeToHitModifier": 0, 
    "DFADamage": 105, 
    "DFAToHitModifier": 0, 
    "DFASelfDamage": 105, 
    "DFAInstability": 105, 
    "ChassisTags": {
        "items": [
            "mech_case_left", 
            "mech_case_right", 
            "unit_mechtool"
        ], 
        "tagSetSourceFile": ""
    }, 
    "MechPartMax": 0, 
    "MovementCapDefID": "movedef_assaultmech", 
    "PathingCapDefID": "pathingdef_assault", 
    "HardpointDataDefID": "hardpointdatadef_stalker", 
    "LOSSourcePositions": [
        {
            "x": 0, 
            "y": 15, 
            "z": 0
        }, 
        {
            "x": 3.5, 
            "y": 16, 
            "z": -1
        }, 
        {
            "x": -3.5, 
            "y": 16, 
            "z": -1
        }
    ], 
    "LOSTargetPositions": [
        {
            "x": 0, 
            "y": 15, 
            "z": 0
        }, 
        {
            "x": 3.5, 
            "y": 16, 
            "z": -1
        }, 
        {
            "x": -3.5, 
            "y": 16, 
            "z": -1
        }, 
        {
            "x": 3.5, 
            "y": 6, 
            "z": 1
        }, 
        {
            "x": -3.5, 
            "y": 6, 
            "z": 1
        }
    ], 
    "MechPartCount": 0, 
    "Locations": [
        {
            "Location": "Head", 
            "Hardpoints": [], 
            "Tonnage": 0, 
            "InventorySlots": 4, 
            "MaxArmor": 45, 
            "MaxRearArmor": -1, 
            "InternalStructure": 16
        }, 
        {
            "Location": "LeftArm", 
            "Hardpoints": [
                {
                    "Omni": false, 
                    "WeaponMount": "Energy"
                }, 
                {
                    "Omni": false, 
                    "WeaponMount": "Energy"
                }, 
                {
                    "Omni": false, 
                    "WeaponMount": "Missile"
                }
            ], 
            "Tonnage": 0, 
            "InventorySlots": 12, 
            "MaxArmor": 140, 
            "MaxRearArmor": -1, 
            "InternalStructure": 70
        }, 
        {
            "Location": "LeftTorso", 
            "Hardpoints": [
                {
                    "Omni": false, 
                    "WeaponMount": "Energy"
                }, 
                {
                    "Omni": false, 
                    "WeaponMount": "Missile"
                }, 
                {
                    "Omni": false, 
                    "WeaponMount": "AntiPersonnel"
                }
            ], 
            "Tonnage": 0, 
            "InventorySlots": 12, 
            "MaxArmor": 180, 
            "MaxRearArmor": 90, 
            "InternalStructure": 90
        }, 
        {
            "Location": "CenterTorso", 
            "Hardpoints": [], 
            "Tonnage": 0, 
            "InventorySlots": 16, 
            "MaxArmor": 270, 
            "MaxRearArmor": 135, 
            "InternalStructure": 135
        }, 
        {
            "Location": "RightTorso", 
            "Hardpoints": [
                {
                    "Omni": false, 
                    "WeaponMount": "Energy"
                }, 
                {
                    "Omni": false, 
                    "WeaponMount": "Missile"
                }
            ], 
            "Tonnage": 0, 
            "InventorySlots": 12, 
            "MaxArmor": 180, 
            "MaxRearArmor": 90, 
            "InternalStructure": 90
        }, 
        {
            "Location": "RightArm", 
            "Hardpoints": [
                {
                    "Omni": false, 
                    "WeaponMount": "Energy"
                }, 
                {
                    "Omni": false, 
                    "WeaponMount": "Energy"
                }, 
                {
                    "Omni": false, 
                    "WeaponMount": "Missile"
                }
            ], 
            "Tonnage": 0, 
            "InventorySlots": 12, 
            "MaxArmor": 140, 
            "MaxRearArmor": -1, 
            "InternalStructure": 70
        }, 
        {
            "Location": "LeftLeg", 
            "Hardpoints": [], 
            "Tonnage": 0, 
            "InventorySlots": 6, 
            "MaxArmor": 180, 
            "MaxRearArmor": -1, 
            "InternalStructure": 90
        }, 
        {
            "Location": "RightLeg", 
            "Hardpoints": [], 
            "Tonnage": 0, 
            "InventorySlots": 6, 
            "MaxArmor": 180, 
            "MaxRearArmor": -1, 
            "InternalStructure": 90
        }
    ]
}