{
    "FixedEquipment": [], 
    "Description": {
        "Cost": 3822360, 
        "Rarity": 2, 
        "Purchasable": true, 
        "Manufacturer": "", 
        "Model": "", 
        "UIName": "Trebuchet", 
        "Id": "chassisdef_trebuchet_TBT-3C", 
        "Name": "Trebuchet", 
        "Details": "The original Trebuchet as produced for the SLDF, it consisted of two Artemis IV-equipped LRM-15s with CASE, four medium lasers, double heat sinks, an Endo-Steel chassis and a 300-rated Extra Light Fusion Engine. However, the attrition of the First Succession War forced Corean Enterprises into redesigning the 'Mech without advanced technology to keep the production lines running.", 
        "Icon": "uixTxrIcon_trebuchet"
    }, 
    "VariantName": "TBT-3C", 
    "StockRole": "Fire Support", 
    "YangsThoughts": "A Star League variant thought to be lost in recent times, we may be the only Mercenary unit with the 3C in their mech bay.", 
    "PrefabIdentifier": "chrPrfMech_trebuchetBase-001", 
    "PrefabBase": "trebuchet", 
    "Tonnage": 50, 
    "InitialTonnage": 5, 
    "weightClass": "MEDIUM", 
    "BattleValue": 4665000, 
    "Heatsinks": 0, 
    "TopSpeed": 80, 
    "TurnRadius": 90, 
    "MaxJumpjets": 8, 
    "Stability": 130, 
    "StabilityDefenses": [
        0, 
        0, 
        0, 
        0, 
        0, 
        0
    ], 
    "SpotterDistanceMultiplier": 1, 
    "VisibilityMultiplier": 1, 
    "SensorRangeMultiplier": 1, 
    "Signature": 0, 
    "Radius": 5, 
    "PunchesWithLeftArm": true, 
    "AlwaysPunchIfPossible": false, 
    "EngageRangeModifier": 0, 
    "MeleeDamage": 65, 
    "MeleeInstability": 50, 
    "MeleeToHitModifier": 0, 
    "DFADamage": 65, 
    "DFAToHitModifier": 0, 
    "DFASelfDamage": 65, 
    "DFAInstability": 65, 
    "ChassisTags": {
        "items": [
            "mech_case_left", 
            "mech_case_right", 
            "chassis_endo", 
            "unit_mechtool"
        ], 
        "tagSetSourceFile": ""
    }, 
    "MechPartMax": 0, 
    "MovementCapDefID": "movedef_mediummech", 
    "PathingCapDefID": "pathingdef_medium", 
    "HardpointDataDefID": "hardpointdatadef_trebuchet", 
    "LOSSourcePositions": [
        {
            "x": 0, 
            "y": 15, 
            "z": 0
        }, 
        {
            "x": 4, 
            "y": 14, 
            "z": 0
        }, 
        {
            "x": -4, 
            "y": 14, 
            "z": 0
        }
    ], 
    "LOSTargetPositions": [
        {
            "x": 0, 
            "y": 15, 
            "z": 0
        }, 
        {
            "x": 4, 
            "y": 14, 
            "z": 0
        }, 
        {
            "x": -4, 
            "y": 14, 
            "z": 0
        }, 
        {
            "x": 2.5, 
            "y": 6, 
            "z": 2.5
        }, 
        {
            "x": -2.5, 
            "y": 6, 
            "z": 2.5
        }
    ], 
    "MechPartCount": 0, 
    "Locations": [
        {
            "Location": "Head", 
            "Hardpoints": [], 
            "Tonnage": 0, 
            "InventorySlots": 4, 
            "MaxArmor": 45, 
            "MaxRearArmor": -1, 
            "InternalStructure": 16
        }, 
        {
            "Location": "LeftArm", 
            "Hardpoints": [
                {
                    "Omni": false, 
                    "WeaponMount": "Missile"
                }, 
                {
                    "Omni": false, 
                    "WeaponMount": "Energy"
                }
            ], 
            "Tonnage": 0, 
            "InventorySlots": 12, 
            "MaxArmor": 80, 
            "MaxRearArmor": -1, 
            "InternalStructure": 40
        }, 
        {
            "Location": "LeftTorso", 
            "Hardpoints": [], 
            "Tonnage": 0, 
            "InventorySlots": 12, 
            "MaxArmor": 120, 
            "MaxRearArmor": 60, 
            "InternalStructure": 60
        }, 
        {
            "Location": "CenterTorso", 
            "Hardpoints": [
                {
                    "Omni": false, 
                    "WeaponMount": "Energy"
                }
            ], 
            "Tonnage": 0, 
            "InventorySlots": 16, 
            "MaxArmor": 160, 
            "MaxRearArmor": 80, 
            "InternalStructure": 80
        }, 
        {
            "Location": "RightTorso", 
            "Hardpoints": [
                {
                    "Omni": false, 
                    "WeaponMount": "Missile"
                }
            ], 
            "Tonnage": 0, 
            "InventorySlots": 12, 
            "MaxArmor": 120, 
            "MaxRearArmor": 60, 
            "InternalStructure": 60
        }, 
        {
            "Location": "RightArm", 
            "Hardpoints": [
                {
                    "Omni": false, 
                    "WeaponMount": "Energy"
                }, 
                {
                    "Omni": false, 
                    "WeaponMount": "Energy"
                }
            ], 
            "Tonnage": 0, 
            "InventorySlots": 12, 
            "MaxArmor": 80, 
            "MaxRearArmor": -1, 
            "InternalStructure": 40
        }, 
        {
            "Location": "LeftLeg", 
            "Hardpoints": [], 
            "Tonnage": 0, 
            "InventorySlots": 6, 
            "MaxArmor": 120, 
            "MaxRearArmor": -1, 
            "InternalStructure": 60
        }, 
        {
            "Location": "RightLeg", 
            "Hardpoints": [], 
            "Tonnage": 0, 
            "InventorySlots": 6, 
            "MaxArmor": 120, 
            "MaxRearArmor": -1, 
            "InternalStructure": 60
        }
    ]
}