{
    "FixedEquipment": [
        {
            "MountedLocation": "Head", 
            "ComponentDefID": "Gear_Cockpit_Integrated_Standard", 
            "SimGameUID": "", 
            "ComponentDefType": "Upgrade", 
            "HardpointSlot": -1, 
            "GUID": null, 
            "DamageLevel": "Functional", 
            "prefabName": "", 
            "hasPrefabName": true
        }
    ], 
    "Description": {
        "Cost": 1265250, 
        "Rarity": 1, 
        "Purchasable": true, 
        "Manufacturer": "", 
        "Model": "", 
        "UIName": "Wasp", 
        "Id": "chassisdef_wasp_WSP-1D-RV", 
        "Name": "Wasp", 
        "Details": "This approved -RV variant to the resilient WSP-1D of House Davion has been received poorly by pilots due to massive heat buildup in prolonged combat. Despite the adition of two Heat Sinks, heat generated by the three COIL-S energy weapons that replaced the previous Small Lasers can become difficult to manage and often is considered to be a regression on a previous good design. On paper this 'Mech has improved combat capability but real world performance has not lived up to the expectations.", 
        "Icon": "uixTxrIcon_wasp"
    }, 
    "VariantName": "WSP-1D-RV", 
    "StockRole": "Scout & Skirmisher", 
    "YangsThoughts": "The Wasp chassis has always been focused mostly on scouting and reconnaissance duty. This variant can shred an enemy 'Mech to pieces on paper but in real life it is firmly in the \"Glass Hammer\" category of configuration and combat doctrine with its weapon loadout tending to cook the pilot more often than the enemy. ", 
    "PrefabIdentifier": "chrPrfMech_waspHotD-001", 
    "PrefabBase": "wasp", 
    "Tonnage": 20, 
    "InitialTonnage": 2, 
    "weightClass": "LIGHT", 
    "BattleValue": 1642000, 
    "Heatsinks": 0, 
    "TopSpeed": 120, 
    "TurnRadius": 90, 
    "MaxJumpjets": 8, 
    "Stability": 100, 
    "StabilityDefenses": [
        0, 
        0, 
        0, 
        0, 
        0, 
        0
    ], 
    "SpotterDistanceMultiplier": 1, 
    "VisibilityMultiplier": 1, 
    "SensorRangeMultiplier": 1, 
    "Signature": 0, 
    "Radius": 4, 
    "PunchesWithLeftArm": false, 
    "AlwaysPunchIfPossible": false, 
    "EngageRangeModifier": 0, 
    "MeleeDamage": 30, 
    "MeleeInstability": 20, 
    "MeleeToHitModifier": 0, 
    "DFADamage": 25, 
    "DFAToHitModifier": 0, 
    "DFASelfDamage": 25, 
    "DFAInstability": 25, 
    "ChassisTags": {
        "items": [
            "IntegratedCockpit", 
            "unit_mechtool"
        ], 
        "tagSetSourceFile": ""
    }, 
    "MechPartMax": 0, 
    "MovementCapDefID": "movedef_lightmech", 
    "PathingCapDefID": "pathingdef_light", 
    "HardpointDataDefID": "hardpointdatadef_wasp", 
    "LOSSourcePositions": [
        {
            "x": 0, 
            "y": 10, 
            "z": 0.5
        }, 
        {
            "x": -2.5, 
            "y": 8, 
            "z": -0.5
        }, 
        {
            "x": 2.5, 
            "y": 8, 
            "z": -0.5
        }
    ], 
    "LOSTargetPositions": [
        {
            "x": 0, 
            "y": 10, 
            "z": 0.5
        }, 
        {
            "x": -2.5, 
            "y": 8, 
            "z": -0.5
        }, 
        {
            "x": 2.5, 
            "y": 8, 
            "z": -0.5
        }, 
        {
            "x": -1.5, 
            "y": 3, 
            "z": 0.5
        }, 
        {
            "x": 1.5, 
            "y": 3, 
            "z": 0.5
        }
    ], 
    "MechPartCount": 0, 
    "Locations": [
        {
            "Location": "Head", 
            "Hardpoints": [], 
            "Tonnage": 0, 
            "InventorySlots": 4, 
            "MaxArmor": 45, 
            "MaxRearArmor": -1, 
            "InternalStructure": 16
        }, 
        {
            "Location": "LeftArm", 
            "Hardpoints": [], 
            "Tonnage": 0, 
            "InventorySlots": 12, 
            "MaxArmor": 30, 
            "MaxRearArmor": -1, 
            "InternalStructure": 15
        }, 
        {
            "Location": "LeftTorso", 
            "Hardpoints": [
                {
                    "Omni": false, 
                    "WeaponMount": "AntiPersonnel"
                }, 
                {
                    "Omni": false, 
                    "WeaponMount": "AntiPersonnel"
                }
            ], 
            "Tonnage": 0, 
            "InventorySlots": 12, 
            "MaxArmor": 50, 
            "MaxRearArmor": 25, 
            "InternalStructure": 25
        }, 
        {
            "Location": "CenterTorso", 
            "Hardpoints": [], 
            "Tonnage": 0, 
            "InventorySlots": 16, 
            "MaxArmor": 60, 
            "MaxRearArmor": 30, 
            "InternalStructure": 30
        }, 
        {
            "Location": "RightTorso", 
            "Hardpoints": [], 
            "Tonnage": 0, 
            "InventorySlots": 12, 
            "MaxArmor": 50, 
            "MaxRearArmor": 25, 
            "InternalStructure": 25
        }, 
        {
            "Location": "RightArm", 
            "Hardpoints": [
                {
                    "Omni": false, 
                    "WeaponMount": "Energy"
                }, 
                {
                    "Omni": false, 
                    "WeaponMount": "AntiPersonnel"
                }
            ], 
            "Tonnage": 0, 
            "InventorySlots": 12, 
            "MaxArmor": 30, 
            "MaxRearArmor": -1, 
            "InternalStructure": 15
        }, 
        {
            "Location": "LeftLeg", 
            "Hardpoints": [
                {
                    "Omni": false, 
                    "WeaponMount": "AntiPersonnel"
                }
            ], 
            "Tonnage": 0, 
            "InventorySlots": 6, 
            "MaxArmor": 40, 
            "MaxRearArmor": -1, 
            "InternalStructure": 20
        }, 
        {
            "Location": "RightLeg", 
            "Hardpoints": [], 
            "Tonnage": 0, 
            "InventorySlots": 6, 
            "MaxArmor": 40, 
            "MaxRearArmor": -1, 
            "InternalStructure": 20
        }
    ]
}