{
    "FixedEquipment": [], 
    "Description": {
        "Cost": 6611000, 
        "Rarity": 5, 
        "Purchasable": false, 
        "Manufacturer": "", 
        "Model": "", 
        "UIName": "Catapult CPLT-C1", 
        "Id": "chassisdef_catapult_CPLT-C1_hero_occam", 
        "Name": "Occam's Missile", 
        "Details": "Ah, the Catapult C1. Just like its namesake, it's good at lobbing large numbers of missiles over terrain without fear of return fire. Surprisingly, it's also not too shabby at closer ranges in a pinch.", 
        "Icon": "uixTxrIcon_catapult"
    }, 
    "VariantName": "CPLT-C1", 
    "StockRole": "Heavy Fire Support", 
    "YangsThoughts": "Ah, the Catapult C1. Just like its namesake, it's good at lobbing large numbers of missiles over terrain without fear of return fire. Surprisingly, it's also not too shabby at closer ranges in a pinch.", 
    "PrefabIdentifier": "chrPrfMech_catapultBase-001", 
    "PrefabBase": "catapult", 
    "Tonnage": 65, 
    "InitialTonnage": 6.5, 
    "weightClass": "HEAVY", 
    "BattleValue": 7144000, 
    "Heatsinks": 0, 
    "TopSpeed": 64, 
    "TurnRadius": 90, 
    "MaxJumpjets": 6, 
    "Stability": 160, 
    "StabilityDefenses": [
        0, 
        0, 
        0, 
        0, 
        0, 
        0
    ], 
    "SpotterDistanceMultiplier": 1, 
    "VisibilityMultiplier": 1, 
    "SensorRangeMultiplier": 1, 
    "Signature": 0, 
    "Radius": 8, 
    "PunchesWithLeftArm": false, 
    "AlwaysPunchIfPossible": false, 
    "EngageRangeModifier": 0, 
    "MeleeDamage": 60, 
    "MeleeInstability": 65, 
    "MeleeToHitModifier": 0, 
    "DFADamage": 80, 
    "DFAToHitModifier": 0, 
    "DFASelfDamage": 80, 
    "DFAInstability": 80, 
    "ChassisTags": {
        "items": [
            "SidewaysEjectionSystem1",
        ], 
        "tagSetSourceFile": ""
    }, 
    "MechPartMax": 0, 
    "MovementCapDefID": "movedef_heavymech", 
    "PathingCapDefID": "pathingdef_heavy", 
    "HardpointDataDefID": "hardpointdatadef_catapult", 
    "LOSSourcePositions": [
        {
            "x": 0, 
            "y": 12, 
            "z": 1
        }, 
        {
            "x": 4, 
            "y": 12, 
            "z": 0
        }, 
        {
            "x": -4, 
            "y": 12, 
            "z": 0
        }
    ], 
    "LOSTargetPositions": [
        {
            "x": 0, 
            "y": 12, 
            "z": 1
        }, 
        {
            "x": 4, 
            "y": 12, 
            "z": 0
        }, 
        {
            "x": -4, 
            "y": 12, 
            "z": 0
        }, 
        {
            "x": 3, 
            "y": 5, 
            "z": 0
        }, 
        {
            "x": -3, 
            "y": 5, 
            "z": 0
        }
    ], 
    "MechPartCount": 0, 
    "Locations": [
        {
            "Location": "Head", 
            "Hardpoints": [], 
            "Tonnage": 0, 
            "InventorySlots": 4, 
            "MaxArmor": 45, 
            "MaxRearArmor": -1, 
            "InternalStructure": 16
        }, 
        {
            "Location": "LeftArm", 
            "Hardpoints": [
                {
                    "Omni": false, 
                    "WeaponMount": "Missile"
                }
            ], 
            "Tonnage": 0, 
            "InventorySlots": 12, 
            "MaxArmor": 100, 
            "MaxRearArmor": -1, 
            "InternalStructure": 50
        }, 
        {
            "Location": "LeftTorso", 
            "Hardpoints": [
                {
                    "Omni": false, 
                    "WeaponMount": "Energy"
                }, 
                {
                    "Omni": false, 
                    "WeaponMount": "Missile"
                }, 
                {
                    "Omni": false, 
                    "WeaponMount": "AntiPersonnel"
                }
            ], 
            "Tonnage": 0, 
            "InventorySlots": 12, 
            "MaxArmor": 150, 
            "MaxRearArmor": 75, 
            "InternalStructure": 75
        }, 
        {
            "Location": "CenterTorso", 
            "Hardpoints": [
                {
                    "Omni": false, 
                    "WeaponMount": "Energy"
                }, 
                {
                    "Omni": false, 
                    "WeaponMount": "Energy"
                }
            ], 
            "Tonnage": 0, 
            "InventorySlots": 16, 
            "MaxArmor": 210, 
            "MaxRearArmor": 105, 
            "InternalStructure": 105
        }, 
        {
            "Location": "RightTorso", 
            "Hardpoints": [
                {
                    "Omni": false, 
                    "WeaponMount": "Energy"
                }, 
                {
                    "Omni": false, 
                    "WeaponMount": "Missile"
                }, 
                {
                    "Omni": false, 
                    "WeaponMount": "AntiPersonnel"
                }
            ], 
            "Tonnage": 0, 
            "InventorySlots": 12, 
            "MaxArmor": 150, 
            "MaxRearArmor": 75, 
            "InternalStructure": 75
        }, 
        {
            "Location": "RightArm", 
            "Hardpoints": [
                {
                    "Omni": false, 
                    "WeaponMount": "Missile"
                }
            ], 
            "Tonnage": 0, 
            "InventorySlots": 12, 
            "MaxArmor": 100, 
            "MaxRearArmor": -1, 
            "InternalStructure": 50
        }, 
        {
            "Location": "LeftLeg", 
            "Hardpoints": [], 
            "Tonnage": 0, 
            "InventorySlots": 6, 
            "MaxArmor": 150, 
            "MaxRearArmor": -1, 
            "InternalStructure": 75
        }, 
        {
            "Location": "RightLeg", 
            "Hardpoints": [], 
            "Tonnage": 0, 
            "InventorySlots": 6, 
            "MaxArmor": 150, 
            "MaxRearArmor": -1, 
            "InternalStructure": 75
        }
    ]
}