{
	"Custom": {
		"ArmActuatorSupport": {
			"LeftLimit": "Lower",
			"RightLimit": "Lower"
		}
	},
	"Description": {
		"Cost": 13900000,
		"Rarity": 5,
		"Purchasable": false,
		"Manufacturer": "",
		"Model": "",
		"UIName": "King Crab KGC-000v",
		"Id": "chassisdef_kingcrab_KGC-000v_hero_vespinosa",
		"Name": "King Crab",
		"Details": "This customized King Crab was driven by Victoria Espinosa, of the short-lived Aurigan Directorate. Armed with the best weaponry the Directorate could manage to acquire, it was an absolute death machine against anything it could see. Now, the power rests in your hands. Be bold, Commander.",
		"Icon": "uixTxrIcon_kingcrab"
	},
	"MovementCapDefID": "movedef_kingcrab_KGC-0000",
	"PathingCapDefID": "pathingdef_assault",
	"HardpointDataDefID": "hardpointdatadef_kingcrab",
	"PrefabIdentifier": "chrPrfMech_kingcrabBase-001",
	"PrefabBase": "kingcrab",
	"Tonnage": 100,
	"InitialTonnage": 10,
	"weightClass": "ASSAULT",
	"BattleValue": 10206000,
	"Heatsinks": 0,
	"TopSpeed": 105,
	"TurnRadius": 90,
	"MaxJumpjets": 30,
	"Stability": 200,
	"StabilityDefenses": [
		0,
		0,
		0,
		0,
		0,
		0
	],
	"SpotterDistanceMultiplier": 1,
	"VisibilityMultiplier": 1,
	"SensorRangeMultiplier": 1,
	"Signature": 0,
	"Radius": 8,
	"PunchesWithLeftArm": false,
	"MeleeDamage": 125,
	"MeleeInstability": 100,
	"MeleeToHitModifier": 0,
	"DFADamage": 125,
	"DFAToHitModifier": 0,
	"DFASelfDamage": 125,
	"DFAInstability": 125,
	"Locations": [
		{
			"Location": "Head",
			"Hardpoints": [],
			"Tonnage": 0,
			"InventorySlots": 6,
			"MaxArmor": 45,
			"MaxRearArmor": -1,
			"InternalStructure": 16
		},
		{
			"Location": "LeftArm",
			"Hardpoints": [
				{
					"WeaponMount": "Ballistic",
					"Omni": false
				},
				{
					"WeaponMount": "Ballistic",
					"Omni": false
				},
				{
					"WeaponMount": "Ballistic",
					"Omni": false
				}
			],
			"Tonnage": 0,
			"InventorySlots": 12,
			"MaxArmor": 170,
			"MaxRearArmor": -1,
			"InternalStructure": 85
		},
		{
			"Location": "LeftTorso",
			"Hardpoints": [],
			"Tonnage": 0,
			"InventorySlots": 12,
			"MaxArmor": 210,
			"MaxRearArmor": 105,
			"InternalStructure": 105
		},
		{
			"Location": "CenterTorso",
			"Hardpoints": [],
			"Tonnage": 0,
			"InventorySlots": 15,
			"MaxArmor": 310,
			"MaxRearArmor": 155,
			"InternalStructure": 155
		},
		{
			"Location": "RightTorso",
			"Hardpoints": [
				{
					"WeaponMount": "Energy",
					"Omni": false
				},
				{
					"WeaponMount": "Energy",
					"Omni": false
				},
				{
					"WeaponMount": "Energy",
					"Omni": false
				},
				{
					"WeaponMount": "Energy",
					"Omni": false
				}
			],
			"Tonnage": 0,
			"InventorySlots": 12,
			"MaxArmor": 210,
			"MaxRearArmor": 105,
			"InternalStructure": 105
		},
		{
			"Location": "RightArm",
			"Hardpoints": [
				{
					"WeaponMount": "Ballistic",
					"Omni": false
				},
				{
					"WeaponMount": "Ballistic",
					"Omni": false
				},
				{
					"WeaponMount": "Ballistic",
					"Omni": false
				}
			],
			"Tonnage": 0,
			"InventorySlots": 12,
			"MaxArmor": 170,
			"MaxRearArmor": -1,
			"InternalStructure": 85
		},
		{
			"Location": "LeftLeg",
			"Hardpoints": [],
			"Tonnage": 0,
			"InventorySlots": 6,
			"MaxArmor": 210,
			"MaxRearArmor": -1,
			"InternalStructure": 105
		},
		{
			"Location": "RightLeg",
			"Hardpoints": [],
			"Tonnage": 0,
			"InventorySlots": 6,
			"MaxArmor": 210,
			"MaxRearArmor": -1,
			"InternalStructure": 105
		}
	],
	"LOSSourcePositions": [
		{
			"x": 0,
			"y": 14.5,
			"z": 0
		},
		{
			"x": 4,
			"y": 15,
			"z": -1
		},
		{
			"x": -4,
			"y": 15,
			"z": -1
		}
	],
	"LOSTargetPositions": [
		{
			"x": 0,
			"y": 14.5,
			"z": 0
		},
		{
			"x": 4,
			"y": 15,
			"z": -1
		},
		{
			"x": -4,
			"y": 15,
			"z": -1
		},
		{
			"x": 3.5,
			"y": 5.5,
			"z": -1
		},
		{
			"x": -3.5,
			"y": 5.5,
			"z": -1
		}
	],
	"FixedEquipment": [
		{
            "MountedLocation" : "CenterTorso",
            "ComponentDefID" : "emod_structureslots_standard",
            "ComponentDefType" : "Upgrade",
            "HardpointSlot" : -1,
            "DamageLevel" : "Functional",
            "prefabName" : "",
            "hasPrefabName" : true
        }
	],
	"VariantName": "KGC-000v",
	"ChassisTags": {
		"items": [],
		"tagSetSourceFile": ""
	},
	"StockRole": "Juggernaut & Close Assault",
	"YangsThoughts": "This customized King Crab was driven by Victoria Espinosa, of the short-lived Aurigan Directorate. Armed with the best weaponry the Directorate could manage to acquire, it was an absolute death machine against anything it could see. Now, the power rests in your hands. Be bold, Commander."
}