{
    "FixedEquipment": [], 
    "Description": {
        "Cost": 10268640, 
        "Rarity": 4, 
        "Purchasable": true, 
        "Manufacturer": "", 
        "Model": "", 
        "UIName": "Longbow", 
        "Id": "chassisdef_longbow_LGB-7Q", 
        "Name": "Longbow", 
        "Details": "The Longbow is one of the most well-known fire support 'Mechs in existence.  It has long been a trusted and reliable machine that can be counted on to carry out the mission it is designed for. Combined, the LRM launchers can put a devastating barrage of up to fifty missiles down range, while its two Medium Lasers help to protect it from light scouts that venture too close.", 
        "Icon": "uixTxrIcon_longbow"
    }, 
    "VariantName": "LGB-7Q", 
    "StockRole": "Heavy Artillery and Fire Support", 
    "YangsThoughts": "With the number of LRMs the LGB-7Q can toss into the sky, our enemies are going to be fighting in the shade.  Yeah, I couldn't resist a good Spartan joke... or is that more an Archer joke?", 
    "PrefabIdentifier": "chrprfmech_longbowbase-001", 
    "PrefabBase": "longbow", 
    "Tonnage": 85, 
    "InitialTonnage": 8.5, 
    "weightClass": "ASSAULT", 
    "BattleValue": 8821000, 
    "Heatsinks": 0, 
    "TopSpeed": 105, 
    "TurnRadius": 90, 
    "MaxJumpjets": 4, 
    "Stability": 200, 
    "StabilityDefenses": [
        0, 
        0, 
        0, 
        0, 
        0, 
        0
    ], 
    "SpotterDistanceMultiplier": 1, 
    "VisibilityMultiplier": 1, 
    "SensorRangeMultiplier": 1, 
    "Signature": 0, 
    "Radius": 8, 
    "PunchesWithLeftArm": false, 
    "AlwaysPunchIfPossible": false, 
    "EngageRangeModifier": 0, 
    "MeleeDamage": 55, 
    "MeleeInstability": 85, 
    "MeleeToHitModifier": 0, 
    "DFADamage": 105, 
    "DFAToHitModifier": 0, 
    "DFASelfDamage": 105, 
    "DFAInstability": 105, 
    "ChassisTags": {
        "items": [
            "unit_mechtool"
        ], 
        "tagSetSourceFile": ""
    }, 
    "MechPartMax": 0, 
    "MovementCapDefID": "movedef_assaultmech", 
    "PathingCapDefID": "pathingdef_assault", 
    "HardpointDataDefID": "hardpointdatadef_longbow", 
    "LOSSourcePositions": [
        {
            "x": 0, 
            "y": 15, 
            "z": 0
        }, 
        {
            "x": 3.5, 
            "y": 16, 
            "z": -1
        }, 
        {
            "x": -3.5, 
            "y": 16, 
            "z": -1
        }
    ], 
    "LOSTargetPositions": [
        {
            "x": 0, 
            "y": 15, 
            "z": 0
        }, 
        {
            "x": 3.5, 
            "y": 16, 
            "z": -1
        }, 
        {
            "x": -3.5, 
            "y": 16, 
            "z": -1
        }, 
        {
            "x": 3.5, 
            "y": 6, 
            "z": 1
        }, 
        {
            "x": -3.5, 
            "y": 6, 
            "z": 1
        }
    ], 
    "MechPartCount": 0, 
    "Locations": [
        {
            "Location": "Head", 
            "Hardpoints": [], 
            "Tonnage": 0, 
            "InventorySlots": 4, 
            "MaxArmor": 45, 
            "MaxRearArmor": -1, 
            "InternalStructure": 16
        }, 
        {
            "Location": "LeftArm", 
            "Hardpoints": [
                {
                    "Omni": false, 
                    "WeaponMount": "Missile"
                }, 
                {
                    "Omni": false, 
                    "WeaponMount": "Missile"
                }
            ], 
            "Tonnage": 0, 
            "InventorySlots": 12, 
            "MaxArmor": 140, 
            "MaxRearArmor": -1, 
            "InternalStructure": 70
        }, 
        {
            "Location": "LeftTorso", 
            "Hardpoints": [
                {
                    "Omni": false, 
                    "WeaponMount": "Energy"
                }, 
                {
                    "Omni": false, 
                    "WeaponMount": "Missile"
                }
            ], 
            "Tonnage": 0, 
            "InventorySlots": 12, 
            "MaxArmor": 180, 
            "MaxRearArmor": 90, 
            "InternalStructure": 90
        }, 
        {
            "Location": "CenterTorso", 
            "Hardpoints": [], 
            "Tonnage": 0, 
            "InventorySlots": 16, 
            "MaxArmor": 270, 
            "MaxRearArmor": 135, 
            "InternalStructure": 135
        }, 
        {
            "Location": "RightTorso", 
            "Hardpoints": [
                {
                    "Omni": false, 
                    "WeaponMount": "Energy"
                }, 
                {
                    "Omni": false, 
                    "WeaponMount": "Missile"
                }
            ], 
            "Tonnage": 0, 
            "InventorySlots": 12, 
            "MaxArmor": 180, 
            "MaxRearArmor": 90, 
            "InternalStructure": 90
        }, 
        {
            "Location": "RightArm", 
            "Hardpoints": [
                {
                    "Omni": false, 
                    "WeaponMount": "Missile"
                }, 
                {
                    "Omni": false, 
                    "WeaponMount": "Missile"
                }
            ], 
            "Tonnage": 0, 
            "InventorySlots": 12, 
            "MaxArmor": 140, 
            "MaxRearArmor": -1, 
            "InternalStructure": 70
        }, 
        {
            "Location": "LeftLeg", 
            "Hardpoints": [], 
            "Tonnage": 0, 
            "InventorySlots": 6, 
            "MaxArmor": 180, 
            "MaxRearArmor": -1, 
            "InternalStructure": 90
        }, 
        {
            "Location": "RightLeg", 
            "Hardpoints": [], 
            "Tonnage": 0, 
            "InventorySlots": 6, 
            "MaxArmor": 180, 
            "MaxRearArmor": -1, 
            "InternalStructure": 90
        }
    ]
}