{
    "FixedEquipment": [], 
    "Description": {
        "Cost": 7181440, 
        "Rarity": 4, 
        "Purchasable": true, 
        "Manufacturer": "", 
        "Model": "", 
        "UIName": "Archer", 
        "Id": "chassisdef_archer_ARC-5R", 
        "Name": "Archer", 
        "Details": "Built by the GKT Enterprise factory on Satalice for the Free Rasalhague Republic, the 5R was introduced in 3050 and bore similarities to the 2K model of the Archer. It carried a pair of FarFire LRM-15 launchers but mounted two Victory Nickel Alloy ER Large Lasers, one in either arm, in place of the medium lasers. It also linked Artemis IV fire control systems to the launchers and utilized twelve double heat sinks to improve waste heat dissipation. Despite being built around an Endo-Steel chassis, these improvements necessitated a decrease in armor protection by two tons.", 
        "Icon": "uixTxrIcon_archerorig"
    }, 
    "VariantName": "ARC-5R", 
    "StockRole": "Heavy Support", 
    "YangsThoughts": "Built by the GKT Enterprise factory on Satalice for the Free Rasalhague Republic, the 5R was introduced in 3050 and bore similarities to the 2K model of the Archer. It carried a pair of FarFire LRM-15 launchers but mounted two Victory Nickel Alloy ER Large Lasers, one in either arm, in place of the medium lasers. It also linked Artemis IV fire control systems to the launchers and utilized twelve double heat sinks to improve waste heat dissipation. Despite being built around an Endo-Steel chassis, these improvements necessitated a decrease in armor protection by two tons.", 
    "PrefabIdentifier": "chrPrfMech_archerBase-001", 
    "PrefabBase": "archer", 
    "Tonnage": 70, 
    "InitialTonnage": 7, 
    "weightClass": "HEAVY", 
    "BattleValue": 7124000, 
    "Heatsinks": 0, 
    "TopSpeed": 64, 
    "TurnRadius": 90, 
    "MaxJumpjets": 5, 
    "Stability": 100, 
    "StabilityDefenses": [
        0, 
        0, 
        0, 
        0, 
        0, 
        0
    ], 
    "SpotterDistanceMultiplier": 1, 
    "VisibilityMultiplier": 1, 
    "SensorRangeMultiplier": 1, 
    "Signature": 0, 
    "Radius": 8, 
    "PunchesWithLeftArm": true, 
    "AlwaysPunchIfPossible": false, 
    "EngageRangeModifier": 0, 
    "MeleeDamage": 35, 
    "MeleeInstability": 18, 
    "MeleeToHitModifier": 0, 
    "DFADamage": 70, 
    "DFAToHitModifier": 0, 
    "DFASelfDamage": 70, 
    "DFAInstability": 35, 
    "ChassisTags": {
        "items": [
            "MissilerySuite", 
            "unit_mechtool"
        ], 
        "tagSetSourceFile": ""
    }, 
    "MechPartMax": 0, 
    "MovementCapDefID": "movedef_heavymech", 
    "PathingCapDefID": "pathingdef_heavy", 
    "HardpointDataDefID": "hardpointdatadef_archer", 
    "LOSSourcePositions": [
        {
            "x": 0, 
            "y": 18, 
            "z": 0
        }, 
        {
            "x": 4, 
            "y": 17, 
            "z": 0
        }, 
        {
            "x": -4, 
            "y": 17, 
            "z": 0
        }
    ], 
    "LOSTargetPositions": [
        {
            "x": 0, 
            "y": 18, 
            "z": 0
        }, 
        {
            "x": 4, 
            "y": 17, 
            "z": 0
        }, 
        {
            "x": -4, 
            "y": 17, 
            "z": 0
        }, 
        {
            "x": 3, 
            "y": 5, 
            "z": 0
        }, 
        {
            "x": -3, 
            "y": 5, 
            "z": 0
        }
    ], 
    "MechPartCount": 0, 
    "Locations": [
        {
            "Location": "Head", 
            "Hardpoints": [], 
            "Tonnage": 0, 
            "InventorySlots": 4, 
            "MaxArmor": 45, 
            "MaxRearArmor": -1, 
            "InternalStructure": 16
        }, 
        {
            "Location": "LeftArm", 
            "Hardpoints": [
                {
                    "Omni": false, 
                    "WeaponMount": "Energy"
                }
            ], 
            "Tonnage": 0, 
            "InventorySlots": 12, 
            "MaxArmor": 110, 
            "MaxRearArmor": -1, 
            "InternalStructure": 55
        }, 
        {
            "Location": "LeftTorso", 
            "Hardpoints": [
                {
                    "Omni": false, 
                    "WeaponMount": "Missile"
                }, 
                {
                    "Omni": false, 
                    "WeaponMount": "Missile"
                }
            ], 
            "Tonnage": 0, 
            "InventorySlots": 12, 
            "MaxArmor": 150, 
            "MaxRearArmor": 75, 
            "InternalStructure": 75
        }, 
        {
            "Location": "CenterTorso", 
            "Hardpoints": [
                {
                    "Omni": false, 
                    "WeaponMount": "Energy"
                }, 
                {
                    "Omni": false, 
                    "WeaponMount": "Energy"
                }, 
                {
                    "Omni": false, 
                    "WeaponMount": "NotSet"
                }, 
                {
                    "Omni": false, 
                    "WeaponMount": "NotSet"
                }, 
                {
                    "Omni": false, 
                    "WeaponMount": "NotSet"
                }, 
                {
                    "Omni": false, 
                    "WeaponMount": "NotSet"
                }
            ], 
            "Tonnage": 0, 
            "InventorySlots": 16, 
            "MaxArmor": 220, 
            "MaxRearArmor": 110, 
            "InternalStructure": 110
        }, 
        {
            "Location": "RightTorso", 
            "Hardpoints": [
                {
                    "Omni": false, 
                    "WeaponMount": "Missile"
                }, 
                {
                    "Omni": false, 
                    "WeaponMount": "Missile"
                }
            ], 
            "Tonnage": 0, 
            "InventorySlots": 12, 
            "MaxArmor": 150, 
            "MaxRearArmor": 75, 
            "InternalStructure": 75
        }, 
        {
            "Location": "RightArm", 
            "Hardpoints": [
                {
                    "Omni": false, 
                    "WeaponMount": "Energy"
                }
            ], 
            "Tonnage": 0, 
            "InventorySlots": 12, 
            "MaxArmor": 110, 
            "MaxRearArmor": -1, 
            "InternalStructure": 55
        }, 
        {
            "Location": "LeftLeg", 
            "Hardpoints": [], 
            "Tonnage": 0, 
            "InventorySlots": 6, 
            "MaxArmor": 150, 
            "MaxRearArmor": -1, 
            "InternalStructure": 75
        }, 
        {
            "Location": "RightLeg", 
            "Hardpoints": [], 
            "Tonnage": 0, 
            "InventorySlots": 6, 
            "MaxArmor": 150, 
            "MaxRearArmor": -1, 
            "InternalStructure": 75
        }
    ]
}