{
  "FixedEquipment": [],
  "Description": {
    "Cost": 5900000,
    "Rarity": 2,
    "Purchasable": true,
    "Manufacturer": "",
    "Model": "",
    "UIName": "Black Hawk-KU",
    "Id": "chassisdef_blackhawkku_BHKU-OA",
    "Name": "Black Hawk-KU",
    "Details": "The Black Hawk-KU is an Inner Sphere version of the Clan Black Hawk OmniMech. In order to make it possible to copy the Black Hawk, the Black Hawk-KU is built ten tons heavier than its Clan counterpart.",
    "Icon": "uixTxrIcon_blackhawkku"
  },
  "MovementCapDefID": "movedef_heavymech",
  "PathingCapDefID": "pathingdef_heavy",
  "HardpointDataDefID": "hardpointdatadef_nova",
  "PrefabIdentifier": "chrprfmech_novabase-001",
  "PrefabBase": "nova",
  "Tonnage": 60.0,
  "InitialTonnage": 6.0,
  "weightClass": "HEAVY",
  "BattleValue": 5383000.0,
  "Heatsinks": 0,
  "TopSpeed": 150,
  "TurnRadius": 90,
  "MaxJumpjets": 5,
  "Stability": 160,
  "StabilityDefenses": [
    0,
    0,
    0,
    0,
    0,
    0
  ],
  "SpotterDistanceMultiplier": 1,
  "VisibilityMultiplier": 1,
  "SensorRangeMultiplier": 1,
  "Signature": 0,
  "Radius": 8,
  "PunchesWithLeftArm": false,
  "MeleeDamage": 45,
  "MeleeInstability": 60,
  "MeleeToHitModifier": 0,
  "DFADamage": 75,
  "DFAToHitModifier": 0,
  "DFASelfDamage": 75,
  "DFAInstability": 75,
  "Locations": [
    {
      "Location": "Head",
      "Hardpoints": [],
      "Tonnage": 0.0,
      "InventorySlots": 4,
      "MaxArmor": 45,
      "MaxRearArmor": -1,
      "InternalStructure": 16
    },
    {
      "Location": "LeftArm",
      "Hardpoints": [
        {
          "WeaponMount": "Energy",
          "Omni": false
        },
        {
          "WeaponMount": "Missile",
          "Omni": true
        },
        {
          "WeaponMount": "Ballistic",
          "Omni": true
        }
      ],
      "Tonnage": 0.0,
      "InventorySlots": 12,
      "MaxArmor": 100,
      "MaxRearArmor": -1,
      "InternalStructure": 50
    },
    {
      "Location": "LeftTorso",
      "Hardpoints": [
        {
          "WeaponMount": "AntiPersonnel",
          "Omni": false
        }
      ],
      "Tonnage": 0.0,
      "InventorySlots": 12,
      "MaxArmor": 140,
      "MaxRearArmor": 70,
      "InternalStructure": 70
    },
    {
      "Location": "CenterTorso",
      "Hardpoints": [],
      "Tonnage": 0.0,
      "InventorySlots": 16,
      "MaxArmor": 200,
      "MaxRearArmor": 100,
      "InternalStructure": 100
    },
    {
      "Location": "RightTorso",
      "Hardpoints": [
        {
          "WeaponMount": "AntiPersonnel",
          "Omni": false
        }
      ],
      "Tonnage": 0.0,
      "InventorySlots": 12,
      "MaxArmor": 140,
      "MaxRearArmor": 70,
      "InternalStructure": 70
    },
    {
      "Location": "RightArm",
      "Hardpoints": [
        {
          "WeaponMount": "Energy",
          "Omni": false
        },
        {
          "WeaponMount": "Missile",
          "Omni": true
        },
        {
          "WeaponMount": "Ballistic",
          "Omni": true
        }
      ],
      "Tonnage": 0.0,
      "InventorySlots": 12,
      "MaxArmor": 100,
      "MaxRearArmor": -1,
      "InternalStructure": 50
    },
    {
      "Location": "LeftLeg",
      "Hardpoints": [],
      "Tonnage": 0.0,
      "InventorySlots": 6,
      "MaxArmor": 140,
      "MaxRearArmor": -1,
      "InternalStructure": 70
    },
    {
      "Location": "RightLeg",
      "Hardpoints": [],
      "Tonnage": 0.0,
      "InventorySlots": 6,
      "MaxArmor": 140,
      "MaxRearArmor": -1,
      "InternalStructure": 70
    }
  ],
  "LOSSourcePositions": [
    {
      "x": 0.0,
      "y": 13.0,
      "z": 1.0
    },
    {
      "x": 3.0,
      "y": 13.0,
      "z": 0.0
    },
    {
      "x": -3.0,
      "y": 13.0,
      "z": 0.0
    }
  ],
  "LOSTargetPositions": [
    {
      "x": 0.0,
      "y": 13.0,
      "z": 1.0
    },
    {
      "x": 3.0,
      "y": 13.0,
      "z": 0.0
    },
    {
      "x": -3.0,
      "y": 13.0,
      "z": 0.0
    },
    {
      "x": 2.0,
      "y": 5.0,
      "z": 0.0
    },
    {
      "x": -2.0,
      "y": 5.0,
      "z": 0.0
    }
  ],
  "VariantName": "BHKU-OA",
  "ChassisTags": {
    "items": [
      "mr-resize-1.02-1.13-1.08",
      "chassis_omni"
    ],
    "tagSetSourceFile": ""
  },
  "StockRole": "Skirmisher & Brawler",
  "YangsThoughts": "The Dragon 1N is a beefy machine that can take a serious beating but tends to be a bit light on weaponry. It moves fast for a heavy 'Mech, though, which makes it well suited to closing for Melee attacks against slower targets."
}