{
    "FixedEquipment": [], 
    "Description": {
        "Cost": 7283490, 
        "Rarity": 5, 
        "Purchasable": true, 
        "Manufacturer": "", 
        "Model": "", 
        "UIName": "Marauder", 
        "Id": "chassisdef_marauder_MAD-3M", 
        "Name": "Marauder", 
        "Details": "The 3M was introduced in 2873 specially for the Free Worlds League. Because of the abundance of large lasers built by that realm, the 3M model carried two large lasers in place of the PPCs. While running cooler than the weapons they replaced, the large lasers also caused slightly less damage. Additionally, the 3M added four heat sinks to the design, making the 'Mech much more manageable for pilots who have trouble with overheating their 'Mechs.", 
        "Icon": "uixTxrIcon_marauder"
    }, 
    "VariantName": "MAD-3M", 
    "StockRole": "Sniper & Ranged Assault", 
    "YangsThoughts": "I'm not sure if the trade off in overall firepower and range on the MAD-3R is worth it or not, but at least the lower heat profile will allow you to fire everything more frequently, helping to balance things out.", 
    "PrefabIdentifier": "chrPrfMech_marauderBase-001", 
    "PrefabBase": "marauder", 
    "Tonnage": 75, 
    "InitialTonnage": 7.5, 
    "weightClass": "HEAVY", 
    "BattleValue": 7124000, 
    "Heatsinks": 0, 
    "TopSpeed": 64, 
    "TurnRadius": 90, 
    "MaxJumpjets": 5, 
    "Stability": 160, 
    "StabilityDefenses": [
        0, 
        0, 
        0, 
        0, 
        0, 
        0
    ], 
    "SpotterDistanceMultiplier": 1, 
    "VisibilityMultiplier": 1, 
    "SensorRangeMultiplier": 1, 
    "Signature": 0, 
    "Radius": 8, 
    "PunchesWithLeftArm": false, 
    "AlwaysPunchIfPossible": false, 
    "EngageRangeModifier": 0, 
    "MeleeDamage": 70, 
    "MeleeInstability": 75, 
    "MeleeToHitModifier": 0, 
    "DFADamage": 95, 
    "DFAToHitModifier": 0, 
    "DFASelfDamage": 95, 
    "DFAInstability": 95, 
    "ChassisTags": {
        "items": [
            "unit_mechtool"
        ], 
        "tagSetSourceFile": ""
    }, 
    "MechPartMax": 0, 
    "MovementCapDefID": "movedef_heavymech", 
    "PathingCapDefID": "pathingdef_heavy", 
    "HardpointDataDefID": "hardpointdatadef_marauder", 
    "LOSSourcePositions": [
        {
            "x": 0, 
            "y": 14, 
            "z": 1
        }, 
        {
            "x": 3, 
            "y": 13, 
            "z": -1
        }, 
        {
            "x": -3, 
            "y": 13, 
            "z": -1
        }
    ], 
    "LOSTargetPositions": [
        {
            "x": 0, 
            "y": 14, 
            "z": 1
        }, 
        {
            "x": 3, 
            "y": 13, 
            "z": -1
        }, 
        {
            "x": -3, 
            "y": 13, 
            "z": -1
        }, 
        {
            "x": 2.5, 
            "y": 7, 
            "z": -2.5
        }, 
        {
            "x": -2.5, 
            "y": 7, 
            "z": -2.5
        }
    ], 
    "MechPartCount": 0, 
    "Locations": [
        {
            "Location": "Head", 
            "Hardpoints": [], 
            "Tonnage": 0, 
            "InventorySlots": 4, 
            "MaxArmor": 45, 
            "MaxRearArmor": -1, 
            "InternalStructure": 16
        }, 
        {
            "Location": "LeftArm", 
            "Hardpoints": [
                {
                    "Omni": false, 
                    "WeaponMount": "Energy"
                }, 
                {
                    "Omni": false, 
                    "WeaponMount": "Energy"
                }, 
                {
                    "Omni": false, 
                    "WeaponMount": "AntiPersonnel"
                }
            ], 
            "Tonnage": 0, 
            "InventorySlots": 12, 
            "MaxArmor": 120, 
            "MaxRearArmor": -1, 
            "InternalStructure": 60
        }, 
        {
            "Location": "LeftTorso", 
            "Hardpoints": [], 
            "Tonnage": 0, 
            "InventorySlots": 12, 
            "MaxArmor": 160, 
            "MaxRearArmor": 80, 
            "InternalStructure": 80
        }, 
        {
            "Location": "CenterTorso", 
            "Hardpoints": [], 
            "Tonnage": 0, 
            "InventorySlots": 16, 
            "MaxArmor": 230, 
            "MaxRearArmor": 115, 
            "InternalStructure": 115
        }, 
        {
            "Location": "RightTorso", 
            "Hardpoints": [
                {
                    "Omni": false, 
                    "WeaponMount": "Ballistic"
                }
            ], 
            "Tonnage": 0, 
            "InventorySlots": 12, 
            "MaxArmor": 160, 
            "MaxRearArmor": 80, 
            "InternalStructure": 80
        }, 
        {
            "Location": "RightArm", 
            "Hardpoints": [
                {
                    "Omni": false, 
                    "WeaponMount": "Energy"
                }, 
                {
                    "Omni": false, 
                    "WeaponMount": "Energy"
                }, 
                {
                    "Omni": false, 
                    "WeaponMount": "AntiPersonnel"
                }
            ], 
            "Tonnage": 0, 
            "InventorySlots": 12, 
            "MaxArmor": 120, 
            "MaxRearArmor": -1, 
            "InternalStructure": 60
        }, 
        {
            "Location": "LeftLeg", 
            "Hardpoints": [], 
            "Tonnage": 0, 
            "InventorySlots": 6, 
            "MaxArmor": 160, 
            "MaxRearArmor": -1, 
            "InternalStructure": 80
        }, 
        {
            "Location": "RightLeg", 
            "Hardpoints": [], 
            "Tonnage": 0, 
            "InventorySlots": 6, 
            "MaxArmor": 160, 
            "MaxRearArmor": -1, 
            "InternalStructure": 80
        }
    ]
}