{
    "FixedEquipment": [], 
    "Description": {
        "Cost": 10909810, 
        "Rarity": 5, 
        "Purchasable": false, 
        "Manufacturer": "", 
        "Model": "", 
        "UIName": "Cyclops CP-10-Z", 
        "Id": "chassisdef_cyclops_CP-10-Z_hero_jupiter", 
        "Name": "Jupiter", 
        "Details": "This highly customized retrofit - called Jupiter - carries a pair of ER PPCs, a small caliber auto-cannon as well as an LRM10 for long range engagements. The built-in double heatsinking technology allows it to constantly bring its weapons to bear without running hot. At closer ranges the pilot can also call on 4 medium lasers to keep lighter harrassment units and brawlers  on their toes.", 
        "Icon": "uixTxrIcon_cyclops"
    }, 
    "VariantName": "CP-10-Z", 
    "StockRole": "Command & Fire Support", 
    "YangsThoughts": "Cyclops 10-Zs use their imposing presence and unique communications equipment to control the battlefield. While the 10-Z carries a lethal array of close range weaponry, its primary role is command and control, bolstering friendly units with its specialized battle computer.", 
    "PrefabIdentifier": "chrPrfMech_cyclopsBase-001", 
    "PrefabBase": "cyclops", 
    "Tonnage": 90, 
    "InitialTonnage": 9, 
    "weightClass": "ASSAULT", 
    "BattleValue": 0, 
    "Heatsinks": 0, 
    "TopSpeed": 105, 
    "TurnRadius": 90, 
    "MaxJumpjets": 4, 
    "Stability": 200, 
    "StabilityDefenses": [
        0, 
        0, 
        0, 
        0, 
        0, 
        0
    ], 
    "SpotterDistanceMultiplier": 1, 
    "VisibilityMultiplier": 1, 
    "SensorRangeMultiplier": 1, 
    "Signature": 0, 
    "Radius": 8, 
    "PunchesWithLeftArm": false, 
    "AlwaysPunchIfPossible": false, 
    "EngageRangeModifier": 0, 
    "MeleeDamage": 115, 
    "MeleeInstability": 90, 
    "MeleeToHitModifier": 0, 
    "DFADamage": 115, 
    "DFAToHitModifier": 0, 
    "DFASelfDamage": 115, 
    "DFAInstability": 115, 
    "ChassisTags": {
        "items": [
            "Retrofitted", 
        ], 
        "tagSetSourceFile": ""
    }, 
    "MechPartMax": 0, 
    "MovementCapDefID": "movedef_assaultmech", 
    "PathingCapDefID": "pathingdef_assault", 
    "HardpointDataDefID": "hardpointdatadef_cyclops", 
    "LOSSourcePositions": [
        {
            "x": 0, 
            "y": 17, 
            "z": 0
        }, 
        {
            "x": 5, 
            "y": 16, 
            "z": -1
        }, 
        {
            "x": -5, 
            "y": 16, 
            "z": -1
        }
    ], 
    "LOSTargetPositions": [
        {
            "x": 0, 
            "y": 17, 
            "z": 0
        }, 
        {
            "x": 5, 
            "y": 16, 
            "z": -1
        }, 
        {
            "x": -5, 
            "y": 16, 
            "z": -1
        }, 
        {
            "x": 3.5, 
            "y": 5.5, 
            "z": 1
        }, 
        {
            "x": -3.5, 
            "y": 5.5, 
            "z": 1
        }
    ], 
    "MechPartCount": 0, 
    "Locations": [
        {
            "Location": "Head", 
            "Hardpoints": [], 
            "Tonnage": 0, 
            "InventorySlots": 4, 
            "MaxArmor": 45, 
            "MaxRearArmor": -1, 
            "InternalStructure": 16
        }, 
        {
            "Location": "LeftArm", 
            "Hardpoints": [
                {
                    "Omni": false, 
                    "WeaponMount": "Energy"
                }, 
                {
                    "Omni": false, 
                    "WeaponMount": "Energy"
                }, 
                {
                    "Omni": false, 
                    "WeaponMount": "Energy"
                }
            ], 
            "Tonnage": 0, 
            "InventorySlots": 12, 
            "MaxArmor": 150, 
            "MaxRearArmor": -1, 
            "InternalStructure": 75
        }, 
        {
            "Location": "LeftTorso", 
            "Hardpoints": [
                {
                    "Omni": false, 
                    "WeaponMount": "Missile"
                }
            ], 
            "Tonnage": 0, 
            "InventorySlots": 12, 
            "MaxArmor": 190, 
            "MaxRearArmor": 95, 
            "InternalStructure": 95
        }, 
        {
            "Location": "CenterTorso", 
            "Hardpoints": [
                {
                    "Omni": false, 
                    "WeaponMount": "Missile"
                }
            ], 
            "Tonnage": 0, 
            "InventorySlots": 16, 
            "MaxArmor": 290, 
            "MaxRearArmor": 145, 
            "InternalStructure": 145
        }, 
        {
            "Location": "RightTorso", 
            "Hardpoints": [
                {
                    "Omni": false, 
                    "WeaponMount": "Ballistic"
                }
            ], 
            "Tonnage": 0, 
            "InventorySlots": 12, 
            "MaxArmor": 190, 
            "MaxRearArmor": 95, 
            "InternalStructure": 95
        }, 
        {
            "Location": "RightArm", 
            "Hardpoints": [
                {
                    "Omni": false, 
                    "WeaponMount": "Energy"
                }, 
                {
                    "Omni": false, 
                    "WeaponMount": "Energy"
                }, 
                {
                    "Omni": false, 
                    "WeaponMount": "Energy"
                }
            ], 
            "Tonnage": 0, 
            "InventorySlots": 12, 
            "MaxArmor": 150, 
            "MaxRearArmor": -1, 
            "InternalStructure": 75
        }, 
        {
            "Location": "LeftLeg", 
            "Hardpoints": [], 
            "Tonnage": 0, 
            "InventorySlots": 6, 
            "MaxArmor": 190, 
            "MaxRearArmor": -1, 
            "InternalStructure": 95
        }, 
        {
            "Location": "RightLeg", 
            "Hardpoints": [], 
            "Tonnage": 0, 
            "InventorySlots": 6, 
            "MaxArmor": 190, 
            "MaxRearArmor": -1, 
            "InternalStructure": 95
        }
    ]
}