{
    "FixedEquipment": [], 
    "Description": {
        "Cost": 1952640, 
        "Rarity": 1, 
        "Purchasable": true, 
        "Manufacturer": "", 
        "Model": "", 
        "UIName": "Wolfhound", 
        "Id": "chassisdef_wolfhound_WLF-1B-RV", 
        "Name": "Wolfhound", 
        "Details": "The Wolfound 1B-RV is fast becoming a common field refit of a refit thanks in no small part to a pirate  'Mech in this configuration being made popular during a recent unsanctioned episode of The Bounty Hunter that took place in Aurigan space near the end of 3031. This variant is unique in that it replaces the Large Laser with a COIL-L energy platform while removing completely the two Center Torso mounted Medium Lasers and fitting an extra Heat Sink.", 
        "Icon": "uixTxrIcon_wolfhound"
    }, 
    "VariantName": "WLF-1B-RV", 
    "StockRole": "Sniper & Light Brawler", 
    "YangsThoughts": "Bottom line up front; it looks like a refit of a refit of an odd 'Mech with a cool name. The COIL-L it packs will do some serious damage and the rest will fill in the gap when it gets too hot. Seems like we have ourselves a straight forward decent 'switch-hitter' on our hands.", 
    "PrefabIdentifier": "chrprfmech_wolfhoundbase-001", 
    "PrefabBase": "wolfhound", 
    "Tonnage": 35, 
    "InitialTonnage": 3.5, 
    "weightClass": "LIGHT", 
    "BattleValue": 3087000, 
    "Heatsinks": 0, 
    "TopSpeed": 85, 
    "TurnRadius": 90, 
    "MaxJumpjets": 8, 
    "Stability": 100, 
    "StabilityDefenses": [
        0, 
        0, 
        0, 
        0, 
        0, 
        0
    ], 
    "SpotterDistanceMultiplier": 1, 
    "VisibilityMultiplier": 1, 
    "SensorRangeMultiplier": 1, 
    "Signature": 0, 
    "Radius": 4, 
    "PunchesWithLeftArm": false, 
    "AlwaysPunchIfPossible": false, 
    "EngageRangeModifier": 0, 
    "MeleeDamage": 50, 
    "MeleeInstability": 35, 
    "MeleeToHitModifier": 0, 
    "DFADamage": 35, 
    "DFAToHitModifier": 0, 
    "DFASelfDamage": 35, 
    "DFAInstability": 35, 
    "ChassisTags": {
        "items": [
            "EnergySpecialization", 
            "unit_mechtool"
        ], 
        "tagSetSourceFile": ""
    }, 
    "MechPartMax": 0, 
    "MovementCapDefID": "movedef_lightmech", 
    "PathingCapDefID": "pathingdef_light", 
    "HardpointDataDefID": "hardpointdatadef_wolfhound", 
    "LOSSourcePositions": [
        {
            "x": 0, 
            "y": 13, 
            "z": 0
        }, 
        {
            "x": -3.5, 
            "y": 12, 
            "z": 0
        }, 
        {
            "x": 3.5, 
            "y": 12, 
            "z": 0
        }
    ], 
    "LOSTargetPositions": [
        {
            "x": 0, 
            "y": 13, 
            "z": 0
        }, 
        {
            "x": -3.5, 
            "y": 12, 
            "z": 0
        }, 
        {
            "x": 3.5, 
            "y": 12, 
            "z": 0
        }, 
        {
            "x": -2, 
            "y": 4, 
            "z": 0.5
        }, 
        {
            "x": 2, 
            "y": 4, 
            "z": 0.5
        }
    ], 
    "MechPartCount": 0, 
    "Locations": [
        {
            "Location": "Head", 
            "Hardpoints": [], 
            "Tonnage": 1, 
            "InventorySlots": 4, 
            "MaxArmor": 45, 
            "MaxRearArmor": -1, 
            "InternalStructure": 16
        }, 
        {
            "Location": "LeftArm", 
            "Hardpoints": [], 
            "Tonnage": 0, 
            "InventorySlots": 12, 
            "MaxArmor": 60, 
            "MaxRearArmor": -1, 
            "InternalStructure": 30
        }, 
        {
            "Location": "LeftTorso", 
            "Hardpoints": [
                {
                    "Omni": false, 
                    "WeaponMount": "Energy"
                }, 
                {
                    "Omni": false, 
                    "WeaponMount": "AntiPersonnel"
                }
            ], 
            "Tonnage": 0, 
            "InventorySlots": 12, 
            "MaxArmor": 80, 
            "MaxRearArmor": 40, 
            "InternalStructure": 40
        }, 
        {
            "Location": "CenterTorso", 
            "Hardpoints": [
                {
                    "Omni": false, 
                    "WeaponMount": "Energy"
                }, 
                {
                    "Omni": false, 
                    "WeaponMount": "Energy"
                }
            ], 
            "Tonnage": 0, 
            "InventorySlots": 16, 
            "MaxArmor": 110, 
            "MaxRearArmor": 55, 
            "InternalStructure": 55
        }, 
        {
            "Location": "RightTorso", 
            "Hardpoints": [
                {
                    "Omni": false, 
                    "WeaponMount": "Energy"
                }, 
                {
                    "Omni": false, 
                    "WeaponMount": "AntiPersonnel"
                }
            ], 
            "Tonnage": 0, 
            "InventorySlots": 12, 
            "MaxArmor": 80, 
            "MaxRearArmor": 40, 
            "InternalStructure": 40
        }, 
        {
            "Location": "RightArm", 
            "Hardpoints": [
                {
                    "Omni": false, 
                    "WeaponMount": "Energy"
                }, 
                {
                    "Omni": false, 
                    "WeaponMount": "AntiPersonnel"
                }
            ], 
            "Tonnage": 0, 
            "InventorySlots": 12, 
            "MaxArmor": 60, 
            "MaxRearArmor": -1, 
            "InternalStructure": 30
        }, 
        {
            "Location": "LeftLeg", 
            "Hardpoints": [], 
            "Tonnage": 0, 
            "InventorySlots": 6, 
            "MaxArmor": 80, 
            "MaxRearArmor": -1, 
            "InternalStructure": 40
        }, 
        {
            "Location": "RightLeg", 
            "Hardpoints": [], 
            "Tonnage": 0, 
            "InventorySlots": 6, 
            "MaxArmor": 80, 
            "MaxRearArmor": -1, 
            "InternalStructure": 40
        }
    ]
}