{
    "FixedEquipment": [
        {
            "MountedLocation": "CenterTorso", 
            "ComponentDefID": "emod_engine_240", 
            "SimGameUID": "", 
            "ComponentDefType": "HeatSink", 
            "HardpointSlot": -1, 
            "GUID": null, 
            "DamageLevel": "Functional", 
            "prefabName": "", 
            "hasPrefabName": true
        }
    ], 
    "Description": {
        "Cost": 9728640, 
        "Rarity": 5, 
        "Purchasable": true, 
        "Manufacturer": "", 
        "Model": "", 
        "UIName": "Challenger", 
        "Id": "chassisdef_charger_CGR-SB", 
        "Name": "Charger", 
        "Details": "This radical modification looks to turn the Charger into a traditional assault 'Mech by reducing the 'Mechs speed to 54 km/h, which allows the use of a smaller engine (incidentally, the commonplace Pitban 240 reactor). The 'Mech is armored with fifteen and a half tons of armor and is armed with four Large Lasers, one in each arm and side torso, and a Medium Laser in its head; twenty-eight heat sinks kept the 'Mech cool.", 
        "Icon": "uixTxrIcon_charger"
    }, 
    "VariantName": "CGR-SB", 
    "StockRole": "Assault & Brawler", 
    "YangsThoughts": "Called Challenger by its designers, the -SB modification is not remarkable because it is not particularly difficult to apply.  Using a common and well-know reactor in the refit and essentially only upgrading the existing lasers to heavier versions, in turn requiring the Targeting-Tracking System to be tampered with.", 
    "PrefabIdentifier": "chrprfmech_chargerhotd-001", 
    "PrefabBase": "charger", 
    "Tonnage": 80, 
    "InitialTonnage": 8, 
    "weightClass": "ASSAULT", 
    "BattleValue": 7718000, 
    "Heatsinks": 0, 
    "TopSpeed": 150, 
    "TurnRadius": 90, 
    "MaxJumpjets": 5, 
    "Stability": 200, 
    "StabilityDefenses": [
        0, 
        0, 
        0, 
        0, 
        0, 
        0
    ], 
    "SpotterDistanceMultiplier": 1, 
    "VisibilityMultiplier": 1, 
    "SensorRangeMultiplier": 1, 
    "Signature": 0, 
    "Radius": 8, 
    "PunchesWithLeftArm": false, 
    "AlwaysPunchIfPossible": false, 
    "EngageRangeModifier": 0, 
    "MeleeDamage": 220, 
    "MeleeInstability": 80, 
    "MeleeToHitModifier": 0, 
    "DFADamage": 100, 
    "DFAToHitModifier": 0, 
    "DFASelfDamage": 100, 
    "DFAInstability": 100, 
    "ChassisTags": {
        "items": [
            "ChargerCharge", 
            "unit_mechtool"
        ], 
        "tagSetSourceFile": ""
    }, 
    "MechPartMax": 0, 
    "MovementCapDefID": "movedef_assaultmech", 
    "PathingCapDefID": "pathingdef_assault", 
    "HardpointDataDefID": "hardpointdatadef_charger", 
    "LOSSourcePositions": [
        {
            "x": 0, 
            "y": 14, 
            "z": 0
        }, 
        {
            "x": 4, 
            "y": 15, 
            "z": -1
        }, 
        {
            "x": -4, 
            "y": 15, 
            "z": -1
        }
    ], 
    "LOSTargetPositions": [
        {
            "x": 0, 
            "y": 14, 
            "z": 0
        }, 
        {
            "x": 4, 
            "y": 15, 
            "z": -1
        }, 
        {
            "x": -4, 
            "y": 15, 
            "z": -1
        }, 
        {
            "x": 3.5, 
            "y": 6, 
            "z": 1
        }, 
        {
            "x": -3.5, 
            "y": 6, 
            "z": 1
        }
    ], 
    "MechPartCount": 0, 
    "Locations": [
        {
            "Location": "Head", 
            "Hardpoints": [
                {
                    "Omni": false, 
                    "WeaponMount": "Energy"
                }, 
                {
                    "Omni": false, 
                    "WeaponMount": "AntiPersonnel"
                }
            ], 
            "Tonnage": 0, 
            "InventorySlots": 4, 
            "MaxArmor": 45, 
            "MaxRearArmor": -1, 
            "InternalStructure": 16
        }, 
        {
            "Location": "LeftArm", 
            "Hardpoints": [
                {
                    "Omni": false, 
                    "WeaponMount": "Energy"
                }, 
                {
                    "Omni": false, 
                    "WeaponMount": "AntiPersonnel"
                }
            ], 
            "Tonnage": 0, 
            "InventorySlots": 12, 
            "MaxArmor": 130, 
            "MaxRearArmor": -1, 
            "InternalStructure": 65
        }, 
        {
            "Location": "LeftTorso", 
            "Hardpoints": [
                {
                    "Omni": false, 
                    "WeaponMount": "Energy"
                }
            ], 
            "Tonnage": 0, 
            "InventorySlots": 12, 
            "MaxArmor": 170, 
            "MaxRearArmor": 85, 
            "InternalStructure": 85
        }, 
        {
            "Location": "CenterTorso", 
            "Hardpoints": [], 
            "Tonnage": 0, 
            "InventorySlots": 16, 
            "MaxArmor": 250, 
            "MaxRearArmor": 125, 
            "InternalStructure": 125
        }, 
        {
            "Location": "RightTorso", 
            "Hardpoints": [
                {
                    "Omni": false, 
                    "WeaponMount": "Energy"
                }
            ], 
            "Tonnage": 0, 
            "InventorySlots": 12, 
            "MaxArmor": 170, 
            "MaxRearArmor": 85, 
            "InternalStructure": 85
        }, 
        {
            "Location": "RightArm", 
            "Hardpoints": [
                {
                    "Omni": false, 
                    "WeaponMount": "Energy"
                }, 
                {
                    "Omni": false, 
                    "WeaponMount": "AntiPersonnel"
                }
            ], 
            "Tonnage": 0, 
            "InventorySlots": 12, 
            "MaxArmor": 130, 
            "MaxRearArmor": -1, 
            "InternalStructure": 65
        }, 
        {
            "Location": "LeftLeg", 
            "Hardpoints": [], 
            "Tonnage": 0, 
            "InventorySlots": 6, 
            "MaxArmor": 170, 
            "MaxRearArmor": -1, 
            "InternalStructure": 85
        }, 
        {
            "Location": "RightLeg", 
            "Hardpoints": [], 
            "Tonnage": 0, 
            "InventorySlots": 6, 
            "MaxArmor": 170, 
            "MaxRearArmor": -1, 
            "InternalStructure": 85
        }
    ]
}