{
    "FixedEquipment": [], 
    "Description": {
        "Cost": 1627250, 
        "Rarity": 1, 
        "Purchasable": true, 
        "Manufacturer": "", 
        "Model": "", 
        "UIName": "Mongoose", 
        "Id": "chassisdef_mongoose_MON-70", 
        "Name": "Mongoose", 
        "Details": "The MON-70 dates to 2819 and is another variant of the standard MON-66 introduced following the loss of the active probe. ", 
        "Icon": "uixTxrIcon_mongoose"
    }, 
    "VariantName": "MON-70", 
    "StockRole": "__/Base_3061.chassisdef_mongoose_MON-70.StockRole/__", 
    "YangsThoughts": "__/Base_3061.chassisdef_mongoose_MON-70.YangsThoughts/__", 
    "PrefabIdentifier": "chrprfmech_mongoosebase-001", 
    "PrefabBase": "mongoose", 
    "Tonnage": 25, 
    "InitialTonnage": 2.5, 
    "weightClass": "LIGHT", 
    "BattleValue": 2261000, 
    "Heatsinks": 0, 
    "TopSpeed": 85, 
    "TurnRadius": 90, 
    "MaxJumpjets": 8, 
    "Stability": 100, 
    "StabilityDefenses": [
        0, 
        0, 
        0, 
        0, 
        0, 
        0
    ], 
    "SpotterDistanceMultiplier": 1, 
    "VisibilityMultiplier": 1, 
    "SensorRangeMultiplier": 1, 
    "Signature": 0, 
    "Radius": 4, 
    "PunchesWithLeftArm": false, 
    "AlwaysPunchIfPossible": false, 
    "EngageRangeModifier": 0, 
    "MeleeDamage": 13, 
    "MeleeInstability": 7, 
    "MeleeToHitModifier": 0, 
    "DFADamage": 25, 
    "DFAToHitModifier": 0, 
    "DFASelfDamage": 25, 
    "DFAInstability": 13, 
    "ChassisTags": {
        "items": [
            "unit_mechtool"
        ], 
        "tagSetSourceFile": ""
    }, 
    "MechPartMax": 0, 
    "MovementCapDefID": "movedef_lightmech", 
    "PathingCapDefID": "pathingdef_light", 
    "HardpointDataDefID": "hardpointdatadef_mongoose", 
    "LOSSourcePositions": [
        {
            "x": 0, 
            "y": 9.5, 
            "z": 0.5
        }, 
        {
            "x": -2.5, 
            "y": 8.5, 
            "z": -0.5
        }, 
        {
            "x": 2.5, 
            "y": 8.5, 
            "z": -0.5
        }
    ], 
    "LOSTargetPositions": [
        {
            "x": 0, 
            "y": 9.5, 
            "z": 0.5
        }, 
        {
            "x": -2.5, 
            "y": 8.5, 
            "z": -0.5
        }, 
        {
            "x": 2.5, 
            "y": 8.5, 
            "z": -0.5
        }, 
        {
            "x": -1.5, 
            "y": 3, 
            "z": 0.5
        }, 
        {
            "x": 1.5, 
            "y": 3, 
            "z": 0.5
        }
    ], 
    "MechPartCount": 0, 
    "Locations": [
        {
            "Location": "Head", 
            "Hardpoints": [
                {
                    "Omni": false, 
                    "WeaponMount": "Energy"
                }
            ], 
            "Tonnage": 0, 
            "InventorySlots": 4, 
            "MaxArmor": 45, 
            "MaxRearArmor": -1, 
            "InternalStructure": 16
        }, 
        {
            "Location": "LeftArm", 
            "Hardpoints": [
                {
                    "Omni": false, 
                    "WeaponMount": "Energy"
                }, 
                {
                    "Omni": false, 
                    "WeaponMount": "AntiPersonnel"
                }
            ], 
            "Tonnage": 0, 
            "InventorySlots": 12, 
            "MaxArmor": 40, 
            "MaxRearArmor": -1, 
            "InternalStructure": 20
        }, 
        {
            "Location": "LeftTorso", 
            "Hardpoints": [
                {
                    "Omni": false, 
                    "WeaponMount": "Energy"
                }, 
                {
                    "Omni": false, 
                    "WeaponMount": "Missile"
                }
            ], 
            "Tonnage": 0, 
            "InventorySlots": 12, 
            "MaxArmor": 60, 
            "MaxRearArmor": 30, 
            "InternalStructure": 30
        }, 
        {
            "Location": "CenterTorso", 
            "Hardpoints": [
                {
                    "Omni": false, 
                    "WeaponMount": "AntiPersonnel"
                }, 
                {
                    "Omni": false, 
                    "WeaponMount": "Energy"
                }, 
                {
                    "Omni": false, 
                    "WeaponMount": "NotSet"
                }, 
                {
                    "Omni": false, 
                    "WeaponMount": "NotSet"
                }, 
                {
                    "Omni": false, 
                    "WeaponMount": "NotSet"
                }, 
                {
                    "Omni": false, 
                    "WeaponMount": "NotSet"
                }
            ], 
            "Tonnage": 0, 
            "InventorySlots": 16, 
            "MaxArmor": 80, 
            "MaxRearArmor": 40, 
            "InternalStructure": 40
        }, 
        {
            "Location": "RightTorso", 
            "Hardpoints": [
                {
                    "Omni": false, 
                    "WeaponMount": "Energy"
                }, 
                {
                    "Omni": false, 
                    "WeaponMount": "Missile"
                }
            ], 
            "Tonnage": 0, 
            "InventorySlots": 12, 
            "MaxArmor": 60, 
            "MaxRearArmor": 30, 
            "InternalStructure": 30
        }, 
        {
            "Location": "RightArm", 
            "Hardpoints": [
                {
                    "Omni": false, 
                    "WeaponMount": "Energy"
                }, 
                {
                    "Omni": false, 
                    "WeaponMount": "AntiPersonnel"
                }
            ], 
            "Tonnage": 0, 
            "InventorySlots": 12, 
            "MaxArmor": 40, 
            "MaxRearArmor": -1, 
            "InternalStructure": 20
        }, 
        {
            "Location": "LeftLeg", 
            "Hardpoints": [], 
            "Tonnage": 0, 
            "InventorySlots": 6, 
            "MaxArmor": 60, 
            "MaxRearArmor": -1, 
            "InternalStructure": 30
        }, 
        {
            "Location": "RightLeg", 
            "Hardpoints": [], 
            "Tonnage": 0, 
            "InventorySlots": 6, 
            "MaxArmor": 60, 
            "MaxRearArmor": -1, 
            "InternalStructure": 30
        }
    ]
}