{
    "FixedEquipment": [
        {
            "MountedLocation": "CenterTorso", 
            "ComponentDefID": "emod_engine_400", 
            "SimGameUID": "", 
            "ComponentDefType": "HeatSink", 
            "HardpointSlot": -1, 
            "GUID": null, 
            "DamageLevel": "Functional", 
            "prefabName": "", 
            "hasPrefabName": true
        }
    ], 
    "Description": {
        "Cost": 9819810, 
        "Rarity": 2, 
        "Purchasable": true, 
        "Manufacturer": "", 
        "Model": "", 
        "UIName": "Charger", 
        "Id": "chassisdef_charger_CGR-C", 
        "Name": "Charger", 
        "Details": "An upgrade of the 3K, the Charger C was modified to carry advanced targeting equipment. In order to add the electronics, the weapons package was downgraded slightly.", 
        "Icon": "uixTxrIcon_charger"
    }, 
    "VariantName": "CGR-C", 
    "StockRole": "Support & Skirmisher", 
    "YangsThoughts": "It's very close to the mech it was based on, the CGR-3K. This one shoots straighter, though.", 
    "PrefabIdentifier": "chrprfmech_chargerhotd-001", 
    "PrefabBase": "charger", 
    "Tonnage": 80, 
    "InitialTonnage": 8, 
    "weightClass": "ASSAULT", 
    "BattleValue": 7718000, 
    "Heatsinks": 0, 
    "TopSpeed": 150, 
    "TurnRadius": 90, 
    "MaxJumpjets": 5, 
    "Stability": 200, 
    "StabilityDefenses": [
        0, 
        0, 
        0, 
        0, 
        0, 
        0
    ], 
    "SpotterDistanceMultiplier": 1, 
    "VisibilityMultiplier": 1, 
    "SensorRangeMultiplier": 1, 
    "Signature": 0, 
    "Radius": 8, 
    "PunchesWithLeftArm": false, 
    "AlwaysPunchIfPossible": false, 
    "EngageRangeModifier": 0, 
    "MeleeDamage": 220, 
    "MeleeInstability": 80, 
    "MeleeToHitModifier": 0, 
    "DFADamage": 100, 
    "DFAToHitModifier": 0, 
    "DFASelfDamage": 100, 
    "DFAInstability": 100, 
    "ChassisTags": {
        "items": [
            "unit_mechtool"
        ], 
        "tagSetSourceFile": ""
    }, 
    "MechPartMax": 0, 
    "MovementCapDefID": "movedef_assaultmech", 
    "PathingCapDefID": "pathingdef_assault", 
    "HardpointDataDefID": "hardpointdatadef_charger", 
    "LOSSourcePositions": [
        {
            "x": 0, 
            "y": 14, 
            "z": 0
        }, 
        {
            "x": 4, 
            "y": 15, 
            "z": -1
        }, 
        {
            "x": -4, 
            "y": 15, 
            "z": -1
        }
    ], 
    "LOSTargetPositions": [
        {
            "x": 0, 
            "y": 14, 
            "z": 0
        }, 
        {
            "x": 4, 
            "y": 15, 
            "z": -1
        }, 
        {
            "x": -4, 
            "y": 15, 
            "z": -1
        }, 
        {
            "x": 3.5, 
            "y": 5.5, 
            "z": 1
        }, 
        {
            "x": -3.5, 
            "y": 5.5, 
            "z": 1
        }
    ], 
    "MechPartCount": 0, 
    "Locations": [
        {
            "Location": "Head", 
            "Hardpoints": [
                {
                    "Omni": false, 
                    "WeaponMount": "AntiPersonnel"
                }
            ], 
            "Tonnage": 0, 
            "InventorySlots": 6, 
            "MaxArmor": 45, 
            "MaxRearArmor": -1, 
            "InternalStructure": 16
        }, 
        {
            "Location": "LeftArm", 
            "Hardpoints": [
                {
                    "Omni": false, 
                    "WeaponMount": "Energy"
                }, 
                {
                    "Omni": false, 
                    "WeaponMount": "AntiPersonnel"
                }
            ], 
            "Tonnage": 0, 
            "InventorySlots": 12, 
            "MaxArmor": 130, 
            "MaxRearArmor": -1, 
            "InternalStructure": 65
        }, 
        {
            "Location": "LeftTorso", 
            "Hardpoints": [
                {
                    "Omni": false, 
                    "WeaponMount": "Energy"
                }, 
                {
                    "Omni": false, 
                    "WeaponMount": "Energy"
                }
            ], 
            "Tonnage": 0, 
            "InventorySlots": 12, 
            "MaxArmor": 170, 
            "MaxRearArmor": 85, 
            "InternalStructure": 85
        }, 
        {
            "Location": "CenterTorso", 
            "Hardpoints": [], 
            "Tonnage": 0, 
            "InventorySlots": 16, 
            "MaxArmor": 250, 
            "MaxRearArmor": 125, 
            "InternalStructure": 125
        }, 
        {
            "Location": "RightTorso", 
            "Hardpoints": [
                {
                    "Omni": false, 
                    "WeaponMount": "Missile"
                }, 
                {
                    "Omni": false, 
                    "WeaponMount": "Missile"
                }
            ], 
            "Tonnage": 0, 
            "InventorySlots": 12, 
            "MaxArmor": 170, 
            "MaxRearArmor": 85, 
            "InternalStructure": 85
        }, 
        {
            "Location": "RightArm", 
            "Hardpoints": [
                {
                    "Omni": false, 
                    "WeaponMount": "Energy"
                }, 
                {
                    "Omni": false, 
                    "WeaponMount": "AntiPersonnel"
                }
            ], 
            "Tonnage": 0, 
            "InventorySlots": 12, 
            "MaxArmor": 130, 
            "MaxRearArmor": -1, 
            "InternalStructure": 65
        }, 
        {
            "Location": "LeftLeg", 
            "Hardpoints": [], 
            "Tonnage": 0, 
            "InventorySlots": 6, 
            "MaxArmor": 170, 
            "MaxRearArmor": -1, 
            "InternalStructure": 85
        }, 
        {
            "Location": "RightLeg", 
            "Hardpoints": [], 
            "Tonnage": 0, 
            "InventorySlots": 6, 
            "MaxArmor": 170, 
            "MaxRearArmor": -1, 
            "InternalStructure": 85
        }
    ]
}