{
    "FixedEquipment": [], 
    "Description": {
        "Cost": 9728640, 
        "Rarity": 4, 
        "Purchasable": true, 
        "Manufacturer": "", 
        "Model": "", 
        "UIName": "Hatamoto-Chi", 
        "Id": "chassisdef_hatamotochi_HTM-26T", 
        "Name": "Hatamoto-Chi", 
        "Details": "A melding of the popular Star League era Thug and the poorly regarded Charger. The HTM-26T was first seen in 3039 and very little was known about it.  Armed with a pair of PPCs and a pair of SRM-6s, the Hatamoti-Chi can deliver a solid amount of damage at both short and long range, and can be devastating at mid-range.", 
        "Icon": "uixTxrIcon_hatamoto"
    }, 
    "VariantName": "HTM-26T", 
    "StockRole": "Heavy Sniper & Defender", 
    "YangsThoughts": "Hard to believe this started off as a Charger variant.  The HTM-26T is the Drac's take on a modern Thug - though I am not sure how I feel about the Samurai helmet on top though.", 
    "PrefabIdentifier": "chrPrfMech_hatamotochiBase-001", 
    "PrefabBase": "hatamotochi", 
    "Tonnage": 80, 
    "InitialTonnage": 8, 
    "weightClass": "ASSAULT", 
    "BattleValue": 7718000, 
    "Heatsinks": 0, 
    "TopSpeed": 105, 
    "TurnRadius": 90, 
    "MaxJumpjets": 5, 
    "Stability": 200, 
    "StabilityDefenses": [
        0, 
        0, 
        0, 
        0, 
        0, 
        0
    ], 
    "SpotterDistanceMultiplier": 1, 
    "VisibilityMultiplier": 1, 
    "SensorRangeMultiplier": 1, 
    "Signature": 0, 
    "Radius": 8, 
    "PunchesWithLeftArm": true, 
    "AlwaysPunchIfPossible": false, 
    "EngageRangeModifier": 0, 
    "MeleeDamage": 110, 
    "MeleeInstability": 80, 
    "MeleeToHitModifier": 0, 
    "DFADamage": 100, 
    "DFAToHitModifier": 0, 
    "DFASelfDamage": 100, 
    "DFAInstability": 100, 
    "ChassisTags": {
        "items": [
            "NoHonour", 
            "unit_mechtool"
        ], 
        "tagSetSourceFile": ""
    }, 
    "MechPartMax": 0, 
    "MovementCapDefID": "movedef_assaultmech", 
    "PathingCapDefID": "pathingdef_assault", 
    "HardpointDataDefID": "hardpointdatadef_hatamotochi", 
    "LOSSourcePositions": [
        {
            "x": 0, 
            "y": 14, 
            "z": 0
        }, 
        {
            "x": 4, 
            "y": 15, 
            "z": -1
        }, 
        {
            "x": -4, 
            "y": 15, 
            "z": -1
        }
    ], 
    "LOSTargetPositions": [
        {
            "x": 0, 
            "y": 14, 
            "z": 0
        }, 
        {
            "x": 4, 
            "y": 15, 
            "z": -1
        }, 
        {
            "x": -4, 
            "y": 15, 
            "z": -1
        }, 
        {
            "x": 3.5, 
            "y": 6, 
            "z": 1
        }, 
        {
            "x": -3.5, 
            "y": 6, 
            "z": 1
        }
    ], 
    "MechPartCount": 0, 
    "Locations": [
        {
            "Location": "Head", 
            "Hardpoints": [], 
            "Tonnage": 0, 
            "InventorySlots": 4, 
            "MaxArmor": 45, 
            "MaxRearArmor": -1, 
            "InternalStructure": 16
        }, 
        {
            "Location": "LeftArm", 
            "Hardpoints": [
                {
                    "Omni": false, 
                    "WeaponMount": "Energy"
                }, 
                {
                    "Omni": false, 
                    "WeaponMount": "Energy"
                }
            ], 
            "Tonnage": 0, 
            "InventorySlots": 12, 
            "MaxArmor": 130, 
            "MaxRearArmor": -1, 
            "InternalStructure": 65
        }, 
        {
            "Location": "LeftTorso", 
            "Hardpoints": [
                {
                    "Omni": false, 
                    "WeaponMount": "Missile"
                }, 
                {
                    "Omni": false, 
                    "WeaponMount": "AntiPersonnel"
                }
            ], 
            "Tonnage": 0, 
            "InventorySlots": 12, 
            "MaxArmor": 170, 
            "MaxRearArmor": 85, 
            "InternalStructure": 85
        }, 
        {
            "Location": "CenterTorso", 
            "Hardpoints": [], 
            "Tonnage": 0, 
            "InventorySlots": 16, 
            "MaxArmor": 250, 
            "MaxRearArmor": 125, 
            "InternalStructure": 125
        }, 
        {
            "Location": "RightTorso", 
            "Hardpoints": [
                {
                    "Omni": false, 
                    "WeaponMount": "Missile"
                }, 
                {
                    "Omni": false, 
                    "WeaponMount": "AntiPersonnel"
                }
            ], 
            "Tonnage": 0, 
            "InventorySlots": 12, 
            "MaxArmor": 170, 
            "MaxRearArmor": 85, 
            "InternalStructure": 85
        }, 
        {
            "Location": "RightArm", 
            "Hardpoints": [
                {
                    "Omni": false, 
                    "WeaponMount": "Energy"
                }, 
                {
                    "Omni": false, 
                    "WeaponMount": "Energy"
                }
            ], 
            "Tonnage": 0, 
            "InventorySlots": 12, 
            "MaxArmor": 130, 
            "MaxRearArmor": -1, 
            "InternalStructure": 65
        }, 
        {
            "Location": "LeftLeg", 
            "Hardpoints": [], 
            "Tonnage": 0, 
            "InventorySlots": 6, 
            "MaxArmor": 170, 
            "MaxRearArmor": -1, 
            "InternalStructure": 85
        }, 
        {
            "Location": "RightLeg", 
            "Hardpoints": [], 
            "Tonnage": 0, 
            "InventorySlots": 6, 
            "MaxArmor": 170, 
            "MaxRearArmor": -1, 
            "InternalStructure": 85
        }
    ]
}