{
    "FixedEquipment": [], 
    "Description": {
        "Cost": 4082680, 
        "Rarity": 1, 
        "Purchasable": true, 
        "Manufacturer": "", 
        "Model": "", 
        "UIName": "Hunchback", 
        "Id": "chassisdef_hunchback_HBK-5N", 
        "Name": "Hunchback", 
        "Details": "A very simple FWLM field upgrade of the lackluster 5M Hunchback introduced in 3057, the 5N model simply downgrades the pulse laser back to a small laser and removes the CASE to carry an extra ton of reloads, retaining the double heat sinks.", 
        "Icon": "uixTxrIcon_hunchback"
    }, 
    "VariantName": "HBK-5N", 
    "StockRole": "__/Base_3061.chassisdef_hunchback_HBK-5N.StockRole/__", 
    "YangsThoughts": "__/Base_3061.chassisdef_hunchback_HBK-5N.YangsThoughts/__", 
    "PrefabIdentifier": "chrPrfMech_hunchbackBase-001", 
    "PrefabBase": "hunchback", 
    "Tonnage": 50, 
    "InitialTonnage": 5, 
    "weightClass": "MEDIUM", 
    "BattleValue": 4048000, 
    "Heatsinks": 0, 
    "TopSpeed": 65, 
    "TurnRadius": 90, 
    "MaxJumpjets": 8, 
    "Stability": 100, 
    "StabilityDefenses": [
        0, 
        0, 
        0, 
        0, 
        0, 
        0
    ], 
    "SpotterDistanceMultiplier": 1, 
    "VisibilityMultiplier": 1, 
    "SensorRangeMultiplier": 1, 
    "Signature": 0, 
    "Radius": 5, 
    "PunchesWithLeftArm": false, 
    "AlwaysPunchIfPossible": false, 
    "EngageRangeModifier": 0, 
    "MeleeDamage": 25, 
    "MeleeInstability": 13, 
    "MeleeToHitModifier": 0, 
    "DFADamage": 50, 
    "DFAToHitModifier": 0, 
    "DFASelfDamage": 50, 
    "DFAInstability": 25, 
    "ChassisTags": {
        "items": [
            "unit_mechtool"
        ], 
        "tagSetSourceFile": ""
    }, 
    "MechPartMax": 0, 
    "MovementCapDefID": "movedef_mediummech", 
    "PathingCapDefID": "pathingdef_medium", 
    "HardpointDataDefID": "hardpointdatadef_hunchback", 
    "LOSSourcePositions": [
        {
            "x": 0, 
            "y": 12.5, 
            "z": 1
        }, 
        {
            "x": 3, 
            "y": 13, 
            "z": 0
        }, 
        {
            "x": -3, 
            "y": 13, 
            "z": 0
        }
    ], 
    "LOSTargetPositions": [
        {
            "x": 0, 
            "y": 12.5, 
            "z": 1
        }, 
        {
            "x": 3, 
            "y": 13, 
            "z": 0
        }, 
        {
            "x": -3, 
            "y": 13, 
            "z": 0
        }, 
        {
            "x": 2.5, 
            "y": 4.5, 
            "z": 2
        }, 
        {
            "x": -2.5, 
            "y": 4.5, 
            "z": 2
        }
    ], 
    "MechPartCount": 0, 
    "Locations": [
        {
            "Location": "Head", 
            "Hardpoints": [
                {
                    "Omni": false, 
                    "WeaponMount": "AntiPersonnel"
                }, 
                {
                    "Omni": false, 
                    "WeaponMount": "Energy"
                }
            ], 
            "Tonnage": 0, 
            "InventorySlots": 4, 
            "MaxArmor": 45, 
            "MaxRearArmor": -1, 
            "InternalStructure": 16
        }, 
        {
            "Location": "LeftArm", 
            "Hardpoints": [
                {
                    "Omni": false, 
                    "WeaponMount": "Energy"
                }, 
                {
                    "Omni": false, 
                    "WeaponMount": "AntiPersonnel"
                }
            ], 
            "Tonnage": 0, 
            "InventorySlots": 12, 
            "MaxArmor": 80, 
            "MaxRearArmor": -1, 
            "InternalStructure": 40
        }, 
        {
            "Location": "LeftTorso", 
            "Hardpoints": [], 
            "Tonnage": 0, 
            "InventorySlots": 12, 
            "MaxArmor": 120, 
            "MaxRearArmor": 60, 
            "InternalStructure": 60
        }, 
        {
            "Location": "CenterTorso", 
            "Hardpoints": [
                {
                    "Omni": false, 
                    "WeaponMount": "NotSet"
                }, 
                {
                    "Omni": false, 
                    "WeaponMount": "NotSet"
                }, 
                {
                    "Omni": false, 
                    "WeaponMount": "NotSet"
                }, 
                {
                    "Omni": false, 
                    "WeaponMount": "NotSet"
                }
            ], 
            "Tonnage": 0, 
            "InventorySlots": 16, 
            "MaxArmor": 160, 
            "MaxRearArmor": 80, 
            "InternalStructure": 80
        }, 
        {
            "Location": "RightTorso", 
            "Hardpoints": [
                {
                    "Omni": false, 
                    "WeaponMount": "Ballistic"
                }, 
                {
                    "Omni": false, 
                    "WeaponMount": "Ballistic"
                }, 
                {
                    "Omni": false, 
                    "WeaponMount": "Ballistic"
                }
            ], 
            "Tonnage": 0, 
            "InventorySlots": 12, 
            "MaxArmor": 120, 
            "MaxRearArmor": 60, 
            "InternalStructure": 84
        }, 
        {
            "Location": "RightArm", 
            "Hardpoints": [
                {
                    "Omni": false, 
                    "WeaponMount": "Energy"
                }, 
                {
                    "Omni": false, 
                    "WeaponMount": "AntiPersonnel"
                }
            ], 
            "Tonnage": 0, 
            "InventorySlots": 12, 
            "MaxArmor": 80, 
            "MaxRearArmor": -1, 
            "InternalStructure": 40
        }, 
        {
            "Location": "LeftLeg", 
            "Hardpoints": [], 
            "Tonnage": 0, 
            "InventorySlots": 6, 
            "MaxArmor": 120, 
            "MaxRearArmor": -1, 
            "InternalStructure": 60
        }, 
        {
            "Location": "RightLeg", 
            "Hardpoints": [], 
            "Tonnage": 0, 
            "InventorySlots": 6, 
            "MaxArmor": 120, 
            "MaxRearArmor": -1, 
            "InternalStructure": 60
        }
    ]
}