{
    "FixedEquipment": [
        {
            "MountedLocation": "CenterTorso", 
            "ComponentDefID": "emod_engine_400", 
            "SimGameUID": "", 
            "ComponentDefType": "HeatSink", 
            "HardpointSlot": -1, 
            "GUID": null, 
            "DamageLevel": "Functional", 
            "prefabName": "", 
            "hasPrefabName": true
        }
    ], 
    "Description": {
        "Cost": 9728640, 
        "Rarity": 2, 
        "Purchasable": true, 
        "Manufacturer": "", 
        "Model": "", 
        "UIName": "Charger", 
        "Id": "chassisdef_charger_CGR-1A1", 
        "Name": "Charger", 
        "Details": "The Charger is seen as an example of abject failure in BattleMech design. Wells Technologies originally wanted to produce an ultra-heavy scout 'Mech for the Star League Defense Force that was not only fast but could survive contact with the enemy. This was done by building the Charger on an 80-ton frame, making it the heaviest scout 'Mech in existence, and powering it with a massive LTV 400 fusion engine that took up almost sixty percent of the Charger's mass. With a top speed which allowed it to outrun most other 'Mechs the Charger was then given ten tons of Durallex Heavy armor, enough to survive repeated hits from a Class 20 Autocannon. However these features left very little room for offensive capability, an intentional deficiency on the part of the design team as they saw any task other than gathering data a distraction.", 
        "Icon": "uixTxrIcon_charger"
    }, 
    "VariantName": "CGR-1A1", 
    "StockRole": "Heavy Scout & Harasser", 
    "YangsThoughts": "Because the designers of the Charger wanted to discourage any activities that would put the 'Mech in danger, the engineers at Wells Technologies equipped the Charger with one Magna Mk I Small Laser and two COIL-S, mounted in its arms, torso and head. As these leave the 'Mech dangerously undergunned, arguably its most potent weapons are its fists; if the Charger is able to close the distance and get within hand-to-hand combat, it is more than capable of pounding to pieces other 'Mechs, especially lightweight ones.  I mean, can you imagine this thing with five small lasers instead?", 
    "PrefabIdentifier": "chrprfmech_chargerhotd-001", 
    "PrefabBase": "charger", 
    "Tonnage": 80, 
    "InitialTonnage": 8, 
    "weightClass": "ASSAULT", 
    "BattleValue": 7718000, 
    "Heatsinks": 0, 
    "TopSpeed": 150, 
    "TurnRadius": 90, 
    "MaxJumpjets": 5, 
    "Stability": 200, 
    "StabilityDefenses": [
        0, 
        0, 
        0, 
        0, 
        0, 
        0
    ], 
    "SpotterDistanceMultiplier": 1, 
    "VisibilityMultiplier": 1, 
    "SensorRangeMultiplier": 1, 
    "Signature": 0, 
    "Radius": 8, 
    "PunchesWithLeftArm": false, 
    "AlwaysPunchIfPossible": false, 
    "EngageRangeModifier": 0, 
    "MeleeDamage": 220, 
    "MeleeInstability": 80, 
    "MeleeToHitModifier": 0, 
    "DFADamage": 100, 
    "DFAToHitModifier": 0, 
    "DFASelfDamage": 100, 
    "DFAInstability": 100, 
    "ChassisTags": {
        "items": [
            "ChargerCharge", 
            "unit_mechtool"
        ], 
        "tagSetSourceFile": ""
    }, 
    "MechPartMax": 0, 
    "MovementCapDefID": "movedef_assaultmech", 
    "PathingCapDefID": "pathingdef_assault", 
    "HardpointDataDefID": "hardpointdatadef_charger", 
    "LOSSourcePositions": [
        {
            "x": 0, 
            "y": 14, 
            "z": 0
        }, 
        {
            "x": 4, 
            "y": 15, 
            "z": -1
        }, 
        {
            "x": -4, 
            "y": 15, 
            "z": -1
        }
    ], 
    "LOSTargetPositions": [
        {
            "x": 0, 
            "y": 14, 
            "z": 0
        }, 
        {
            "x": 4, 
            "y": 15, 
            "z": -1
        }, 
        {
            "x": -4, 
            "y": 15, 
            "z": -1
        }, 
        {
            "x": 3.5, 
            "y": 6, 
            "z": 1
        }, 
        {
            "x": -3.5, 
            "y": 6, 
            "z": 1
        }
    ], 
    "MechPartCount": 0, 
    "Locations": [
        {
            "Location": "Head", 
            "Hardpoints": [
                {
                    "Omni": false, 
                    "WeaponMount": "Energy"
                }, 
                {
                    "Omni": false, 
                    "WeaponMount": "AntiPersonnel"
                }
            ], 
            "Tonnage": 0, 
            "InventorySlots": 4, 
            "MaxArmor": 45, 
            "MaxRearArmor": -1, 
            "InternalStructure": 16
        }, 
        {
            "Location": "LeftArm", 
            "Hardpoints": [
                {
                    "Omni": false, 
                    "WeaponMount": "AntiPersonnel"
                }
            ], 
            "Tonnage": 0, 
            "InventorySlots": 12, 
            "MaxArmor": 130, 
            "MaxRearArmor": -1, 
            "InternalStructure": 65
        }, 
        {
            "Location": "LeftTorso", 
            "Hardpoints": [
                {
                    "Omni": false, 
                    "WeaponMount": "Energy"
                }, 
                {
                    "Omni": false, 
                    "WeaponMount": "AntiPersonnel"
                }
            ], 
            "Tonnage": 0, 
            "InventorySlots": 12, 
            "MaxArmor": 170, 
            "MaxRearArmor": 85, 
            "InternalStructure": 85
        }, 
        {
            "Location": "CenterTorso", 
            "Hardpoints": [], 
            "Tonnage": 0, 
            "InventorySlots": 16, 
            "MaxArmor": 250, 
            "MaxRearArmor": 125, 
            "InternalStructure": 125
        }, 
        {
            "Location": "RightTorso", 
            "Hardpoints": [
                {
                    "Omni": false, 
                    "WeaponMount": "Energy"
                }, 
                {
                    "Omni": false, 
                    "WeaponMount": "AntiPersonnel"
                }
            ], 
            "Tonnage": 0, 
            "InventorySlots": 12, 
            "MaxArmor": 170, 
            "MaxRearArmor": 85, 
            "InternalStructure": 85
        }, 
        {
            "Location": "RightArm", 
            "Hardpoints": [
                {
                    "Omni": false, 
                    "WeaponMount": "AntiPersonnel"
                }
            ], 
            "Tonnage": 0, 
            "InventorySlots": 12, 
            "MaxArmor": 130, 
            "MaxRearArmor": -1, 
            "InternalStructure": 65
        }, 
        {
            "Location": "LeftLeg", 
            "Hardpoints": [], 
            "Tonnage": 0, 
            "InventorySlots": 6, 
            "MaxArmor": 170, 
            "MaxRearArmor": -1, 
            "InternalStructure": 85
        }, 
        {
            "Location": "RightLeg", 
            "Hardpoints": [], 
            "Tonnage": 0, 
            "InventorySlots": 6, 
            "MaxArmor": 170, 
            "MaxRearArmor": -1, 
            "InternalStructure": 85
        }
    ]
}