{
    "FixedEquipment": [], 
    "Description": {
        "Cost": 7051000, 
        "Rarity": 5, 
        "Purchasable": true, 
        "Manufacturer": "", 
        "Model": "", 
        "UIName": "Archer", 
        "Id": "chassisdef_archer_ARC-5S", 
        "Name": "Archer", 
        "Details": "The 5S upgraded the engine to a 280 XL Engine, cutting the engine's weight in half while retaining the same speed profile. The 5S also reduced the LRM-20 launchers to LRM-15s. This saved weight was used to add two Streak SRM-2 launchers, one in each arm and fed by two tons of reloads in the side torsos. They also upgraded the four medium lasers to Medium Pulse Lasers. Finally, the 'Mech carried a Narc Missile Beacon launcher in its left torso along with one ton of ammo.", 
        "Icon": "uixTxrIcon_archer"
    }, 
    "VariantName": "ARC-5S", 
    "StockRole": "Heavy Artillery and Brawler", 
    "YangsThoughts": "The 5S is unusually deadly up close for an Archer. The downgrade of the LRM-20 launchers to LRM-15s has meant a reduction in danger at range though. The 'Mech is not meant to fire all weapons together though as it will overheat even with the double heat sink upgrade.", 
    "PrefabIdentifier": "chrPrfMech_archerBase-001", 
    "PrefabBase": "archer", 
    "Tonnage": 70, 
    "InitialTonnage": 7, 
    "weightClass": "HEAVY", 
    "BattleValue": 7602000, 
    "Heatsinks": 0, 
    "TopSpeed": 120, 
    "TurnRadius": 90, 
    "MaxJumpjets": 5, 
    "Stability": 160, 
    "StabilityDefenses": [
        0, 
        0, 
        0, 
        0, 
        0, 
        0
    ], 
    "SpotterDistanceMultiplier": 1, 
    "VisibilityMultiplier": 1, 
    "SensorRangeMultiplier": 1, 
    "Signature": 0, 
    "Radius": 8, 
    "PunchesWithLeftArm": false, 
    "AlwaysPunchIfPossible": false, 
    "EngageRangeModifier": 0, 
    "MeleeDamage": 105, 
    "MeleeInstability": 70, 
    "MeleeToHitModifier": 0, 
    "DFADamage": 90, 
    "DFAToHitModifier": 0, 
    "DFASelfDamage": 90, 
    "DFAInstability": 90, 
    "ChassisTags": {
        "items": [
            "MissilerySuite", 
            "unit_mechtool"
        ], 
        "tagSetSourceFile": ""
    }, 
    "MechPartMax": 0, 
    "MovementCapDefID": "movedef_heavymech", 
    "PathingCapDefID": "pathingdef_heavy", 
    "HardpointDataDefID": "hardpointdatadef_archer", 
    "LOSSourcePositions": [
        {
            "x": 0, 
            "y": 18, 
            "z": 0
        }, 
        {
            "x": 4, 
            "y": 17, 
            "z": 0
        }, 
        {
            "x": -4, 
            "y": 17, 
            "z": 0
        }
    ], 
    "LOSTargetPositions": [
        {
            "x": 0, 
            "y": 18, 
            "z": 0
        }, 
        {
            "x": 4, 
            "y": 17, 
            "z": 0
        }, 
        {
            "x": -4, 
            "y": 17, 
            "z": 0
        }, 
        {
            "x": 3, 
            "y": 5, 
            "z": 0
        }, 
        {
            "x": -3, 
            "y": 5, 
            "z": 0
        }
    ], 
    "MechPartCount": 0, 
    "Locations": [
        {
            "Location": "Head", 
            "Hardpoints": [], 
            "Tonnage": 0, 
            "InventorySlots": 4, 
            "MaxArmor": 45, 
            "MaxRearArmor": -1, 
            "InternalStructure": 16
        }, 
        {
            "Location": "LeftArm", 
            "Hardpoints": [
                {
                    "Omni": false, 
                    "WeaponMount": "Energy"
                }, 
                {
                    "Omni": false, 
                    "WeaponMount": "Missile"
                }
            ], 
            "Tonnage": 0, 
            "InventorySlots": 12, 
            "MaxArmor": 110, 
            "MaxRearArmor": -1, 
            "InternalStructure": 55
        }, 
        {
            "Location": "LeftTorso", 
            "Hardpoints": [
                {
                    "Omni": false, 
                    "WeaponMount": "Missile"
                }, 
                {
                    "Omni": false, 
                    "WeaponMount": "Missile"
                }
            ], 
            "Tonnage": 0, 
            "InventorySlots": 12, 
            "MaxArmor": 150, 
            "MaxRearArmor": 75, 
            "InternalStructure": 75
        }, 
        {
            "Location": "CenterTorso", 
            "Hardpoints": [
                {
                    "Omni": false, 
                    "WeaponMount": "Energy"
                }, 
                {
                    "Omni": false, 
                    "WeaponMount": "Energy"
                }
            ], 
            "Tonnage": 0, 
            "InventorySlots": 16, 
            "MaxArmor": 220, 
            "MaxRearArmor": 110, 
            "InternalStructure": 110
        }, 
        {
            "Location": "RightTorso", 
            "Hardpoints": [
                {
                    "Omni": false, 
                    "WeaponMount": "Missile"
                }, 
                {
                    "Omni": false, 
                    "WeaponMount": "Missile"
                }
            ], 
            "Tonnage": 0, 
            "InventorySlots": 12, 
            "MaxArmor": 150, 
            "MaxRearArmor": 75, 
            "InternalStructure": 75
        }, 
        {
            "Location": "RightArm", 
            "Hardpoints": [
                {
                    "Omni": false, 
                    "WeaponMount": "Energy"
                }, 
                {
                    "Omni": false, 
                    "WeaponMount": "Missile"
                }
            ], 
            "Tonnage": 0, 
            "InventorySlots": 12, 
            "MaxArmor": 110, 
            "MaxRearArmor": -1, 
            "InternalStructure": 55
        }, 
        {
            "Location": "LeftLeg", 
            "Hardpoints": [], 
            "Tonnage": 0, 
            "InventorySlots": 6, 
            "MaxArmor": 150, 
            "MaxRearArmor": -1, 
            "InternalStructure": 75
        }, 
        {
            "Location": "RightLeg", 
            "Hardpoints": [], 
            "Tonnage": 0, 
            "InventorySlots": 6, 
            "MaxArmor": 150, 
            "MaxRearArmor": -1, 
            "InternalStructure": 75
        }
    ]
}