{
    "FixedEquipment": [], 
    "Description": {
        "Cost": 7491000, 
        "Rarity": 5, 
        "Purchasable": true, 
        "Manufacturer": "", 
        "Model": "", 
        "UIName": "Black Knight", 
        "Id": "chassisdef_blackknight_BL-9-KNT", 
        "Name": "Black Knight", 
        "Details": "One of the so-called Clanbuster refits developed by ComStar in the lead-up to the Battle of Tukayyid, this variant has been equipped with a 300 XL Engine, allowing it to mount an upgraded and heavier weapons load. The PPC was upgraded to an ER PPC, the medium lasers switched to Medium Pulse Lasers, a Large Pulse Laser added to the center torso, and both the small laser and Beagle Active Probe were removed.", 
        "Icon": "uixTxrIcon_blackknight"
    }, 
    "VariantName": "BL-9-KNT", 
    "StockRole": "Brawler & Ranged Assault", 
    "YangsThoughts": "The Black Knight 9-KNT is a Clanbuster design and boy is she pretty. It has more armor, devastating brawling potential, and a Sword for style points, or making your mark, your choice.", 
    "PrefabIdentifier": "chrprfmech_redreaperbase-001", 
    "PrefabBase": "redreaper", 
    "Tonnage": 75, 
    "InitialTonnage": 7.5, 
    "weightClass": "HEAVY", 
    "BattleValue": 7124000, 
    "Heatsinks": 0, 
    "TopSpeed": 64, 
    "TurnRadius": 90, 
    "MaxJumpjets": 5, 
    "Stability": 160, 
    "StabilityDefenses": [
        0, 
        0, 
        0, 
        0, 
        0, 
        0
    ], 
    "SpotterDistanceMultiplier": 1, 
    "VisibilityMultiplier": 1, 
    "SensorRangeMultiplier": 1, 
    "Signature": 0, 
    "Radius": 8, 
    "PunchesWithLeftArm": false, 
    "AlwaysPunchIfPossible": false, 
    "EngageRangeModifier": 0, 
    "MeleeDamage": 95, 
    "MeleeInstability": 75, 
    "MeleeToHitModifier": 0, 
    "DFADamage": 95, 
    "DFAToHitModifier": 0, 
    "DFASelfDamage": 95, 
    "DFAInstability": 95, 
    "ChassisTags": {
        "items": [
            "chassis_endo", 
            "unit_mechtool"
        ], 
        "tagSetSourceFile": ""
    }, 
    "MechPartMax": 0, 
    "MovementCapDefID": "movedef_heavymech", 
    "PathingCapDefID": "pathingdef_heavy", 
    "HardpointDataDefID": "hardpointdatadef_redreaper", 
    "LOSSourcePositions": [
        {
            "x": 0, 
            "y": 18, 
            "z": 1
        }, 
        {
            "x": 4, 
            "y": 16, 
            "z": 0
        }, 
        {
            "x": -4, 
            "y": 16, 
            "z": 0
        }
    ], 
    "LOSTargetPositions": [
        {
            "x": 0, 
            "y": 18, 
            "z": 1
        }, 
        {
            "x": 4, 
            "y": 16, 
            "z": 0
        }, 
        {
            "x": -4, 
            "y": 16, 
            "z": 0
        }, 
        {
            "x": 3, 
            "y": 6, 
            "z": 0
        }, 
        {
            "x": -3, 
            "y": 6, 
            "z": 0
        }
    ], 
    "MechPartCount": 0, 
    "Locations": [
        {
            "Location": "Head", 
            "Hardpoints": [], 
            "Tonnage": 0, 
            "InventorySlots": 4, 
            "MaxArmor": 45, 
            "MaxRearArmor": -1, 
            "InternalStructure": 16
        }, 
        {
            "Location": "LeftArm", 
            "Hardpoints": [
                {
                    "Omni": false, 
                    "WeaponMount": "Energy"
                }
            ], 
            "Tonnage": 0, 
            "InventorySlots": 12, 
            "MaxArmor": 120, 
            "MaxRearArmor": -1, 
            "InternalStructure": 60
        }, 
        {
            "Location": "LeftTorso", 
            "Hardpoints": [
                {
                    "Omni": false, 
                    "WeaponMount": "Energy"
                }, 
                {
                    "Omni": false, 
                    "WeaponMount": "Energy"
                }, 
                {
                    "Omni": false, 
                    "WeaponMount": "AntiPersonnel"
                }
            ], 
            "Tonnage": 0, 
            "InventorySlots": 12, 
            "MaxArmor": 160, 
            "MaxRearArmor": 80, 
            "InternalStructure": 80
        }, 
        {
            "Location": "CenterTorso", 
            "Hardpoints": [
                {
                    "Omni": false, 
                    "WeaponMount": "Energy"
                }
            ], 
            "Tonnage": 0, 
            "InventorySlots": 16, 
            "MaxArmor": 230, 
            "MaxRearArmor": 115, 
            "InternalStructure": 115
        }, 
        {
            "Location": "RightTorso", 
            "Hardpoints": [
                {
                    "Omni": false, 
                    "WeaponMount": "Energy"
                }, 
                {
                    "Omni": false, 
                    "WeaponMount": "Energy"
                }, 
                {
                    "Omni": false, 
                    "WeaponMount": "AntiPersonnel"
                }
            ], 
            "Tonnage": 0, 
            "InventorySlots": 12, 
            "MaxArmor": 160, 
            "MaxRearArmor": 80, 
            "InternalStructure": 80
        }, 
        {
            "Location": "RightArm", 
            "Hardpoints": [
                {
                    "Omni": false, 
                    "WeaponMount": "Energy"
                }, 
                {
                    "Omni": false, 
                    "WeaponMount": "Energy"
                }
            ], 
            "Tonnage": 0, 
            "InventorySlots": 12, 
            "MaxArmor": 120, 
            "MaxRearArmor": -1, 
            "InternalStructure": 60
        }, 
        {
            "Location": "LeftLeg", 
            "Hardpoints": [], 
            "Tonnage": 0, 
            "InventorySlots": 6, 
            "MaxArmor": 160, 
            "MaxRearArmor": -1, 
            "InternalStructure": 80
        }, 
        {
            "Location": "RightLeg", 
            "Hardpoints": [], 
            "Tonnage": 0, 
            "InventorySlots": 6, 
            "MaxArmor": 160, 
            "MaxRearArmor": -1, 
            "InternalStructure": 80
        }
    ]
}