{
    "FixedEquipment": [], 
    "Description": {
        "Cost": 1914360, 
        "Rarity": 5, 
        "Purchasable": true, 
        "Manufacturer": "", 
        "Model": "", 
        "UIName": "Raven", 
        "Id": "chassisdef_raven_RVN-4X", 
        "Name": "Raven", 
        "Details": "A Capellan variant of the original prototype, the 4X was an attempt to turn the chassis into a pure combat unit. It removes the EW equipment and is outfitted with five jump jets and two Machine Guns with a ton of ammunition. The armor was increased to the chassis' limit of seven tons.", 
        "Icon": "uixTxrIcon_raven"
    }, 
    "VariantName": "RVN-4X", 
    "StockRole": "Very Fast Scout", 
    "YangsThoughts": "This is not a bad upgrade.  The extra armor really helps to keep the Raven 4X in one piece, while the JumpJets finally let this bird fly!", 
    "PrefabIdentifier": "chrPrfMech_ravenBase-001", 
    "PrefabBase": "raven", 
    "Tonnage": 35, 
    "InitialTonnage": 3.5, 
    "weightClass": "LIGHT", 
    "BattleValue": 4642000, 
    "Heatsinks": 0, 
    "TopSpeed": 210, 
    "TurnRadius": 90, 
    "MaxJumpjets": 8, 
    "Stability": 100, 
    "StabilityDefenses": [
        0, 
        0, 
        0, 
        0, 
        0, 
        0
    ], 
    "SpotterDistanceMultiplier": 1, 
    "VisibilityMultiplier": 1, 
    "SensorRangeMultiplier": 1, 
    "Signature": 0, 
    "Radius": 4, 
    "PunchesWithLeftArm": false, 
    "AlwaysPunchIfPossible": false, 
    "EngageRangeModifier": 0, 
    "MeleeDamage": 20, 
    "MeleeInstability": 30, 
    "MeleeToHitModifier": 0, 
    "DFADamage": 35, 
    "DFAToHitModifier": 0, 
    "DFASelfDamage": 35, 
    "DFAInstability": 35, 
    "ChassisTags": {
        "items": [
            "Retrofitted", 
            "unit_mechtool"
        ], 
        "tagSetSourceFile": ""
    }, 
    "MechPartMax": 0, 
    "MovementCapDefID": "movedef_lightmech", 
    "PathingCapDefID": "pathingdef_light", 
    "HardpointDataDefID": "hardpointdatadef_raven", 
    "LOSSourcePositions": [
        {
            "x": 0, 
            "y": 10, 
            "z": 3
        }, 
        {
            "x": 1, 
            "y": 9, 
            "z": -2
        }, 
        {
            "x": -1, 
            "y": 9, 
            "z": -2
        }
    ], 
    "LOSTargetPositions": [
        {
            "x": 0, 
            "y": 10, 
            "z": 3
        }, 
        {
            "x": 1, 
            "y": 9, 
            "z": -2
        }, 
        {
            "x": -1, 
            "y": 9, 
            "z": -2
        }, 
        {
            "x": 1, 
            "y": 5, 
            "z": -1
        }, 
        {
            "x": -1, 
            "y": 5, 
            "z": -1
        }
    ], 
    "MechPartCount": 0, 
    "Locations": [
        {
            "Location": "Head", 
            "Hardpoints": [], 
            "Tonnage": 0, 
            "InventorySlots": 4, 
            "MaxArmor": 45, 
            "MaxRearArmor": -1, 
            "InternalStructure": 16
        }, 
        {
            "Location": "LeftArm", 
            "Hardpoints": [
                {
                    "Omni": false, 
                    "WeaponMount": "AntiPersonnel"
                }, 
                {
                    "Omni": false, 
                    "WeaponMount": "AntiPersonnel"
                }
            ], 
            "Tonnage": 0, 
            "InventorySlots": 12, 
            "MaxArmor": 60, 
            "MaxRearArmor": -1, 
            "InternalStructure": 30
        }, 
        {
            "Location": "LeftTorso", 
            "Hardpoints": [], 
            "Tonnage": 0, 
            "InventorySlots": 12, 
            "MaxArmor": 80, 
            "MaxRearArmor": 40, 
            "InternalStructure": 40
        }, 
        {
            "Location": "CenterTorso", 
            "Hardpoints": [], 
            "Tonnage": 0, 
            "InventorySlots": 16, 
            "MaxArmor": 110, 
            "MaxRearArmor": 55, 
            "InternalStructure": 55
        }, 
        {
            "Location": "RightTorso", 
            "Hardpoints": [
                {
                    "Omni": false, 
                    "WeaponMount": "Missile"
                }
            ], 
            "Tonnage": 0, 
            "InventorySlots": 12, 
            "MaxArmor": 80, 
            "MaxRearArmor": 40, 
            "InternalStructure": 40
        }, 
        {
            "Location": "RightArm", 
            "Hardpoints": [
                {
                    "Omni": false, 
                    "WeaponMount": "Energy"
                }, 
                {
                    "Omni": false, 
                    "WeaponMount": "Energy"
                }, 
                {
                    "Omni": false, 
                    "WeaponMount": "AntiPersonnel"
                }
            ], 
            "Tonnage": 0, 
            "InventorySlots": 12, 
            "MaxArmor": 60, 
            "MaxRearArmor": -1, 
            "InternalStructure": 30
        }, 
        {
            "Location": "LeftLeg", 
            "Hardpoints": [], 
            "Tonnage": 0, 
            "InventorySlots": 6, 
            "MaxArmor": 80, 
            "MaxRearArmor": -1, 
            "InternalStructure": 40
        }, 
        {
            "Location": "RightLeg", 
            "Hardpoints": [], 
            "Tonnage": 0, 
            "InventorySlots": 6, 
            "MaxArmor": 80, 
            "MaxRearArmor": -1, 
            "InternalStructure": 40
        }
    ]
}