{
    "FixedEquipment": [], 
    "Description": {
        "Cost": 11618560, 
        "Rarity": 4, 
        "Purchasable": true, 
        "Manufacturer": "", 
        "Model": "", 
        "UIName": "Mauler", 
        "Id": "chassisdef_mauler_MAL-2R", 
        "Name": "Mauler", 
        "Details": "The -2R variant of the Mauler uses relatively new weapons. The standard AC/2s are replaced with Ultra versions, doubling their potential damage. Paired ER Medium Lasers are fitted in arms formerly housing the ER Large Lasers. The missile launchers are reduced to smaller LRM-10s. A heavier standard fusion engine is utilized instead of the expensive XL. <b><color=#53ff1a>Restricted Actuators- Left: Lower, Right: Lower</color></b>", 
        "Icon": "uixTxrIcon_mauler"
    }, 
    "VariantName": "MAL-2R", 
    "StockRole": "__/Base_3061.chassisdef_mauler_MAL-2R.StockRole/__", 
    "YangsThoughts": "__/Base_3061.chassisdef_mauler_MAL-2R.YangsThoughts/__", 
    "PrefabIdentifier": "chrprfmech_maulerbase-001", 
    "PrefabBase": "mauler", 
    "Tonnage": 90, 
    "InitialTonnage": 9, 
    "weightClass": "ASSAULT", 
    "BattleValue": 9642000, 
    "Heatsinks": 0, 
    "TopSpeed": 105, 
    "TurnRadius": 90, 
    "MaxJumpjets": 4, 
    "Stability": 200, 
    "StabilityDefenses": [
        0, 
        0, 
        0, 
        0, 
        0, 
        0
    ], 
    "SpotterDistanceMultiplier": 1, 
    "VisibilityMultiplier": 1, 
    "SensorRangeMultiplier": 1, 
    "Signature": 0, 
    "Radius": 8, 
    "PunchesWithLeftArm": false, 
    "AlwaysPunchIfPossible": false, 
    "EngageRangeModifier": 0, 
    "MeleeDamage": 45, 
    "MeleeInstability": 23, 
    "MeleeToHitModifier": 0, 
    "DFADamage": 90, 
    "DFAToHitModifier": 0, 
    "DFASelfDamage": 90, 
    "DFAInstability": 45, 
    "ChassisTags": {
        "items": [
            "unit_mechtool"
        ], 
        "tagSetSourceFile": ""
    }, 
    "MechPartMax": 0, 
    "MovementCapDefID": "movedef_assaultmech", 
    "PathingCapDefID": "pathingdef_assault", 
    "HardpointDataDefID": "hardpointdatadef_mauler", 
    "LOSSourcePositions": [
        {
            "x": 0, 
            "y": 17, 
            "z": 0
        }, 
        {
            "x": 5, 
            "y": 16, 
            "z": -1
        }, 
        {
            "x": -5, 
            "y": 16, 
            "z": -1
        }
    ], 
    "LOSTargetPositions": [
        {
            "x": 0, 
            "y": 17, 
            "z": 0
        }, 
        {
            "x": 5, 
            "y": 16, 
            "z": -1
        }, 
        {
            "x": -5, 
            "y": 16, 
            "z": -1
        }, 
        {
            "x": 3.5, 
            "y": 5.5, 
            "z": 1
        }, 
        {
            "x": -3.5, 
            "y": 5.5, 
            "z": 1
        }
    ], 
    "MechPartCount": 0, 
    "Locations": [
        {
            "Location": "Head", 
            "Hardpoints": [], 
            "Tonnage": 0, 
            "InventorySlots": 4, 
            "MaxArmor": 45, 
            "MaxRearArmor": -1, 
            "InternalStructure": 16
        }, 
        {
            "Location": "LeftArm", 
            "Hardpoints": [
                {
                    "Omni": false, 
                    "WeaponMount": "Energy"
                }, 
                {
                    "Omni": false, 
                    "WeaponMount": "Energy"
                }
            ], 
            "Tonnage": 0, 
            "InventorySlots": 12, 
            "MaxArmor": 150, 
            "MaxRearArmor": -1, 
            "InternalStructure": 75
        }, 
        {
            "Location": "LeftTorso", 
            "Hardpoints": [
                {
                    "Omni": false, 
                    "WeaponMount": "Missile"
                }, 
                {
                    "Omni": false, 
                    "WeaponMount": "Missile"
                }, 
                {
                    "Omni": false, 
                    "WeaponMount": "Ballistic"
                }, 
                {
                    "Omni": false, 
                    "WeaponMount": "Ballistic"
                }
            ], 
            "Tonnage": 0, 
            "InventorySlots": 12, 
            "MaxArmor": 190, 
            "MaxRearArmor": 95, 
            "InternalStructure": 95
        }, 
        {
            "Location": "CenterTorso", 
            "Hardpoints": [
                {
                    "Omni": false, 
                    "WeaponMount": "NotSet"
                }, 
                {
                    "Omni": false, 
                    "WeaponMount": "NotSet"
                }, 
                {
                    "Omni": false, 
                    "WeaponMount": "NotSet"
                }, 
                {
                    "Omni": false, 
                    "WeaponMount": "NotSet"
                }
            ], 
            "Tonnage": 0, 
            "InventorySlots": 16, 
            "MaxArmor": 290, 
            "MaxRearArmor": 145, 
            "InternalStructure": 145
        }, 
        {
            "Location": "RightTorso", 
            "Hardpoints": [
                {
                    "Omni": false, 
                    "WeaponMount": "Missile"
                }, 
                {
                    "Omni": false, 
                    "WeaponMount": "Missile"
                }, 
                {
                    "Omni": false, 
                    "WeaponMount": "Ballistic"
                }, 
                {
                    "Omni": false, 
                    "WeaponMount": "Ballistic"
                }
            ], 
            "Tonnage": 0, 
            "InventorySlots": 12, 
            "MaxArmor": 190, 
            "MaxRearArmor": 95, 
            "InternalStructure": 95
        }, 
        {
            "Location": "RightArm", 
            "Hardpoints": [
                {
                    "Omni": false, 
                    "WeaponMount": "Energy"
                }, 
                {
                    "Omni": false, 
                    "WeaponMount": "Energy"
                }
            ], 
            "Tonnage": 0, 
            "InventorySlots": 12, 
            "MaxArmor": 150, 
            "MaxRearArmor": -1, 
            "InternalStructure": 75
        }, 
        {
            "Location": "LeftLeg", 
            "Hardpoints": [], 
            "Tonnage": 0, 
            "InventorySlots": 6, 
            "MaxArmor": 190, 
            "MaxRearArmor": -1, 
            "InternalStructure": 95
        }, 
        {
            "Location": "RightLeg", 
            "Hardpoints": [], 
            "Tonnage": 0, 
            "InventorySlots": 6, 
            "MaxArmor": 190, 
            "MaxRearArmor": -1, 
            "InternalStructure": 95
        }
    ]
}