{
    "FixedEquipment": [], 
    "Description": {
        "Cost": 11888640, 
        "Rarity": 3, 
        "Purchasable": true, 
        "Manufacturer": "", 
        "Model": "", 
        "UIName": "Marauder II", 
        "Id": "chassisdef_marauderII_MAD-4A", 
        "Name": "Marauder II", 
        "Details": "The 4A Marauder II is built using technology available in 3012 when the design was first constructed. The 'Mech carries as its primary weapons two Magna Hellstar PPCs and replaces the Autocannon/5 of the original Marauder with a Magna Mk III Large Laser. For close combat, the 'Mech carries a pair of Medium Lasers.", 
        "Icon": "uixTxrIcon_marauderii"
    }, 
    "VariantName": "MAD-4A", 
    "StockRole": "Sniper & Ranged Assault", 
    "YangsThoughts": "Who looks at a Marauder and says to themselves 'that could be bigger and slap on some JumpJets while you're at it'.  Those Dragoons are insane.  But, I gotta say, this is an improvement on the standard Marauder in just about every way - aside from still having heat issues.", 
    "PrefabIdentifier": "chrprfmech_marauderiibase-001", 
    "PrefabBase": "marauderii", 
    "Tonnage": 100, 
    "InitialTonnage": 10, 
    "weightClass": "ASSAULT", 
    "BattleValue": 10206000, 
    "Heatsinks": 0, 
    "TopSpeed": 50, 
    "TurnRadius": 90, 
    "MaxJumpjets": 4, 
    "Stability": 200, 
    "StabilityDefenses": [
        0, 
        0, 
        0, 
        0, 
        0, 
        0
    ], 
    "SpotterDistanceMultiplier": 1, 
    "VisibilityMultiplier": 1, 
    "SensorRangeMultiplier": 1, 
    "Signature": 0, 
    "Radius": 8, 
    "PunchesWithLeftArm": false, 
    "AlwaysPunchIfPossible": false, 
    "EngageRangeModifier": 0, 
    "MeleeDamage": 125, 
    "MeleeInstability": 100, 
    "MeleeToHitModifier": 0, 
    "DFADamage": 125, 
    "DFAToHitModifier": 0, 
    "DFASelfDamage": 100, 
    "DFAInstability": 125, 
    "ChassisTags": {
        "items": [
            "AntiBallisticDesign", 
            "unit_mechtool"
        ], 
        "tagSetSourceFile": ""
    }, 
    "MechPartMax": 0, 
    "MovementCapDefID": "movedef_assaultmech", 
    "PathingCapDefID": "pathingdef_assault", 
    "HardpointDataDefID": "hardpointdatadef_marauderii", 
    "LOSSourcePositions": [
        {
            "x": 0, 
            "y": 18, 
            "z": 1
        }, 
        {
            "x": 4, 
            "y": 16, 
            "z": 0
        }, 
        {
            "x": -4, 
            "y": 16, 
            "z": 0
        }
    ], 
    "LOSTargetPositions": [
        {
            "x": 0, 
            "y": 18, 
            "z": 1
        }, 
        {
            "x": 4, 
            "y": 16, 
            "z": 0
        }, 
        {
            "x": -4, 
            "y": 16, 
            "z": 0
        }, 
        {
            "x": 3, 
            "y": 6, 
            "z": 0
        }, 
        {
            "x": -3, 
            "y": 6, 
            "z": 0
        }
    ], 
    "MechPartCount": 0, 
    "Locations": [
        {
            "Location": "Head", 
            "Hardpoints": [], 
            "Tonnage": 0, 
            "InventorySlots": 4, 
            "MaxArmor": 45, 
            "MaxRearArmor": -1, 
            "InternalStructure": 16
        }, 
        {
            "Location": "LeftArm", 
            "Hardpoints": [
                {
                    "Omni": false, 
                    "WeaponMount": "Energy"
                }, 
                {
                    "Omni": false, 
                    "WeaponMount": "Energy"
                }, 
                {
                    "Omni": false, 
                    "WeaponMount": "AntiPersonnel"
                }
            ], 
            "Tonnage": 0, 
            "InventorySlots": 12, 
            "MaxArmor": 170, 
            "MaxRearArmor": -1, 
            "InternalStructure": 85
        }, 
        {
            "Location": "LeftTorso", 
            "Hardpoints": [], 
            "Tonnage": 0, 
            "InventorySlots": 12, 
            "MaxArmor": 210, 
            "MaxRearArmor": 105, 
            "InternalStructure": 105
        }, 
        {
            "Location": "CenterTorso", 
            "Hardpoints": [], 
            "Tonnage": 0, 
            "InventorySlots": 16, 
            "MaxArmor": 310, 
            "MaxRearArmor": 155, 
            "InternalStructure": 155
        }, 
        {
            "Location": "RightTorso", 
            "Hardpoints": [
                {
                    "Omni": false, 
                    "WeaponMount": "Energy"
                }, 
                {
                    "Omni": false, 
                    "WeaponMount": "AntiPersonnel"
                }
            ], 
            "Tonnage": 0, 
            "InventorySlots": 12, 
            "MaxArmor": 210, 
            "MaxRearArmor": 105, 
            "InternalStructure": 105
        }, 
        {
            "Location": "RightArm", 
            "Hardpoints": [
                {
                    "Omni": false, 
                    "WeaponMount": "Energy"
                }, 
                {
                    "Omni": false, 
                    "WeaponMount": "Energy"
                }, 
                {
                    "Omni": false, 
                    "WeaponMount": "AntiPersonnel"
                }
            ], 
            "Tonnage": 0, 
            "InventorySlots": 12, 
            "MaxArmor": 170, 
            "MaxRearArmor": -1, 
            "InternalStructure": 85
        }, 
        {
            "Location": "LeftLeg", 
            "Hardpoints": [], 
            "Tonnage": 0, 
            "InventorySlots": 6, 
            "MaxArmor": 210, 
            "MaxRearArmor": -1, 
            "InternalStructure": 105
        }, 
        {
            "Location": "RightLeg", 
            "Hardpoints": [], 
            "Tonnage": 0, 
            "InventorySlots": 6, 
            "MaxArmor": 210, 
            "MaxRearArmor": -1, 
            "InternalStructure": 105
        }
    ]
}