{
    "FixedEquipment": [], 
    "Description": {
        "Cost": 3572640, 
        "Rarity": 1, 
        "Purchasable": true, 
        "Manufacturer": "", 
        "Model": "", 
        "UIName": "Blackjack", 
        "Id": "chassisdef_blackjack_BJ-2", 
        "Name": "Blackjack", 
        "Details": "The BJ-2 was introduced in 3052 by the Federated Suns as the new production model of the Blackjack, based on earlier experimental designs. It upgrades the 'Mech with two ER Large Lasers in place of the autocannons and removes the medium lasers for four Streak SRM-2 launchers, two each in the left and right sides of the torso. The standard heat sinks were upgraded to double heat sinks.", 
        "Icon": "uixTxrIcon_blackjack"
    }, 
    "VariantName": "BJ-2", 
    "StockRole": "Fire Support & Skirmisher", 
    "YangsThoughts": "Blackjack 1s are solid, well-rounded 'Mechs for their tonnage. They typically mount Jump Jets, which give them an extra edge by repositioning quickly to keep a direct line of fire for their Autocannons.", 
    "PrefabIdentifier": "chrPrfMech_blackjackBase-001", 
    "PrefabBase": "blackjack", 
    "Tonnage": 45, 
    "InitialTonnage": 4.5, 
    "weightClass": "MEDIUM", 
    "BattleValue": 4067000, 
    "Heatsinks": 0, 
    "TopSpeed": 120, 
    "TurnRadius": 90, 
    "MaxJumpjets": 8, 
    "Stability": 130, 
    "StabilityDefenses": [
        0, 
        0, 
        0, 
        0, 
        0, 
        0
    ], 
    "SpotterDistanceMultiplier": 1, 
    "VisibilityMultiplier": 1, 
    "SensorRangeMultiplier": 1, 
    "Signature": 0, 
    "Radius": 5, 
    "PunchesWithLeftArm": false, 
    "AlwaysPunchIfPossible": false, 
    "EngageRangeModifier": 0, 
    "MeleeDamage": 40, 
    "MeleeInstability": 45, 
    "MeleeToHitModifier": 0, 
    "DFADamage": 55, 
    "DFAToHitModifier": 0, 
    "DFASelfDamage": 55, 
    "DFAInstability": 55, 
    "ChassisTags": {
        "items": [
            "unit_mechtool"
        ], 
        "tagSetSourceFile": ""
    }, 
    "MechPartMax": 0, 
    "MovementCapDefID": "movedef_mediummech", 
    "PathingCapDefID": "pathingdef_medium", 
    "HardpointDataDefID": "hardpointdatadef_blackjack", 
    "LOSSourcePositions": [
        {
            "x": 0, 
            "y": 14, 
            "z": 0
        }, 
        {
            "x": 4, 
            "y": 14, 
            "z": 0
        }, 
        {
            "x": -4, 
            "y": 14, 
            "z": 0
        }
    ], 
    "LOSTargetPositions": [
        {
            "x": 0, 
            "y": 14, 
            "z": 0
        }, 
        {
            "x": 4, 
            "y": 14, 
            "z": 0
        }, 
        {
            "x": -4, 
            "y": 14, 
            "z": 0
        }, 
        {
            "x": 2.5, 
            "y": 6, 
            "z": 2.5
        }, 
        {
            "x": -2.5, 
            "y": 6, 
            "z": 2.5
        }
    ], 
    "MechPartCount": 0, 
    "Locations": [
        {
            "Location": "Head", 
            "Hardpoints": [], 
            "Tonnage": 0, 
            "InventorySlots": 4, 
            "MaxArmor": 45, 
            "MaxRearArmor": -1, 
            "InternalStructure": 16
        }, 
        {
            "Location": "LeftArm", 
            "Hardpoints": [
                {
                    "Omni": false, 
                    "WeaponMount": "Energy"
                }, 
                {
                    "Omni": false, 
                    "WeaponMount": "Energy"
                }
            ], 
            "Tonnage": 0, 
            "InventorySlots": 12, 
            "MaxArmor": 70, 
            "MaxRearArmor": -1, 
            "InternalStructure": 35
        }, 
        {
            "Location": "LeftTorso", 
            "Hardpoints": [
                {
                    "Omni": false, 
                    "WeaponMount": "Missile"
                }, 
                {
                    "Omni": false, 
                    "WeaponMount": "Missile"
                }
            ], 
            "Tonnage": 0, 
            "InventorySlots": 12, 
            "MaxArmor": 110, 
            "MaxRearArmor": 55, 
            "InternalStructure": 55
        }, 
        {
            "Location": "CenterTorso", 
            "Hardpoints": [], 
            "Tonnage": 0, 
            "InventorySlots": 16, 
            "MaxArmor": 140, 
            "MaxRearArmor": 70, 
            "InternalStructure": 70
        }, 
        {
            "Location": "RightTorso", 
            "Hardpoints": [
                {
                    "Omni": false, 
                    "WeaponMount": "Missile"
                }, 
                {
                    "Omni": false, 
                    "WeaponMount": "Missile"
                }
            ], 
            "Tonnage": 0, 
            "InventorySlots": 12, 
            "MaxArmor": 110, 
            "MaxRearArmor": 55, 
            "InternalStructure": 55
        }, 
        {
            "Location": "RightArm", 
            "Hardpoints": [
                {
                    "Omni": false, 
                    "WeaponMount": "Energy"
                }, 
                {
                    "Omni": false, 
                    "WeaponMount": "Energy"
                }
            ], 
            "Tonnage": 0, 
            "InventorySlots": 12, 
            "MaxArmor": 70, 
            "MaxRearArmor": -1, 
            "InternalStructure": 35
        }, 
        {
            "Location": "LeftLeg", 
            "Hardpoints": [], 
            "Tonnage": 0, 
            "InventorySlots": 6, 
            "MaxArmor": 110, 
            "MaxRearArmor": -1, 
            "InternalStructure": 55
        }, 
        {
            "Location": "RightLeg", 
            "Hardpoints": [], 
            "Tonnage": 0, 
            "InventorySlots": 6, 
            "MaxArmor": 110, 
            "MaxRearArmor": -1, 
            "InternalStructure": 55
        }
    ]
}