{
    "FixedEquipment": [], 
    "Description": {
        "Cost": 4220640, 
        "Rarity": 5, 
        "Purchasable": true, 
        "Manufacturer": "", 
        "Model": "", 
        "UIName": "Bushwacker", 
        "Id": "chassisdef_bushwacker_BSW-X2", 
        "Name": "Bushwacker", 
        "Details": "Based on the standard Bushwacker, this simple variant removes the ER Large Laser and replaces it with an additional LRM-5 launcher in the torso and a pair of Medium Pulse Lasers. It also drops one heat sink.", 
        "Icon": "uixTxrIcon_bushwacker"
    }, 
    "VariantName": "BSW-X2", 
    "StockRole": "Skirmisher & Cavalry", 
    "YangsThoughts": "The Bushwacker X2 slightly increases the indirect fire capability. It has lost a bit of it's long range firepower overall with the loss of the ER large laser, but has 2 medium pulse lasers for when it gets up close and personal.", 
    "PrefabIdentifier": "chrprfmech_bushwackerbase-001", 
    "PrefabBase": "bushwacker", 
    "Tonnage": 55, 
    "InitialTonnage": 5.5, 
    "weightClass": "MEDIUM", 
    "BattleValue": 5171000, 
    "Heatsinks": 0, 
    "TopSpeed": 80, 
    "TurnRadius": 90, 
    "MaxJumpjets": 7, 
    "Stability": 130, 
    "StabilityDefenses": [
        0, 
        0, 
        0, 
        0, 
        0, 
        0
    ], 
    "SpotterDistanceMultiplier": 1, 
    "VisibilityMultiplier": 1, 
    "SensorRangeMultiplier": 1, 
    "Signature": 0, 
    "Radius": 5, 
    "PunchesWithLeftArm": false, 
    "AlwaysPunchIfPossible": false, 
    "EngageRangeModifier": 0, 
    "MeleeDamage": 50, 
    "MeleeInstability": 55, 
    "MeleeToHitModifier": 0, 
    "DFADamage": 70, 
    "DFAToHitModifier": 0, 
    "DFASelfDamage": 70, 
    "DFAInstability": 70, 
    "ChassisTags": {
        "items": [
            "chassis_ferro", 
            "mech_case_left", 
            "mech_case_right", 
            "unit_mechtool"
        ], 
        "tagSetSourceFile": ""
    }, 
    "MechPartMax": 0, 
    "MovementCapDefID": "movedef_mediummech", 
    "PathingCapDefID": "pathingdef_medium", 
    "HardpointDataDefID": "hardpointdatadef_bushwacker", 
    "LOSSourcePositions": [
        {
            "x": 0, 
            "y": 15, 
            "z": 0
        }, 
        {
            "x": 4, 
            "y": 15, 
            "z": 0
        }, 
        {
            "x": -4, 
            "y": 15, 
            "z": 0
        }
    ], 
    "LOSTargetPositions": [
        {
            "x": 0, 
            "y": 15, 
            "z": 0
        }, 
        {
            "x": 4, 
            "y": 15, 
            "z": 0
        }, 
        {
            "x": -4, 
            "y": 15, 
            "z": 0
        }, 
        {
            "x": 2.5, 
            "y": 6, 
            "z": 2.5
        }, 
        {
            "x": -2.5, 
            "y": 6, 
            "z": 2.5
        }
    ], 
    "MechPartCount": 0, 
    "Locations": [
        {
            "Location": "Head", 
            "Hardpoints": [], 
            "Tonnage": 0, 
            "InventorySlots": 4, 
            "MaxArmor": 45, 
            "MaxRearArmor": -1, 
            "InternalStructure": 16
        }, 
        {
            "Location": "LeftArm", 
            "Hardpoints": [
                {
                    "Omni": false, 
                    "WeaponMount": "Missile"
                }
            ], 
            "Tonnage": 0, 
            "InventorySlots": 12, 
            "MaxArmor": 90, 
            "MaxRearArmor": -1, 
            "InternalStructure": 45
        }, 
        {
            "Location": "LeftTorso", 
            "Hardpoints": [
                {
                    "Omni": false, 
                    "WeaponMount": "Missile"
                }, 
                {
                    "Omni": false, 
                    "WeaponMount": "Missile"
                }, 
                {
                    "Omni": false, 
                    "WeaponMount": "AntiPersonnel"
                }
            ], 
            "Tonnage": 0, 
            "InventorySlots": 12, 
            "MaxArmor": 130, 
            "MaxRearArmor": 65, 
            "InternalStructure": 65
        }, 
        {
            "Location": "CenterTorso", 
            "Hardpoints": [
                {
                    "Omni": false, 
                    "WeaponMount": "Energy"
                }, 
                {
                    "Omni": false, 
                    "WeaponMount": "Energy"
                }
            ], 
            "Tonnage": 0, 
            "InventorySlots": 16, 
            "MaxArmor": 180, 
            "MaxRearArmor": 90, 
            "InternalStructure": 90
        }, 
        {
            "Location": "RightTorso", 
            "Hardpoints": [
                {
                    "Omni": false, 
                    "WeaponMount": "AntiPersonnel"
                }
            ], 
            "Tonnage": 0, 
            "InventorySlots": 12, 
            "MaxArmor": 130, 
            "MaxRearArmor": 65, 
            "InternalStructure": 65
        }, 
        {
            "Location": "RightArm", 
            "Hardpoints": [
                {
                    "Omni": false, 
                    "WeaponMount": "Ballistic"
                }
            ], 
            "Tonnage": 0, 
            "InventorySlots": 12, 
            "MaxArmor": 90, 
            "MaxRearArmor": -1, 
            "InternalStructure": 45
        }, 
        {
            "Location": "LeftLeg", 
            "Hardpoints": [], 
            "Tonnage": 0, 
            "InventorySlots": 6, 
            "MaxArmor": 130, 
            "MaxRearArmor": -1, 
            "InternalStructure": 65
        }, 
        {
            "Location": "RightLeg", 
            "Hardpoints": [], 
            "Tonnage": 0, 
            "InventorySlots": 6, 
            "MaxArmor": 130, 
            "MaxRearArmor": -1, 
            "InternalStructure": 65
        }
    ]
}