{
    "FixedEquipment": [], 
    "Description": {
        "Cost": 6920640, 
        "Rarity": 5, 
        "Purchasable": true, 
        "Manufacturer": "", 
        "Model": "", 
        "UIName": "Cataphract", 
        "Id": "chassisdef_cataphract_CTF-3L", 
        "Name": "Cataphract", 
        "Details": "Produced by the Capellans based on stolen Davion designs, the 3L is an upgraded version of the Cataphract that follows more in line with the prototype 1X model. It is propelled by an XL Engine with MASC instead of jump jets allowing it to reach speeds of 86.4 km/h in short bursts. While it is also armed with an LB-X Autocannon/10 as its primary weapon this is instead matched with an ER PPC for powerful striking capabilities at long range. Other differences include the use of four Medium Pulse Lasers and double heat sinks in place of the standard models. This design was produced by the Confederation at Grand Base following the ascension of Chancellor Romano Liao.", 
        "Icon": "uixTxrIcon_cataphract"
    }, 
    "VariantName": "CTF-3L", 
    "StockRole": "Brawler & Close Assault", 
    "YangsThoughts": "The Cataphract 3L got a complete Star League era weaponry rework, it helps being crammed with double heat sinks, the mech performs on another level. The 3L model works well at medium-long to closer range, with good armor and weaponry.", 
    "PrefabIdentifier": "chrPrfMech_cataphractBase-001", 
    "PrefabBase": "cataphract", 
    "Tonnage": 70, 
    "InitialTonnage": 7, 
    "weightClass": "HEAVY", 
    "BattleValue": 6577000, 
    "Heatsinks": 0, 
    "TopSpeed": 120, 
    "TurnRadius": 90, 
    "MaxJumpjets": 5, 
    "Stability": 160, 
    "StabilityDefenses": [
        0, 
        0, 
        0, 
        0, 
        0, 
        0
    ], 
    "SpotterDistanceMultiplier": 1, 
    "VisibilityMultiplier": 1, 
    "SensorRangeMultiplier": 1, 
    "Signature": 0, 
    "Radius": 8, 
    "PunchesWithLeftArm": false, 
    "AlwaysPunchIfPossible": false, 
    "EngageRangeModifier": 0, 
    "MeleeDamage": 90, 
    "MeleeInstability": 70, 
    "MeleeToHitModifier": 0, 
    "DFADamage": 90, 
    "DFAToHitModifier": 0, 
    "DFASelfDamage": 90, 
    "DFAInstability": 90, 
    "ChassisTags": {
        "items": [
            "unit_mechtool"
        ], 
        "tagSetSourceFile": ""
    }, 
    "MechPartMax": 0, 
    "MovementCapDefID": "movedef_heavymech", 
    "PathingCapDefID": "pathingdef_heavy", 
    "HardpointDataDefID": "hardpointdatadef_cataphract", 
    "LOSSourcePositions": [
        {
            "x": 0, 
            "y": 15, 
            "z": 1
        }, 
        {
            "x": 4, 
            "y": 14, 
            "z": 0
        }, 
        {
            "x": -4, 
            "y": 14, 
            "z": 0
        }
    ], 
    "LOSTargetPositions": [
        {
            "x": 0, 
            "y": 15, 
            "z": 1
        }, 
        {
            "x": 4, 
            "y": 14, 
            "z": 0
        }, 
        {
            "x": -4, 
            "y": 14, 
            "z": 0
        }, 
        {
            "x": 3, 
            "y": 5, 
            "z": 0
        }, 
        {
            "x": -3, 
            "y": 5, 
            "z": 0
        }
    ], 
    "MechPartCount": 0, 
    "Locations": [
        {
            "Location": "Head", 
            "Hardpoints": [], 
            "Tonnage": 0, 
            "InventorySlots": 4, 
            "MaxArmor": 45, 
            "MaxRearArmor": -1, 
            "InternalStructure": 16
        }, 
        {
            "Location": "LeftArm", 
            "Hardpoints": [
                {
                    "Omni": false, 
                    "WeaponMount": "Energy"
                }, 
                {
                    "Omni": false, 
                    "WeaponMount": "AntiPersonnel"
                }
            ], 
            "Tonnage": 0, 
            "InventorySlots": 12, 
            "MaxArmor": 110, 
            "MaxRearArmor": -1, 
            "InternalStructure": 55
        }, 
        {
            "Location": "LeftTorso", 
            "Hardpoints": [
                {
                    "Omni": false, 
                    "WeaponMount": "Energy"
                }, 
                {
                    "Omni": false, 
                    "WeaponMount": "AntiPersonnel"
                }
            ], 
            "Tonnage": 0, 
            "InventorySlots": 12, 
            "MaxArmor": 150, 
            "MaxRearArmor": 75, 
            "InternalStructure": 75
        }, 
        {
            "Location": "CenterTorso", 
            "Hardpoints": [], 
            "Tonnage": 0, 
            "InventorySlots": 16, 
            "MaxArmor": 220, 
            "MaxRearArmor": 110, 
            "InternalStructure": 110
        }, 
        {
            "Location": "RightTorso", 
            "Hardpoints": [
                {
                    "Omni": false, 
                    "WeaponMount": "Ballistic"
                }, 
                {
                    "Omni": false, 
                    "WeaponMount": "Energy"
                }
            ], 
            "Tonnage": 0, 
            "InventorySlots": 12, 
            "MaxArmor": 150, 
            "MaxRearArmor": 75, 
            "InternalStructure": 75
        }, 
        {
            "Location": "RightArm", 
            "Hardpoints": [
                {
                    "Omni": false, 
                    "WeaponMount": "Energy"
                }, 
                {
                    "Omni": false, 
                    "WeaponMount": "Energy"
                }
            ], 
            "Tonnage": 0, 
            "InventorySlots": 12, 
            "MaxArmor": 110, 
            "MaxRearArmor": -1, 
            "InternalStructure": 55
        }, 
        {
            "Location": "LeftLeg", 
            "Hardpoints": [], 
            "Tonnage": 0, 
            "InventorySlots": 6, 
            "MaxArmor": 150, 
            "MaxRearArmor": -1, 
            "InternalStructure": 75
        }, 
        {
            "Location": "RightLeg", 
            "Hardpoints": [], 
            "Tonnage": 0, 
            "InventorySlots": 6, 
            "MaxArmor": 150, 
            "MaxRearArmor": -1, 
            "InternalStructure": 75
        }
    ]
}