{
    "FixedEquipment": [], 
    "Description": {
        "Cost": 1475250, 
        "Rarity": 4, 
        "Purchasable": true, 
        "Manufacturer": "", 
        "Model": "", 
        "UIName": "Commando", 
        "Id": "chassisdef_commando_COM-1C", 
        "Name": "Commando", 
        "Details": "The Commando 1C is a recent variant that attempts to make a long range direct fire support unit, by removing the missiles and replacing them with a single AC2 in the right arm.", 
        "Icon": "uixTxrIcon_commando"
    }, 
    "VariantName": "COM-1C", 
    "StockRole": "Light Sniper & Scout", 
    "YangsThoughts": "I have mixed feelings on this, the 1C tries to be a direct fire support 'Mech, but doesn't really pack enough of a punch with its AC2, on top of that, they removed the JumpJets that would allow it to get the angle on the shots it needs.  I suppose in an open environment it could harass an incoming unit.", 
    "PrefabIdentifier": "chrPrfMech_commandoBase-001", 
    "PrefabBase": "commando", 
    "Tonnage": 25, 
    "InitialTonnage": 2.5, 
    "weightClass": "LIGHT", 
    "BattleValue": 2061000, 
    "Heatsinks": 0, 
    "TopSpeed": 85, 
    "TurnRadius": 90, 
    "MaxJumpjets": 8, 
    "Stability": 100, 
    "StabilityDefenses": [
        0, 
        0, 
        0, 
        0, 
        0, 
        0
    ], 
    "SpotterDistanceMultiplier": 1, 
    "VisibilityMultiplier": 1, 
    "SensorRangeMultiplier": 1, 
    "Signature": 0, 
    "Radius": 4, 
    "PunchesWithLeftArm": false, 
    "AlwaysPunchIfPossible": false, 
    "EngageRangeModifier": 0, 
    "MeleeDamage": 35, 
    "MeleeInstability": 25, 
    "MeleeToHitModifier": 0, 
    "DFADamage": 30, 
    "DFAToHitModifier": 0, 
    "DFASelfDamage": 30, 
    "DFAInstability": 30, 
    "ChassisTags": {
        "items": [
            "unit_mechtool"
        ], 
        "tagSetSourceFile": ""
    }, 
    "MechPartMax": 0, 
    "MovementCapDefID": "movedef_lightmech", 
    "PathingCapDefID": "pathingdef_light", 
    "HardpointDataDefID": "hardpointdatadef_commando", 
    "LOSSourcePositions": [
        {
            "x": 0, 
            "y": 10, 
            "z": 0.5
        }, 
        {
            "x": -2.5, 
            "y": 8, 
            "z": -0.5
        }, 
        {
            "x": 2.5, 
            "y": 8, 
            "z": -0.5
        }
    ], 
    "LOSTargetPositions": [
        {
            "x": 0, 
            "y": 10, 
            "z": 0.5
        }, 
        {
            "x": -2.5, 
            "y": 8, 
            "z": -0.5
        }, 
        {
            "x": 2.5, 
            "y": 8, 
            "z": -0.5
        }, 
        {
            "x": -1.5, 
            "y": 3, 
            "z": 0.5
        }, 
        {
            "x": 1.5, 
            "y": 3, 
            "z": 0.5
        }
    ], 
    "MechPartCount": 0, 
    "Locations": [
        {
            "Location": "Head", 
            "Hardpoints": [], 
            "Tonnage": 0, 
            "InventorySlots": 4, 
            "MaxArmor": 45, 
            "MaxRearArmor": -1, 
            "InternalStructure": 16
        }, 
        {
            "Location": "LeftArm", 
            "Hardpoints": [
                {
                    "Omni": false, 
                    "WeaponMount": "Energy"
                }, 
                {
                    "Omni": false, 
                    "WeaponMount": "AntiPersonnel"
                }
            ], 
            "Tonnage": 0, 
            "InventorySlots": 12, 
            "MaxArmor": 40, 
            "MaxRearArmor": -1, 
            "InternalStructure": 20
        }, 
        {
            "Location": "LeftTorso", 
            "Hardpoints": [], 
            "Tonnage": 0, 
            "InventorySlots": 12, 
            "MaxArmor": 60, 
            "MaxRearArmor": 30, 
            "InternalStructure": 30
        }, 
        {
            "Location": "CenterTorso", 
            "Hardpoints": [], 
            "Tonnage": 0, 
            "InventorySlots": 16, 
            "MaxArmor": 80, 
            "MaxRearArmor": 40, 
            "InternalStructure": 40
        }, 
        {
            "Location": "RightTorso", 
            "Hardpoints": [], 
            "Tonnage": 0, 
            "InventorySlots": 12, 
            "MaxArmor": 60, 
            "MaxRearArmor": 30, 
            "InternalStructure": 30
        }, 
        {
            "Location": "RightArm", 
            "Hardpoints": [
                {
                    "Omni": false, 
                    "WeaponMount": "Ballistic"
                }, 
                {
                    "Omni": false, 
                    "WeaponMount": "AntiPersonnel"
                }, 
                {
                    "Omni": false, 
                    "WeaponMount": "AntiPersonnel"
                }
            ], 
            "Tonnage": 0, 
            "InventorySlots": 12, 
            "MaxArmor": 40, 
            "MaxRearArmor": -1, 
            "InternalStructure": 20
        }, 
        {
            "Location": "LeftLeg", 
            "Hardpoints": [], 
            "Tonnage": 0, 
            "InventorySlots": 6, 
            "MaxArmor": 60, 
            "MaxRearArmor": -1, 
            "InternalStructure": 30
        }, 
        {
            "Location": "RightLeg", 
            "Hardpoints": [], 
            "Tonnage": 0, 
            "InventorySlots": 6, 
            "MaxArmor": 60, 
            "MaxRearArmor": -1, 
            "InternalStructure": 30
        }
    ]
}