{
    "FixedEquipment": [], 
    "Description": {
        "Cost": 10808640, 
        "Rarity": 4, 
        "Purchasable": true, 
        "Manufacturer": "", 
        "Model": "", 
        "UIName": "Highlander", 
        "Id": "chassisdef_highlander_HGN-732", 
        "Name": "Highlander", 
        "Details": "The Highlander is one of the most well-known Star League Defense Force assault 'Mechs, serving with distinction for almost two centuries since first entering service in 2592. The original 732 model features a variety of weaponry along with fifteen and a half tons of Ferro-Fibrous armor. The Highlander 732 carries a weapons mix that is more at home when fighting a ranged battle, but when the ranges close the 732 has the right equipment for the job.", 
        "Icon": "uixTxrIcon_highlander"
    }, 
    "VariantName": "HGN-732", 
    "StockRole": "Juggernaut & Heavy Cavalry", 
    "YangsThoughts": "I don't care how this Mech is back on the field again, seeing this old original Star League design makes me giddy. This is THE mech to choose if you want to go big, and you want to go Jump Jets.", 
    "PrefabIdentifier": "chrPrfMech_highlanderBase-001", 
    "PrefabBase": "highlander", 
    "Tonnage": 90, 
    "InitialTonnage": 9, 
    "weightClass": "ASSAULT", 
    "BattleValue": 9642000, 
    "Heatsinks": 0, 
    "TopSpeed": 105, 
    "TurnRadius": 90, 
    "MaxJumpjets": 4, 
    "Stability": 200, 
    "StabilityDefenses": [
        0, 
        0, 
        0, 
        0, 
        0, 
        0
    ], 
    "SpotterDistanceMultiplier": 1, 
    "VisibilityMultiplier": 1, 
    "SensorRangeMultiplier": 1, 
    "Signature": 0, 
    "Radius": 8, 
    "PunchesWithLeftArm": false, 
    "AlwaysPunchIfPossible": false, 
    "EngageRangeModifier": 0, 
    "MeleeDamage": 115, 
    "MeleeInstability": 90, 
    "MeleeToHitModifier": 0, 
    "DFADamage": 115, 
    "DFAToHitModifier": 0, 
    "DFASelfDamage": 115, 
    "DFAInstability": 115, 
    "ChassisTags": {
        "items": [
            "chassis_ferro", 
            "mech_case_left", 
            "mech_case_right", 
            "unit_mechtool"
        ], 
        "tagSetSourceFile": ""
    }, 
    "MechPartMax": 0, 
    "MovementCapDefID": "movedef_assaultmech", 
    "PathingCapDefID": "pathingdef_assault", 
    "HardpointDataDefID": "hardpointdatadef_highlander", 
    "LOSSourcePositions": [
        {
            "x": 0, 
            "y": 17, 
            "z": 0
        }, 
        {
            "x": 5, 
            "y": 16, 
            "z": -1
        }, 
        {
            "x": -5, 
            "y": 16, 
            "z": -1
        }
    ], 
    "LOSTargetPositions": [
        {
            "x": 0, 
            "y": 17, 
            "z": 0
        }, 
        {
            "x": 5, 
            "y": 16, 
            "z": -1
        }, 
        {
            "x": -5, 
            "y": 16, 
            "z": -1
        }, 
        {
            "x": 3.5, 
            "y": 6, 
            "z": 1
        }, 
        {
            "x": -3.5, 
            "y": 6, 
            "z": 1
        }
    ], 
    "MechPartCount": 0, 
    "Locations": [
        {
            "Location": "Head", 
            "Hardpoints": [], 
            "Tonnage": 0, 
            "InventorySlots": 4, 
            "MaxArmor": 45, 
            "MaxRearArmor": -1, 
            "InternalStructure": 16
        }, 
        {
            "Location": "LeftArm", 
            "Hardpoints": [
                {
                    "Omni": false, 
                    "WeaponMount": "Missile"
                }, 
                {
                    "Omni": false, 
                    "WeaponMount": "Missile"
                }
            ], 
            "Tonnage": 0, 
            "InventorySlots": 12, 
            "MaxArmor": 150, 
            "MaxRearArmor": -1, 
            "InternalStructure": 75
        }, 
        {
            "Location": "LeftTorso", 
            "Hardpoints": [
                {
                    "Omni": false, 
                    "WeaponMount": "Missile"
                }, 
                {
                    "Omni": false, 
                    "WeaponMount": "Missile"
                }
            ], 
            "Tonnage": 0, 
            "InventorySlots": 12, 
            "MaxArmor": 190, 
            "MaxRearArmor": 95, 
            "InternalStructure": 95
        }, 
        {
            "Location": "CenterTorso", 
            "Hardpoints": [], 
            "Tonnage": 0, 
            "InventorySlots": 16, 
            "MaxArmor": 290, 
            "MaxRearArmor": 145, 
            "InternalStructure": 145
        }, 
        {
            "Location": "RightTorso", 
            "Hardpoints": [
                {
                    "Omni": false, 
                    "WeaponMount": "Energy"
                }, 
                {
                    "Omni": false, 
                    "WeaponMount": "Energy"
                }, 
                {
                    "Omni": false, 
                    "WeaponMount": "AntiPersonnel"
                }
            ], 
            "Tonnage": 0, 
            "InventorySlots": 12, 
            "MaxArmor": 190, 
            "MaxRearArmor": 95, 
            "InternalStructure": 95
        }, 
        {
            "Location": "RightArm", 
            "Hardpoints": [
                {
                    "Omni": false, 
                    "WeaponMount": "Ballistic"
                }
            ], 
            "Tonnage": 0, 
            "InventorySlots": 12, 
            "MaxArmor": 150, 
            "MaxRearArmor": -1, 
            "InternalStructure": 75
        }, 
        {
            "Location": "LeftLeg", 
            "Hardpoints": [], 
            "Tonnage": 0, 
            "InventorySlots": 6, 
            "MaxArmor": 190, 
            "MaxRearArmor": -1, 
            "InternalStructure": 95
        }, 
        {
            "Location": "RightLeg", 
            "Hardpoints": [], 
            "Tonnage": 0, 
            "InventorySlots": 6, 
            "MaxArmor": 190, 
            "MaxRearArmor": -1, 
            "InternalStructure": 95
        }
    ]
}