{
    "FixedEquipment": [], 
    "Description": {
        "Cost": 10002210, 
        "Rarity": 4, 
        "Purchasable": true, 
        "Manufacturer": "", 
        "Model": "", 
        "UIName": "Awesome", 
        "Id": "chassisdef_awesome_AWS-9M", 
        "Name": "Awesome", 
        "Details": "The 9M is an upgrade of the Awesome that uses Star League technologies and was introduced in 3049. The 'Mech is built around a 320 XL Fusion engine, giving the 'Mech a top speed of 64.8 km/h. The heat sinks were upgraded to double heat sinks to allow this variant to be rearmed with three ER PPCs. The ER PPCs are backed up by two SRM-2s, split between the left arm and center torso and fed by one ton of reloads in the left leg, a Medium Pulse Laser also in the center torso, and a Small Pulse Laser in place of the head-mounted small laser.", 
        "Icon": "uixTxrIcon_awesome"
    }, 
    "VariantName": "AWS-9M", 
    "StockRole": "Heavy Sniper & Defender", 
    "YangsThoughts": "I think someone got a double heat sink spray paint and went in heavy on the The Awesome 9M. It's needed though, the 9M mounts an insane trio of ER PPCs that can destroy, knock down, or debilitate any target in no time. It's ungainly, but it can shrug off huge amounts of incoming fire.", 
    "PrefabIdentifier": "chrPrfMech_awesomeBase-001", 
    "PrefabBase": "awesome", 
    "Tonnage": 80, 
    "InitialTonnage": 8, 
    "weightClass": "ASSAULT", 
    "BattleValue": 7718000, 
    "Heatsinks": 0, 
    "TopSpeed": 105, 
    "TurnRadius": 90, 
    "MaxJumpjets": 5, 
    "Stability": 200, 
    "StabilityDefenses": [
        0, 
        0, 
        0, 
        0, 
        0, 
        0
    ], 
    "SpotterDistanceMultiplier": 1, 
    "VisibilityMultiplier": 1, 
    "SensorRangeMultiplier": 1, 
    "Signature": 0, 
    "Radius": 8, 
    "PunchesWithLeftArm": true, 
    "AlwaysPunchIfPossible": false, 
    "EngageRangeModifier": 0, 
    "MeleeDamage": 120, 
    "MeleeInstability": 80, 
    "MeleeToHitModifier": 0, 
    "DFADamage": 100, 
    "DFAToHitModifier": 0, 
    "DFASelfDamage": 100, 
    "DFAInstability": 100, 
    "ChassisTags": {
        "items": [
            "unit_mechtool"
        ], 
        "tagSetSourceFile": ""
    }, 
    "MechPartMax": 0, 
    "MovementCapDefID": "movedef_assaultmech", 
    "PathingCapDefID": "pathingdef_assault", 
    "HardpointDataDefID": "hardpointdatadef_awesome", 
    "LOSSourcePositions": [
        {
            "x": 0, 
            "y": 14, 
            "z": 0
        }, 
        {
            "x": 4, 
            "y": 15, 
            "z": -1
        }, 
        {
            "x": -4, 
            "y": 15, 
            "z": -1
        }
    ], 
    "LOSTargetPositions": [
        {
            "x": 0, 
            "y": 14, 
            "z": 0
        }, 
        {
            "x": 4, 
            "y": 15, 
            "z": -1
        }, 
        {
            "x": -4, 
            "y": 15, 
            "z": -1
        }, 
        {
            "x": 3.5, 
            "y": 6, 
            "z": 1
        }, 
        {
            "x": -3.5, 
            "y": 6, 
            "z": 1
        }
    ], 
    "MechPartCount": 0, 
    "Locations": [
        {
            "Location": "Head", 
            "Hardpoints": [
                {
                    "Omni": false, 
                    "WeaponMount": "Energy"
                }, 
                {
                    "Omni": false, 
                    "WeaponMount": "AntiPersonnel"
                }
            ], 
            "Tonnage": 0, 
            "InventorySlots": 4, 
            "MaxArmor": 45, 
            "MaxRearArmor": -1, 
            "InternalStructure": 16
        }, 
        {
            "Location": "LeftArm", 
            "Hardpoints": [
                {
                    "Omni": false, 
                    "WeaponMount": "Missile"
                }
            ], 
            "Tonnage": 0, 
            "InventorySlots": 12, 
            "MaxArmor": 130, 
            "MaxRearArmor": -1, 
            "InternalStructure": 65
        }, 
        {
            "Location": "LeftTorso", 
            "Hardpoints": [
                {
                    "Omni": false, 
                    "WeaponMount": "Energy"
                }, 
                {
                    "Omni": false, 
                    "WeaponMount": "Energy"
                }
            ], 
            "Tonnage": 0, 
            "InventorySlots": 12, 
            "MaxArmor": 170, 
            "MaxRearArmor": 85, 
            "InternalStructure": 85
        }, 
        {
            "Location": "CenterTorso", 
            "Hardpoints": [
                {
                    "Omni": false, 
                    "WeaponMount": "Energy"
                }, 
                {
                    "Omni": false, 
                    "WeaponMount": "Missile"
                }
            ], 
            "Tonnage": 0, 
            "InventorySlots": 16, 
            "MaxArmor": 250, 
            "MaxRearArmor": 125, 
            "InternalStructure": 125
        }, 
        {
            "Location": "RightTorso", 
            "Hardpoints": [
                {
                    "Omni": false, 
                    "WeaponMount": "Energy"
                }, 
                {
                    "Omni": false, 
                    "WeaponMount": "Energy"
                }
            ], 
            "Tonnage": 0, 
            "InventorySlots": 12, 
            "MaxArmor": 170, 
            "MaxRearArmor": 85, 
            "InternalStructure": 85
        }, 
        {
            "Location": "RightArm", 
            "Hardpoints": [
                {
                    "Omni": false, 
                    "WeaponMount": "Energy"
                }, 
                {
                    "Omni": false, 
                    "WeaponMount": "Energy"
                }
            ], 
            "Tonnage": 0, 
            "InventorySlots": 12, 
            "MaxArmor": 130, 
            "MaxRearArmor": -1, 
            "InternalStructure": 65
        }, 
        {
            "Location": "LeftLeg", 
            "Hardpoints": [], 
            "Tonnage": 0, 
            "InventorySlots": 6, 
            "MaxArmor": 170, 
            "MaxRearArmor": -1, 
            "InternalStructure": 85
        }, 
        {
            "Location": "RightLeg", 
            "Hardpoints": [], 
            "Tonnage": 0, 
            "InventorySlots": 6, 
            "MaxArmor": 170, 
            "MaxRearArmor": -1, 
            "InternalStructure": 85
        }
    ]
}