{
  "ID": "SoloDuel_ChallengeAccepted",
  "contractName": "Challenge Accepted",
  "contractDisplayStyle": "BaseCampaignNormal",
  "difficulty": 2,
  "difficultyUIModifier": 0,
  "weight": 1,
  "scope": "STANDARD",
  "finalDifficulty": 0,
  "representativeCastDefIDOverride": null,
  "missionSuccessStatementOverride": null,
  "badFaithStatementOverride": null,
  "goodFaithStatementOverride": null,
  "shortDescription": "Over the past few weeks we've been engaged in small stage skirmishes with {TEAM_TAR.FactionDef.ShortName} in and around {TGT_SYSTEM.name}. The company commander must feel they can't continue their campaign because they've requested a duel to claim this local forward base. Little do they know that we've recently run out of supplies so we've very much taken them up on their offer. This is where you come in. We need to you win this for us, Commander.",
  "longDescription": "No ammo left? What kind of idiot set up their supply lines. Let's clean this duel up and cash in, Commander.",
  "salvagePotential": 2,
  "requirementList": [
    {
      "Scope": "StarSystem",
      "RequirementTags": {
        "items": [],
        "tagSetSourceFile": ""
      },
      "ExclusionTags": {
        "items": [],
        "tagSetSourceFile": ""
      },
      "RequirementComparisons": [
        {
          "obj": "Employer.IsOwner",
          "op": "Equal",
          "val": 1,
          "valueConstant": null
        }
      ]
    }
  ],
  "OnContractSuccessResults": [],
  "OnContractFailureResults": [],
  "encounterPlayStyle": "SinglePlayer",
  "maxNumberOfPlayerUnits": 1,
  "lanceMinTonnage": -1,
  "lanceMaxTonnage": -1,
  "mechMinTonnages": [-1, -1, -1, -1],
  "mechMaxTonnages": [35, -1, -1, -1],
  "mapMood": null,
  "startingFogOfWarVisibility": "Surveyed",
  "contractObjectiveList": [
    {
      "contractObjective": {
        "EncounterObjectGuid": "73275787-720a-4c33-9f20-953b1bbf48bd"
      },
      "title": "Save the forward base",
      "description": "",
      "isPrimary": true,
      "forPlayer": "Player1",
      "objectiveGuids": ["a0b9c5b2-c594-4c5a-be1d-028a51c51519"]
    }
  ],
  "objectiveList": [
    {
      "objective": {
        "EncounterObjectGuid": "a0b9c5b2-c594-4c5a-be1d-028a51c51519"
      },
      "title": "Destroy Duelist Commander",
      "description": "",
      "isPrimary": true,
      "OnSuccessResults": [],
      "OnFailureResults": [],
      "OnSuccessDialogueGUID": null,
      "OnFailureDialogueGUID": null
    }
  ],
  "artilleryObjectiveList": [],
  "buildingList": [],
  "chunkList": [
    {
      "name": "Chunk_SwapSpawnerPlacement",
      "encounterChunk": {
        "EncounterObjectGuid": "ed007c52-f4cb-4bfc-842a-a50454d8a82a"
      },
      "enableChunkFromContract": false
    }
  ],
  "cameraFocusHelperList": [
    {
      "name": "Spawner_PlayerLance",
      "encounterObject": {
        "EncounterObjectGuid": "76b654a6-4f2c-4a6f-86e6-d4cf868335fe"
      }
    },
    {
      "name": "Lance_Enemy_Combatant",
      "encounterObject": {
        "EncounterObjectGuid": "f426f0dc-969d-477d-81a9-d02f9e1eff79"
      }
    }
  ],
  "dialogueList": [
    {
      "dialogue": {
        "EncounterObjectGuid": "73df8d9c-a274-48fd-98c9-2bd0d7860e83"
      },
      "name": "Dialogue_MissionStart",
      "overrideDialogueBucketId": "",
      "dialogueContent": [
        {
          "words": "That's the one, Commander. Take him out.",
          "wordsColor": {
            "r": 1,
            "g": 1,
            "b": 1,
            "a": 1
          },
          "selectedCastDefId": "castDef_DariusDefault",
          "emote": "Default",
          "audioName": "NONE",
          "cameraFocusGuid": "",
          "cameraDistance": "Far",
          "cameraHeight": "Default",
          "revealRadius": -1
        }
      ]
    },
    {
      "dialogue": {
        "EncounterObjectGuid": "4011a4c3-cba2-4d22-b2b3-3b19a3297ab9"
      },
      "name": "Dialogue_MissionSuccess",
      "overrideDialogueBucketId": "",
      "dialogueContent": [
        {
          "words": "Done and done. Great job, Commander. Let's go home.",
          "wordsColor": {
            "r": 1,
            "g": 1,
            "b": 1,
            "a": 1
          },
          "selectedCastDefId": "castDef_DariusDefault",
          "emote": "Default",
          "audioName": "NONE",
          "cameraFocusGuid": "",
          "cameraDistance": "Far",
          "cameraHeight": "Default",
          "revealRadius": -1
        }
      ]
    },
    {
      "dialogue": {
        "EncounterObjectGuid": "d3d33d95-9ed7-4686-b9eb-954ebe51cc02"
      },
      "name": "Dialogue_MissionFailure",
      "overrideDialogueBucketId": "",
      "dialogueContent": [
        {
          "words": "We're coming in to pick you up fast, Commander. Hold on. We'll sort out the political fallout from this later.",
          "wordsColor": {
            "r": 1,
            "g": 1,
            "b": 1,
            "a": 1
          },
          "selectedCastDefId": "castDef_DariusDefault",
          "emote": "Default",
          "audioName": "NONE",
          "cameraFocusGuid": "",
          "cameraDistance": "Far",
          "cameraHeight": "Default",
          "revealRadius": -1
        }
      ]
    },
    {
      "dialogue": {
        "EncounterObjectGuid": "8971ddc6-a882-4066-923f-f8be03450ce2"
      },
      "name": "Dialogue_DuelTaunt",
      "overrideDialogueBucketId": "",
      "dialogueContent": [
        {
          "words": "I know they said they were going to send a proxy but, a lowly Merc? What a waste of a perfectly good duel.",
          "wordsColor": {
            "r": 1,
            "g": 1,
            "b": 1,
            "a": 1
          },
          "selectedCastDefId": "castDef_TeamLeader_Current",
          "emote": "Default",
          "audioName": "NONE",
          "cameraFocusGuid": "f426f0dc-969d-477d-81a9-d02f9e1eff79",
          "cameraDistance": "Close",
          "cameraHeight": "Default",
          "revealRadius": -1
        }
      ]
    }
  ],
  "extractionOverrideList": [],
  "overwriteMissionCompleteWhenAutoComplete": true,
  "overrideAutoCompleteDialogueId": null,
  "disableNegotations": false,
  "disableLanceConfiguration": false,
  "disableCancelButton": false,
  "disableAfterAction": false,
  "contractRewardOverride": -1,
  "travelOnly": false,
  "useTravelCostPenalty": false,
  "usesExpiration": false,
  "expirationTimeOverride": -1,
  "negotiatedSalary": 1,
  "negotiatedSalvage": 0,
  "excludedFromProceduralGeneration": false,
  "player1Team": {
    "encounterLayerData": {
      "EncounterObjectGuid": "c1dd76b9-5f5f-46f1-b5a2-d1f22dd4991b"
    },
    "teamGuid": "bf40fd39-ccf9-47c4-94a6-061809681140",
    "teamName": "Player 1",
    "faction": "Player1sMercUnit",
    "teamLeaderCastDefId": "castDef_TeamLeader_Current",
    "lanceOverrideList": [
      {
        "lanceSpawner": {
          "EncounterObjectGuid": "76b654a6-4f2c-4a6f-86e6-d4cf868335fe"
        },
        "name": "Spawner_PlayerLance",
        "lanceDefId": "Manual",
        "lanceTagSet": {
          "items": [],
          "tagSetSourceFile": "tags/LanceTags"
        },
        "lanceExcludedTagSet": {
          "items": [],
          "tagSetSourceFile": "tags/LanceTags"
        },
        "spawnEffectTags": {
          "items": [],
          "tagSetSourceFile": "tags/SpawnEffectTags"
        },
        "lanceDifficultyAdjustment": 0,
        "selectedLanceDefId": null,
        "selectedLanceDifficulty": 0,
        "unitSpawnPointOverrideList": [
          {
            "unitSpawnPoint": {
              "EncounterObjectGuid": "ec9d2280-ca9a-4d90-8a20-963d8a4c0a39"
            },
            "customUnitName": null,
            "customHeraldryDefId": null,
            "unitType": "Mech",
            "unitDefId": "mechDef_None",
            "unitTagSet": {
              "items": [],
              "tagSetSourceFile": "tags/UnitTags"
            },
            "unitExcludedTagSet": {
              "items": [],
              "tagSetSourceFile": "tags/UnitTags"
            },
            "spawnEffectTags": {
              "items": [],
              "tagSetSourceFile": "tags/SpawnEffectTags"
            },
            "pilotDefId": "pilotDef_InheritLance",
            "pilotTagSet": {
              "items": [],
              "tagSetSourceFile": "tags/PilotTags"
            },
            "pilotExcludedTagSet": {
              "items": [],
              "tagSetSourceFile": "tags/PilotTags"
            },
            "selectedUnitType": "UNDEFINED",
            "selectedUnitDefId": null,
            "selectedPilotDefId": null
          }
        ]
      }
    ]
  },
  "player2Team": {
    "encounterLayerData": {
      "EncounterObjectGuid": "c1dd76b9-5f5f-46f1-b5a2-d1f22dd4991b"
    },
    "teamGuid": "757173dd-b4e1-4bb5-9bee-d78e623cc867",
    "teamName": "Player 2",
    "faction": "Player2sMercUnit",
    "teamLeaderCastDefId": "castDef_TeamLeader_Current",
    "lanceOverrideList": []
  },
  "employerTeam": {
    "encounterLayerData": {
      "EncounterObjectGuid": "c1dd76b9-5f5f-46f1-b5a2-d1f22dd4991b"
    },
    "teamGuid": "ecc8d4f2-74b4-465d-adf6-84445e5dfc230",
    "teamName": "Employer",
    "faction": "INVALID_UNSET",
    "teamLeaderCastDefId": "castDef_TeamLeader_Current",
    "lanceOverrideList": []
  },
  "targetTeam": {
    "encounterLayerData": {
      "EncounterObjectGuid": "c1dd76b9-5f5f-46f1-b5a2-d1f22dd4991b"
    },
    "teamGuid": "be77cadd-e245-4240-a93e-b99cc98902a5",
    "teamName": "Target",
    "faction": "INVALID_UNSET",
    "teamLeaderCastDefId": "castDef_TeamLeader_Current",
    "lanceOverrideList": [
      {
        "lanceSpawner": {
          "EncounterObjectGuid": "f426f0dc-969d-477d-81a9-d02f9e1eff79"
        },
        "name": "Lance_Enemy_Champion",
        "lanceDefId": "Tagged",
        "lanceTagSet": {
          "items": ["lance_type_light", "lance_type_mech"],
          "tagSetSourceFile": "tags/LanceTags"
        },
        "lanceExcludedTagSet": {
          "items": [],
          "tagSetSourceFile": "tags/LanceTags"
        },
        "spawnEffectTags": {
          "items": [],
          "tagSetSourceFile": "tags/SpawnEffectTags"
        },
        "lanceDifficultyAdjustment": 2,
        "selectedLanceDefId": "",
        "selectedLanceDifficulty": 0,
        "unitSpawnPointOverrideList": [
          {
            "unitSpawnPoint": {
              "EncounterObjectGuid": "6cd3107e-0f9d-4809-ab8c-fb30faf4cd80"
            },
            "customUnitName": "Commander",
            "customHeraldryDefId": "",
            "unitType": "Mech",
            "unitDefId": "mechDef_InheritLance",
            "unitTagSet": {
              "items": [],
              "tagSetSourceFile": "tags/UnitTags"
            },
            "unitExcludedTagSet": {
              "items": [],
              "tagSetSourceFile": "tags/UnitTags"
            },
            "spawnEffectTags": {
              "items": [],
              "tagSetSourceFile": "tags/SpawnEffectTags"
            },
            "pilotDefId": "pilotDef_InheritLance",
            "pilotTagSet": {
              "items": [],
              "tagSetSourceFile": "tags/PilotTags"
            },
            "pilotExcludedTagSet": {
              "items": [],
              "tagSetSourceFile": "tags/PilotTags"
            },
            "selectedUnitType": "UNDEFINED",
            "selectedUnitDefId": "",
            "selectedPilotDefId": ""
          }
        ]
      }
    ]
  },
  "targetsAllyTeam": {
    "encounterLayerData": {
      "EncounterObjectGuid": "c1dd76b9-5f5f-46f1-b5a2-d1f22dd4991b"
    },
    "teamGuid": "31151ed6-cfc2-467e-98c4-9ae5bea784cf",
    "teamName": "Target's Ally",
    "faction": "INVALID_UNSET",
    "teamLeaderCastDefId": "castDef_TeamLeader_Current",
    "lanceOverrideList": []
  },
  "neutralToAllTeam": {
    "encounterLayerData": {
      "EncounterObjectGuid": "c1dd76b9-5f5f-46f1-b5a2-d1f22dd4991b"
    },
    "teamGuid": "61612bb3-abf9-4586-952a-0559fa9dcd75",
    "teamName": "Neutral to All",
    "faction": "INVALID_UNSET",
    "teamLeaderCastDefId": "castDef_TeamLeader_Current",
    "lanceOverrideList": []
  },
  "hostileToAllTeam": {
    "encounterLayerData": {
      "EncounterObjectGuid": "c1dd76b9-5f5f-46f1-b5a2-d1f22dd4991b"
    },
    "teamGuid": "3c9f3a20-ab03-4bcb-8ab6-b1ef0442bbf0",
    "teamName": "Hostile to All",
    "faction": "INVALID_UNSET",
    "teamLeaderCastDefId": "castDef_TeamLeader_Current",
    "lanceOverrideList": []
  },
  "employersAllyTeam": {
    "encounterLayerData": null,
    "teamGuid": "70af7e7f-39a8-4e81-87c2-bd01dcb01b5e",
    "teamName": "Employers Ally",
    "faction": "INVALID_UNSET",
    "teamLeaderCastDefId": "castDef_TeamLeader_Current",
    "lanceOverrideList": []
  },
  "contractTypeID": "SoloDuel"
}
