{
  "LancePool": {
    "ALL": []
  },
  "RewardsPerLance": [
      {
        "Type": "ContractBonusRewardPct",
        "Value": "0.25"
      },
      {
        "Type": "ContractBonusTargetReputation",
        "Value": "-1"
      }
    ],
  "Enemy": {
    "Max": 1,
    "ExcludeContractTypes": [],
    "ChanceToSpawn": 0.4,
    "EliteLances": {
      "Conditions": ["IsEnemy"],
      "Suffix": "_Elite",
      "Overrides": {
        "ChanceToSpawn": 0.2
      }
    },
    "LancePool": {
      "ALL": ["Generic_Medium_Battle_Lance", "Damaged_Heavy_Battle_Lance"]
    }
  },
  "Allies": {
    "Max": 1,
    "ChanceToSpawn": 0.4,
    "EliteLances": {
      "Conditions": ["IsAlly"],
      "Overrides": {
        "Max": 2,
        "ChanceToSpawn": 0.6
      }
    },
    "LancePool": {
      "ALL": ["Mixed_Medium_Lance", "Vehicle_Medium_Lance", "Mech_Medium_Lance"]
    }
  }
}