{
  "IncludeContractTypes": [],
  "ExcludeContractTypes": [],
  "LancePool": {
    "ALL": ["Generic_Battle_Lance"]
  },
  "Enemy": {
    "Max": 1,
    "ExcludeContractTypes": [],
    "ChanceToSpawn": 0.4,
    "EliteLances": {
      "Conditions": ["IsEnemy"],
      "Suffix": "_Elite",
      "Overrides": {
        "ChanceToSpawn": 0.6
      }
    },
    "LancePool": {
      "ALL": [
        "Generic_Battle_Lance"
      ]
    }
  },
  "Allies": {
    "Max": 1,
    "ChanceToSpawn": 0.4,
    "EliteLances": {
      "Conditions": ["IsAlly"],
      "Overrides": {
        "Max": 2,
        "ChanceToSpawn": 0.6
      }
    },
    "LancePool": {
      "ALL": [
        "Generic_Battle_Lance"
      ]
    }
  }
}