{
    "Description" : {
        "Cost" : 0,
        "Rarity" : 0,
        "Purchasable" : true,
        "UIName" : "",
        "Id" : "argoUpgrade_mechBay_expandedDrop1",
        "Name" : "Expanded Drop",
        "Details" : "Improves our ability to field additional mechs <b><color=#F79232>Enables 6 Mechs to be deployed, or 450 tons total</color></b>",
        "Icon" : "uixSvgIcon_shipUpgrade_automation"
    },
    "Illustration" : "uixTxrSpot_YangWorking",
    "Location" : "MECH_BAY",
    "Category" : "REPAIR_REFIT",
    "AssignedCastDefId": "castDef_YangDefault",
    "AssignedCastDescription": "With this we can support dropping an additional Mech onto the battlefield.",
    "RequiredModules" : {
        "items" : [
            "argoUpgrade_power1",		
        ],
        "tagSetSourceFile" : ""
    },
    "Requirements" : [
        
    ],
    "TechCost" : 6,
    "PurchaseCost" : 35000,
    "AdditionalCost" : 6500,
    "Tags" : {
        "items" : [
            "argo_mechBay_expandedDrop1"
        ],
        "tagSetSourceFile" : ""
    },
    "Stats" : [
 		{
			"typeString" : "System.Int32",
			"name" : "BiggerDrops_AdditionalMechSlots",
			"value" : 1,
			"valueConstant" : ""
		},
		{
			"typeString" : "System.Int32",
			"name" : "BiggerDrops_AdditionalPlayerMechSlots",
			"value" : 1,
			"valueConstant" : ""
		},
		{
			"typeString" : "System.Int32",
			"name" : "BiggerDrops_MaxTonnage",
			"value" : 50,
			"valueConstant" : ""
		} 
    ]
}