{
	"Name": "BiggerDrops",
	"Enabled": true,
	"Version": "0.0.4",
	"PackagedOn": "2019-11-12T00:00:00Z",
	"DLL": "BiggerDrops.dll",
	"DLLEntryPoint": "BiggerDrops.BiggerDrops.Init",
	"DependsOn": [ "Mission Control" ],
	"ConflictsWith": [ ],

	"Description": "BiggerDrops",
	"Author": "Morthium",
    "Website": "https://www.nexusmods.com/battletech/mods/XXX",
	"Settings": {
		"debugLog": true,
	},
	"Manifest": [
		{
            "Type": "ShipModuleUpgrade",
            "Path": "shipUpgrades"
        },
        {
            "Type": "SimGameStatDescDef",
            "Path": "statdesc"
        }
	]
}