{
    "Description" : {
        "Cost" : 0,
        "Rarity" : 0,
        "Purchasable" : true,
        "UIName" : "",
        "Id" : "argoUpgrade_PilotSlot1",
        "Name" : "Command Console",
        "Details" : "<b><color=#F79232>Allows you to Command an Additional Mechwarrior Directly</color></b>\n\nThe upgrades continue commander. Interfacing this Star League technology with our own C&C systems is proving challenging, but there's no problem more money and time can't fix, right?",
        "Icon" : "uixSvgIcon_shipUpgrade_automation"
    },
    "Illustration" : "uixTxrSpot_YangWorking",
    "Location" : "UNKNOWN",
    "Category" : "STRUCTURE",
    "AssignedCastDefId": "castDef_FarahDefault",
    "AssignedCastDescription": "The next step will be to standardize the communication hardware between our 'Mechs and the Argo's systems so I can remove an abstraction layer from our ship-side software.",
    "RequiredModules" : {
        "items" : [
			"argo_trainingModule3",
			"JunkyardLeopard_Dropslot1",
			"argoUpgrade_PilotSlot"			
        ],
        "tagSetSourceFile" : ""
    },
    "Requirements" : [
        
    ],
    "TechCost" : 7,
    "PurchaseCost" : 350000,
    "AdditionalCost" : 6500,
    "Tags" : {
        "items" : [
            "JunkyardLeopard_Pilotslot1"
        ],
        "tagSetSourceFile" : ""
    },
    "Stats" : [
		{
			"typeString" : "System.Int32",
			"name" : "BiggerDrops_AdditionalPlayerMechSlots",
			"value" : 1,
			"valueConstant" : ""
		}
    ]
}
