{
    "Description" : {
        "Cost" : 0,
        "Rarity" : 0,
        "Purchasable" : true,
        "UIName" : "",
        "Id" : "argoUpgrade_WeightLimit4",
        "Name" : "Engine Repairs",
        "Details" : "The Leopard has lost a lot of engine power over the years rusting away. As it stands, getting down to the planet won't be a problem but it'd be a one way trip with the engines in their current state. I'll help Yang get started repairing the worst of the damage. <b><color=#F79232>Increases Drop Weight Limit by 25 tons</color></b>",
        "Icon" : "uixSvgIcon_shipUpgrade_automation"
    },
    "Illustration" : "uixTxrSpot_YangWorking",
    "Location" : "UNKNOWN",
    "Category" : "DRIVE_SYSTEM",
    "AssignedCastDefId": "castDef_SumireDefault",
    "AssignedCastDescription": "We've reached the limit of weight these engines can handle, Commander. It'll take some time to get them back up to spec.",
    "RequiredModules" : {
        "items" : [
			"argoUpgrade_WeightLimit3"
        ],
        "tagSetSourceFile" : ""
    },
    "Requirements" : [
        
    ],
    "TechCost" : 10,
    "PurchaseCost" : 140000,
    "AdditionalCost" : 4500,
    "Tags" : {
        "items" : [
            "JunkyardLeopard_Weightlimit4"
        ],
        "tagSetSourceFile" : ""
    },
    "Stats" : [
		{
			"typeString" : "System.Int32",
			"name" : "BiggerDrops_MaxTonnage",
			"value" : 25,
			"valueConstant" : ""
		} 
    ]
}
