{
    "Description" : {
        "Cost" : 0,
        "Rarity" : 0,
        "Purchasable" : true,
        "UIName" : "",
        "Id" : "argoUpgrade_WeightLimit5",
        "Name" : "Engine Repairs",
        "Details" : "The engine work continues, Commander. We've almost got those engines back up to their rated output. A little more tweaking should do it. <b><color=#F79232>Increases Drop Weight Limit by 25 tons</color></b>",
        "Icon" : "uixSvgIcon_shipUpgrade_automation"
    },
    "Illustration" : "uixTxrSpot_YangWorking",
    "Location" : "UNKNOWN",
    "Category" : "DRIVE_SYSTEM",
    "AssignedCastDefId": "castDef_YangDefault",
    "AssignedCastDescription": "Tune the Engine and drop them hot, Boss.",
    "RequiredModules" : {
        "items" : [
			"argoUpgrade_WeightLimit4"
        ],
        "tagSetSourceFile" : ""
    },
    "Requirements" : [
        
    ],
    "TechCost" : 11,
    "PurchaseCost" : 150000,
    "AdditionalCost" : 5000,
    "Tags" : {
        "items" : [
            "JunkyardLeopard_Weightlimit5"
        ],
        "tagSetSourceFile" : ""
    },
    "Stats" : [
		{
			"typeString" : "System.Int32",
			"name" : "BiggerDrops_MaxTonnage",
			"value" : 25,
			"valueConstant" : ""
		} 
    ]
}
