{
    "Description" : {
        "Cost" : 0,
        "Rarity" : 0,
        "Purchasable" : true,
        "UIName" : "",
        "Id" : "argoUpgrade_WeightLimit",
        "Name" : "Engine Repairs",
        "Details" : "The shuttle was allowed to go to rust sitting in the junkyard, Commander. Most parts of the Leopard’s basic structure consist of little more than rust and hope. My ‘techs can get to work repairing the worst of the damage, but I warn you now, to complete all of the work will be a long process. <b><color=#F79232>Increases Drop Weight Limit by 25 tons</color></b>",
        "Icon" : "uixSvgIcon_shipUpgrade_automation"
    },
    "Illustration" : "uixTxrSpot_YangWorking",
    "Location" : "UNKNOWN",
    "Category" : "DRIVE_SYSTEM",
    "AssignedCastDefId": "castDef_YangDefault",
    "AssignedCastDescription": "There's a lot of work to do on this baby, but we can manage it.",
    "RequiredModules" : {
        "items" : [
            "argoUpgrade_JunkyardLeopard",
			"argoUpgrade_mechBay_scaffolding",
			"argoUpgrade_mechBay_refitHarness"
        ],
        "tagSetSourceFile" : ""
    },
    "Requirements" : [
        
    ],
    "TechCost" : 6,
    "PurchaseCost" : 100000,
    "AdditionalCost" : 2500,
    "Tags" : {
        "items" : [
            "JunkyardLeopard_Weightlimit"
        ],
        "tagSetSourceFile" : ""
    },
    "Stats" : [
		{
			"typeString" : "System.Int32",
			"name" : "BiggerDrops_MaxTonnage",
			"value" : 25,
			"valueConstant" : ""
		} 
    ]
}
