{
    "Description" : {
        "Cost" : 0,
        "Rarity" : 0,
        "Purchasable" : true,
        "UIName" : "",
        "Id" : "argoUpgrade_DropSlot1",
        "Name" : "Repaired Mechbay",
        "Details" : "<b><color=#F79232>Enables to Drop 1 additional Mech.</color></b>\n\n<b><color=#F79232>Requires Command Console Upgrades to Control the Pilot!</color></b>\n\nThe first cradle turned out alright, boss. There's enough scrap left lying around we should be able to construct the bones of a gantry for the next, but we're also gonna need to buy several complex components to get the next cradle ready for use. Since this is even more of a creative upgrad than the last, our pilots will need top end training to interface directly with their 'Mech.",
        "Icon" : "uixSvgIcon_shipUpgrade_automation"
    },
    "Illustration" : "uixTxrSpot_YangWorking",
    "Location" : "UNKNOWN",
    "Category" : "POWER_SYSTEM",
    "AssignedCastDefId": "castDef_YangDefault",
    "AssignedCastDescription": "This will use up the last of the parts that weren't salvaged, but at least we were able to keep the costs down, right?",
    "RequiredModules" : {
        "items" : [
            "argoUpgrade_DropSlot"
        ],
        "tagSetSourceFile" : ""
    },
    "Requirements" : [
        
    ],
    "TechCost" : 7,
    "PurchaseCost" : 600000,
    "AdditionalCost" : 11000,
    "Tags" : {
        "items" : [
            "JunkyardLeopard_Dropslot1"
        ],
        "tagSetSourceFile" : ""
    },
    "Stats" : [
 		{
			"typeString" : "System.Int32",
			"name" : "BiggerDrops_AdditionalMechSlots",
			"value" : 1,
			"valueConstant" : ""
		}
    ]
}
