{
    "Description" : {
        "Cost" : 0,
        "Rarity" : 0,
        "Purchasable" : true,
        "UIName" : "",
        "Id" : "argoUpgrade_WeightLimit2",
        "Name" : "Engine Repairs",
        "Details" : "The interior of the ship is now more or less serviceable, but the underlying structure still needs a lot of work. <b><color=#F79232>Increases Drop Weight Limit by 25 tons</color></b>",
        "Icon" : "uixSvgIcon_shipUpgrade_automation"
    },
    "Illustration" : "uixTxrSpot_YangWorking",
    "Location" : "UNKNOWN",
    "Category" : "DRIVE_SYSTEM",
    "AssignedCastDefId": "castDef_YangDefault",
    "AssignedCastDescription": "The interior is now fit to sleep in. Not that I have been... Anyways, now we can start work on all the problems we can't see.",
    "RequiredModules" : {
        "items" : [
			"argoUpgrade_WeightLimit1"	
        ],
        "tagSetSourceFile" : ""
    },
    "Requirements" : [
        
    ],
    "TechCost" : 8,
    "PurchaseCost" : 120000,
    "AdditionalCost" : 3500,
    "Tags" : {
        "items" : [
            "JunkyardLeopard_Weightlimit2"
        ],
        "tagSetSourceFile" : ""
    },
    "Stats" : [
		{
			"typeString" : "System.Int32",
			"name" : "BiggerDrops_MaxTonnage",
			"value" : 25,
			"valueConstant" : ""
		} 
    ]
}
