{
    "Description" : {
        "Cost" : 0,
        "Rarity" : 0,
        "Purchasable" : true,
        "UIName" : "",
        "Id" : "argoUpgrade_PilotSlot",
        "Name" : "Command Console",
        "Details" : "<b><color=#F79232>Allows you to Command an Additional Mechwarrior Directly</color></b> \n\n The Command and Control systems were never really intended to support a Light Company’s worth of ‘Mechs, Commander. If we want to maintain communications with our pilots, we’ll need to upgrade our communication networks to deal with the additional bandwidth.",
        "Icon" : "uixSvgIcon_shipUpgrade_automation"
    },
    "Illustration" : "uixTxrSpot_YangWorking",
    "Location" : "UNKNOWN",
    "Category" : "STRUCTURE",
    "AssignedCastDefId": "castDef_FarahDefault",
    "AssignedCastDescription": "Improving the network linkages between our C&C systems should ease some of the burden",
    "RequiredModules" : {
        "items" : [
			"JunkyardLeopard",
        ],
        "tagSetSourceFile" : ""
    },
    "Requirements" : [
        
    ],
    "TechCost" : 6,
    "PurchaseCost" : 300000,
    "AdditionalCost" : 6000,
    "Tags" : {
        "items" : [
            "JunkyardLeopard_Pilotslot"
        ],
        "tagSetSourceFile" : ""
    },
    "Stats" : [
		{
			"typeString" : "System.Int32",
			"name" : "BiggerDrops_AdditionalPlayerMechSlots",
			"value" : 1,
			"valueConstant" : ""
		}
    ]
}
