{
    "Description" : {
        "Cost" : 0,
        "Rarity" : 0,
        "Purchasable" : true,
        "UIName" : "",
        "Id" : "argoUpgrade_DropSlot",
        "Name" : "Repaired Mechbay",
        "Details" : "<b><color=#F79232>Allows the droppinng of 1 additional 'Mech.</color></b>\n\n<b><color=#F79232>Requires Command Console Upgrades to Control the Pilot!</color></b>\n\nSo it turns out the docking cradles were salvaged for parts and scrap, but the mounting points are still intact. I can get my techs to work ripping out those'Mech cradles, Commander, but it's gonna take a while to get everything bolted onto our Leopard. While I can handle the upgrades, we'll need further equipment and pilot training to be able to fully control the 'Mech. Until then, we'll have to let the pilot babysit the AI in the 'Mech.",
        "Icon" : "uixSvgIcon_shipUpgrade_automation"
    },
    "Illustration" : "uixTxrSpot_YangWorking",
    "Location" : "UNKNOWN",
    "Category" : "POWER_SYSTEM",
    "AssignedCastDefId": "castDef_YangDefault",
    "AssignedCastDescription": "With this we can support dropping an additional 'Mech onto the battlefield.",
    "RequiredModules" : {
        "items" : [
            "argoUpgrade_JunkyardLeopard",
			"argoUpgrade_mechBay_machineShop"
        ],
        "tagSetSourceFile" : ""
    },
    "Requirements" : [
        
    ],
    "TechCost" : 6,
    "PurchaseCost" : 500000,
    "AdditionalCost" : 10000,
    "Tags" : {
        "items" : [
            "JunkyardLeopard_Dropslot"
        ],
        "tagSetSourceFile" : ""
    },
    "Stats" : [
 		{
			"typeString" : "System.Int32",
			"name" : "BiggerDrops_AdditionalMechSlots",
			"value" : 1,
			"valueConstant" : ""
		}
    ]
}
