{
    "Description" : {
        "Cost" : 0,
        "Rarity" : 0,
        "Purchasable" : true,
        "UIName" : "",
        "Id" : "argoUpgrade_WeightLimit3",
        "Name" : "Engine Repairs",
        "Details" : "Turns out the engine mounts are almost completely rusted away commander. We're gonna need to rebuild them before we can start fixing the engines, otherwise they'll rip themselves out under too much stress. <b><color=#F79232>Increases Drop Weight Limit by 25 tons</color></b>",
        "Icon" : "uixSvgIcon_shipUpgrade_automation"
    },
    "Illustration" : "uixTxrSpot_YangWorking",
    "Location" : "UNKNOWN",
    "Category" : "DRIVE_SYSTEM",
    "AssignedCastDefId": "castDef_YangDefault",
    "AssignedCastDescription": "Frankly I'm surprised there's been no disasters already, Boss. No one reported this to me. If you happen to notice any of my 'techs on septic tank duty over the coming weeks, I promise it's completely unrelated.",
    "RequiredModules" : {
        "items" : [
			"argoUpgrade_WeightLimit2"
        ],
        "tagSetSourceFile" : ""
    },
    "Requirements" : [
        
    ],
    "TechCost" : 9,
    "PurchaseCost" : 130000,
    "AdditionalCost" : 4000,
    "Tags" : {
        "items" : [
            "JunkyardLeopard_Weightlimit3"
        ],
        "tagSetSourceFile" : ""
    },
    "Stats" : [
		{
			"typeString" : "System.Int32",
			"name" : "BiggerDrops_MaxTonnage",
			"value" : 25,
			"valueConstant" : ""
		} 
    ]
}
