{
  "id": "castDef_MC_Killbox",
  "internalName": "MC_Killbox",
  "firstName": "Sandra",
  "lastName": "Zimmermann",
  "callsign": "Killbox",
  "rank": "Mercenary",
  "gender": "Female",
  "factionID": "NoFaction",
  "sgCharType": "UNSET",
  "showRank": true,
  "showFirstName": true,
  "showCallsign": true,
  "showLastName": true,
  "localizeName": true,
  "defaultEmotePortrait": {
    "emote": "Default",
    "portraitAssetPath": "sprites/Portraits/Female_Rank3_5.png"
  },
  "emotePotraitList": []
}
