{
  "id" : "castDef_MC_ArrogantSon",
  "internalName" : "MC_ArrogantSon",
  "firstName" : "Henry",
  "lastName" : "Toppletiff",
  "callsign" : null,
  "rank" : "Elite Society",
  "gender" : "Male",
  "factionID" : "NoFaction",
  "sgCharType" : "UNSET",
  "showRank" : true,
  "showFirstName" : true,
  "showCallsign" : false,
  "showLastName" : true,
  "localizeName" : true,
  "defaultEmotePortrait" : {
      "emote" : "Default",
      "portraitAssetPath" : "sprites/Portraits/guiTxrPort_SE05_ArmsDealerCaptain_def_utr.png"
  },
  "emotePotraitList" : []
}
