{
    "Name": "Galaxy at War",
    "Enabled": true,

    "Version": "4.2.9-HYR",
    "Author": "don Zappo and gnivler",
    
    "DLL": "GalaxyatWar.dll",
	"OptionallyDependsOn": [ 
		"BT_Extended_Overrides" 
	],
    "Settings": 
	{
		"StartingPirateActivity" : 25.0,
		"BonusPirateResources" : 500.0,
		"PirateSystemFlagValue" : 5.0,
		"FractionPirateResources" : 1,
		
		"ResourceScale" : 0.5,
		"UseSubsetOfSystems" : false,
		"SubSetFraction" : 1.0,
		"DifficultyFactor" : 1.0,
		"TakeoverThreshold" : 25,
		"GlobalDefenseFactor" : 1.5,
		"DResourceAdjustmentPerCycle" : 1,
		
		"InternalHotSpots" : 6,
		"ExternalHotSpots" : 5,
		
		"ChangeDifficulty" : true,
		"ExpandedMap" : true,
		"ResetMap" : false,
		
		"DeploymentMinDays" : 1,
		"DeploymentMaxDays" : 6,
		"DeploymentContracts" : 3.0,
		"DeploymentEscalationFactor" : 1.1,
		"InfluenceDivisor" : 1.25,
		"DeploymentRerollBound" : 0.33,
		"DeploymentReward_01" : "itemCollection_loot_careerReward_1",
		"DeploymentReward_02" : "itemCollection_loot_careerReward_2",
		"DeploymentReward_03" : "itemCollection_loot_careerReward_3",
		"DeploymentReward_04" : "itemCollection_loot_careerReward_4",
		"DeploymentReward_05" : "itemCollection_loot_careerReward_5",
		"DeploymentReward_06" : "itemCollection_loot_careerReward_6",
		
		"IncludedFactions": [
			"Davion",
			"Marik",
			"Liao",
			"TaurianConcordat",
			"MagistracyOfCanopus",
			"AuriganRestoration",
			"AuriganPirates",
			"NoFaction",
			"Locals",
			"ComStar",
			"CorporatePirates",
			"EvilEye",
			"HarbingersOfDoom",
			"InterstellarExpeditions",
			"MagnaMetals",
			"RenegadePirates",
			"RimPirates",
			"RoguePirates",
			"SyrtisPirates",
			"TaurusMajorisMining",
			"TaurusTerritorialIndustries",
			"TortugaPirates",
			"Warboys",
			"AlphardTradingCompany",
			"AntithesisCreed",
			"CanopianPirates",
			"CapellanPirates",
			"ClusterPirates"
			],
		"DefensiveFactions": [
			"Locals",
			"NoFaction",
			"ComStar"
			],
		"ImmuneToWar" : [
			"ComStar"
			],
		"BonusAttackResources": {
			"MagistracyOfCanopus" : 576,
			"Davion" : 576,
			"Liao" : 776,
			"Marik" : 576,
			"AuriganRestoration" : 576,
			"TaurianConcordat" : 576,
			"Locals" : 576,
			"NoFaction" : 576,
			"ComStar" : 0,
			"AuriganPirates" : 0,
			"CorporatePirates" : 0,
			"EvilEye" : 0,
			"HarbingersOfDoom" : 0,
			"InterstellarExpeditions" : 0,
			"MagnaMetals" : 0,
			"RenegadePirates" : 0,
			"RimPirates" : 0,
			"RoguePirates" : 0,
			"SyrtisPirates" : 0,
			"TaurusMajorisMining" : 0,
			"TaurusTerritorialIndustries" : 0,
			"TortugaPirates" : 0,
			"Warboys" : 0,
			"AlphardTradingCompany" : 0,
			"AntithesisCreed" : 0,
			"CanopianPirates" : 0,
			"CapellanPirates" : 0,
			"ClusterPirates" : 0
			},
		"BonusDefensiveResources": {
			"MagistracyOfCanopus" : 568,
			"Davion" : 568,
			"Liao" : 1568,
			"Marik" : 568,
			"AuriganRestoration" : 568,
			"TaurianConcordat" : 568,
			"Locals" : 568,
			"NoFaction" : 568,
			"ComStar" : 0,
			"AuriganPirates" : 0,
			"CorporatePirates" : 0,
			"EvilEye" : 0,
			"HarbingersOfDoom" : 0,
			"InterstellarExpeditions" : 0,
			"MagnaMetals" : 0,
			"RenegadePirates" : 0,
			"RimPirates" : 0,
			"RoguePirates" : 0,
			"SyrtisPirates" : 0,
			"TaurusMajorisMining" : 0,
			"TaurusTerritorialIndustries" : 0,
			"TortugaPirates" : 0,
			"Warboys" : 0,
			"AlphardTradingCompany" : 0,
			"AntithesisCreed" : 0,
			"CanopianPirates" : 0,
			"CapellanPirates" : 0,
			"ClusterPirates" : 0
			},
		"FactionNames": {
			"Davion" : "The Federated Suns",
			"Marik" : "The Free Worlds League",
			"Liao" : "The Capellan Confederation",
			"TaurianConcordat" : "The Taurian Concordat",
			"MagistracyOfCanopus" : "The Magistracy of Canopus",
			"AuriganRestoration" : "The Arano Restoration",
			"Kurita" : "The Draconis Combine",
			"Steiner" : "The Lyran Commonwealth",
			"ComStar" : "ComStar",
			"Locals" : "Local Government",
			"AuriganPirates" : "Pirates",
			"NoFaction" : "Local Factions",
			"CorporatePirates" : "Eagle Eye Inc.",
			"EvilEye" : "Evil Eye",
			"HarbingersOfDoom" : "Harbingers Of Doom",
			"InterstellarExpeditions" : "Interstellar Expeditions",
			"MagnaMetals" : "Magna Metals Incorporated",
			"RenegadePirates" : "White Death",
			"RimPirates" : "Unknown Organization",
			"RoguePirates" : "Isle Avengers",
			"SyrtisPirates" : "Bad Moon Rising",
			"TaurusMajorisMining" : "Taurus Majoris Mining",
			"TaurusTerritorialIndustries" : "Taurus Territorial Industries",
			"TortugaPirates" : "Satan's Kittens",
			"Warboys" : "Warboys",
			"AlphardTradingCompany" : "Alphard Trading Company",
			"AntithesisCreed" : "Antithesis Creed",
			"CanopianPirates" : "Jinxie and the Banshees",
			"CapellanPirates" : "14k Triad",
			"ClusterPirates" : "Badlands Horde"
			},
		"FactionStrings": {
			"Davion" : "Davion",
			"Marik" : "Marik",
			"Liao" : "Liao",
			"TaurianConcordat" : "TaurianConcordat",
			"MagistracyOfCanopus" : "MagistracyOfCanopus",
			"AuriganRestoration" : "AuriganRestoration",
			"Kurita" : "Kurita",
			"Steiner" : "Steiner",
			"ComStar" : "ComStar",
			"Locals" : "Locals",
			"NoFaction" : "NoFaction",
			"AuriganPirates" : "AuriganPirates",
			"CorporatePirates" : "CorporatePirates",
			"EvilEye" : "EvilEye",
			"HarbingersOfDoom" : "HarbingersOfDoom",
			"InterstellarExpeditions" : "InterstellarExpeditions",
			"MagnaMetals" : "MagnaMetals",
			"RenegadePirates" : "RenegadePirates",
			"RimPirates" : "RimPirates",
			"RoguePirates" : "RoguePirates",
			"SyrtisPirates" : "SyrtisPirates",
			"TaurusMajorisMining" : "TaurusMajorisMining",
			"TaurusTerritorialIndustries" : "TaurusTerritorialIndustries",
			"TortugaPirates" : "TortugaPirates",
			"Warboys" : "Warboys",
			"AlphardTradingCompany" : "AlphardTradingCompany",
			"AntithesisCreed" : "AntithesisCreed",
			"CanopianPirates" : "CanopianPirates",
			"CapellanPirates" : "CapellanPirates",
			"ClusterPirates" : "ClusterPirates"
			},
		"FactionShopItems": {
			"Davion" : "itemCollection_faction_Davion",
			"Marik" : "itemCollection_faction_Marik",
			"Liao" : "itemCollection_faction_Liao",
			"TaurianConcordat" : "itemCollection_faction_TaurianConcordat",
			"MagistracyOfCanopus" : "itemCollection_faction_MagistracyOfCanopus",
			"AuriganRestoration" : "itemCollection_faction_AuriganRestoration",
			"Kurita" : "itemCollection_faction_Kurita",
			"Steiner" : "itemCollection_faction_Steiner",
			"NoFaction" : "itemCollection_minor_Locals",
			"Locals" : "itemCollection_minor_Locals",
			"AuriganDirectorate" : "itemCollection_minor_Locals",
			"AuriganPirates" : "itemCollection_minor_Locals",
			"CorporatePirates" : "itemCollection_minor_Locals",
			"EvilEye" : "itemCollection_minor_Locals",
			"HarbingersOfDoom" : "itemCollection_minor_Locals",
			"InterstellarExpeditions" : "itemCollection_minor_Locals",
			"MagnaMetals" : "itemCollection_minor_Locals",
			"RenegadePirates" : "itemCollection_minor_Locals",
			"RimPirates" : "itemCollection_minor_Locals",
			"RoguePirates" : "itemCollection_minor_Locals",
			"SyrtisPirates" : "itemCollection_minor_Locals",
			"TaurusMajorisMining" : "itemCollection_minor_Locals",
			"TaurusTerritorialIndustries" : "itemCollection_minor_Locals",
			"TortugaPirates" : "itemCollection_minor_Locals",
			"Warboys" : "itemCollection_minor_Locals",
			"AlphardTradingCompany" : "itemCollection_minor_Locals",
			"AntithesisCreed" : "itemCollection_minor_Locals",
			"CanopianPirates" : "itemCollection_minor_Locals",
			"CapellanPirates" : "itemCollection_minor_Locals",
			"ClusterPirates" : "itemCollection_minor_Locals"
			},
		"FactionShops": {
			"Davion" : "itemCollection_minor_Davion",
			"Marik" : "itemCollection_minor_Marik",
			"Liao" : "itemCollection_minor_Liao",
			"TaurianConcordat" : "itemCollection_minor_TaurianConcordat",
			"MagistracyOfCanopus" : "itemCollection_faction_MagistracyOfCanopus",
			"AuriganRestoration" : "itemCollection_minor_AuriganRestoration",
			"Kurita" : "itemCollection_minor_Kurita",
			"Steiner" : "itemCollection_minor_Steiner",
			"Locals" : "itemCollection_minor_Locals",
			"NoFaction" : "itemCollection_minor_Locals",
			"AuriganPirates" : "itemCollection_minor_Locals",
			"CorporatePirates" : "itemCollection_minor_Locals",
			"EvilEye" : "itemCollection_minor_Locals",
			"HarbingersOfDoom" : "itemCollection_minor_Locals",
			"InterstellarExpeditions" : "itemCollection_minor_Locals",
			"MagnaMetals" : "itemCollection_minor_Locals",
			"RenegadePirates" : "itemCollection_minor_Locals",
			"RimPirates" : "itemCollection_minor_Locals",
			"RoguePirates" : "itemCollection_minor_Locals",
			"SyrtisPirates" : "itemCollection_minor_Locals",
			"TaurusMajorisMining" : "itemCollection_minor_Locals",
			"TaurusTerritorialIndustries" : "itemCollection_minor_Locals",
			"TortugaPirates" : "itemCollection_minor_Locals",
			"Warboys" : "itemCollection_minor_Locals",
			"AlphardTradingCompany" : "itemCollection_minor_Locals",
			"AntithesisCreed" : "itemCollection_minor_Locals",
			"CanopianPirates" : "itemCollection_minor_Locals",
			"CapellanPirates" : "itemCollection_minor_Locals",
			"ClusterPirates" : "itemCollection_minor_Locals"
			},
		"FactionTags": {
			"Davion" : "planet_faction_davion",
			"Marik" : "planet_faction_marik",
			"Liao" : "planet_faction_liao",
			"TaurianConcordat" : "planet_faction_taurian",
			"MagistracyOfCanopus" : "planet_faction_magistracy",
			"AuriganRestoration" : "planet_faction_restoration",
			"Kurita" : "planet_faction_kurita",
			"Steiner" : "planet_faction_steiner",
			"ComStar" : "planet_faction_comstar",
			"Locals" : "planet_faction_independent",
			"NoFaction" : "planet_faction_nofaction",
			"AuriganDirectorate" : "planet_faction_directorate",
			"AuriganPirates" : "planet_faction_auriganpirates",
			"CorporatePirates" : "planet_faction_corporatepirates",
			"EvilEye" : "planet_faction_evileye",
			"HarbingersOfDoom" : "planet_faction_harbingersofdoom",
			"InterstellarExpeditions" : "planet_faction_interstellarexpeditions",
			"MagnaMetals" : "planet_faction_magnametals",
			"RenegadePirates" : "planet_faction_renegadepirates",
			"RimPirates" : "planet_faction_rimpirates",
			"RoguePirates" : "planet_faction_roguepirates",
			"SyrtisPirates" : "planet_faction_syrtispirates",
			"TaurusMajorisMining" : "planet_faction_taurusmajorismining",
			"TaurusTerritorialIndustries" : "planet_faction_taurusterritorialindustries",
			"TortugaPirates" : "planet_faction_tortugapirates",
			"Warboys" : "planet_faction_warboys",
			"AlphardTradingCompany" : "planet_faction_alphardtradingcompany",
			"AntithesisCreed" : "planet_faction_antithesiscreed",
			"CanopianPirates" : "planet_faction_canopianpirates",
			"CapellanPirates" : "planet_faction_capellanpirates",
			"ClusterPirates" : "planet_faction_clusterpirates"
			},
		"LogoNames": {
			"Davion" : "davionLogo",
			"Marik" : "marikLogo",
			"Liao" : "liaoLogo",
			"TaurianConcordat" : "taurianLogo",
			"MagistracyOfCanopus" : "magistracyLogo",
			"AuriganRestoration" : "restorationLogo",
			"Kurita" : "kuritaLogo",
			"Steiner" : "steinerLogo",
			"CorporatePirates" : "corporatepiratesLogo",
			"EvilEye" : "evileyeLogo",
			"HarbingersOfDoom" : "harbingersofdoomLogo",
			"InterstellarExpeditions" : "interstellarexpeditionsLogo",
			"MagnaMetals" : "magnametalsLogo",
			"RenegadePirates" : "renegadepiratesLogo",
			"RimPirates" : "rimpiratesLogo",
			"RoguePirates" : "roguepiratesLogo",
			"SyrtisPirates" : "syrtispiratesLogo",
			"TaurusMajorisMining" : "taurusmajorisminingLogo",
			"TaurusTerritorialIndustries" : "taurusterritorialindustriesLogo",
			"TortugaPirates" : "tortugapiratesLogo",
			"Warboys" : "warboysLogo",
			"AlphardTradingCompany" : "alphardtradingcompanyLogo",
			"AntithesisCreed" : "antithesiscreedLogo",
			"CanopianPirates" : "canopianpiratesLogo",
			"CapellanPirates" : "capellanpiratesLogo",
			"ClusterPirates" : "clusterpiratesLogo"
			},
		//*** SimpleBattle: 3, DestroyBase: 6, CaptureBase: 7, CaptureEscort: 8, Rescue: 9, Assassinate: 10,
		//*** DefendBase: 11, EscortSingle: 12, AmbushConvoy: 15, FireMission: 50, ThreeWayBattle: 52, AttackDefend: 53, 
		"ContractImpact": {
			"SimpleBattle" : 0.8,
			"DestroyBase" : 0.8,
			"CaptureBase" : 1.0,
			"CaptureEscort" : 1.0,
			"Rescue" : 0.4,
			"Assassinate" : 1.2,
			"DefendBase" : 1.2,
			"EscortSingle" : 1.0,
			"AmbushConvoy" : 0.8,
			"FireMission" : 1.4,
			"ThreeWayBattle" : 0.6,
			"AttackDefend" : 1.6,
			"SoloDuel" : 0.4,
			"DuoDuel" : 0.4
			},
			
			
			
		//This region allows for a separate set of values that *must* be changed if you are including more than the base factions.
		//Values still need to be changed above, but having excess values in the areas above will not cause issues when running GaW.
		"ISMCompatibility" : false,
		
		"StartingPirateActivity_ISM" : 5.0,
		"BonusPirateResources_ISM" : 0.0,
		"PirateSystemFlagValue_ISM" : 5.0,
		"FractionPirateResources_ISM" : 1,
		
		"IncludedFactions_ISM": [
			"Davion",
			"Marik",
			"Liao",
			"TaurianConcordat",
			"MagistracyOfCanopus",
			"AuriganRestoration",
			"Kurita",
			"Steiner",
			"AuriganPirates",
			"NoFaction",
			"Locals",
			"ComStar"
			],
		"BonusAttackResources_ISM": {
			"MagistracyOfCanopus" : 0,
			"Davion" : 0,
			"Liao" : 0,
			"Marik" : 0,
			"AuriganRestoration" : 0,
			"TaurianConcordat" : 0,
			"Kurita" : 0,
			"Steiner" : 0,
			"Locals" : 0,
			"NoFaction" : 0,
			"ComStar" : 0,
			"AuriganPirates" : 0
			},
		"BonusDefensiveResources_ISM": {
			"MagistracyOfCanopus" : 0,
			"Davion" : 500,
			"Liao" : 0,
			"Marik" : 0,
			"AuriganRestoration" : 0,
			"TaurianConcordat" : 0,
			"Kurita" : 0,
			"Steiner" : 0,
			"Locals" : 0,
			"NoFaction" : 0,
			"ComStar" : 0,
			"AuriganPirates" : 0
			},
			
			
		"LongWarTesting" : false,
		"Debug" : false
    }
}