{
  "EncounterLayerID": "mapStory_StoryEncounter9_vHigh.3c5ba39d-2afa-49d5-a279-299abd0df880",
  "MapID": "mapStory_StoryEncounter9_vHigh",
  "Name": "encMC_DuoDuel_Arena",
  "FriendlyName": "Duo Duel - Arena",
  "Description": "Player must kill the duel targets.",
  "BattleValue": "0",
  "ContractTypeID": "10001",
  "EncounterLayerGUID": "3c5ba39d-2afa-49d5-a279-299abd0df880",
  "TagSetID": "mapStory_StoryEncounter9_vHigh.3c5ba39d-2afa-49d5-a279-299abd0df880",
  "IncludeInBuild": "1"
}
