{
  "EncounterLayerID": "mapStory_StoryEncounter6_iGlc.5a291d07-f1d5-499f-98f8-43c137187714",
  "MapID": "mapStory_StoryEncounter6_iGlc",
  "Name": "encMC_DuoDuel_OpenArea",
  "FriendlyName": "Duo Duel - Open Area",
  "Description": "Player must kill the duel targets.",
  "BattleValue": "0",
  "ContractTypeID": "10001",
  "EncounterLayerGUID": "5a291d07-f1d5-499f-98f8-43c137187714",
  "TagSetID": "mapStory_StoryEncounter6_iGlc.5a291d07-f1d5-499f-98f8-43c137187714",
  "IncludeInBuild": "1"
}
