{
  "EncounterLayerID": "mapStory_StoryEncounter3_mMoon.5f862402-45c0-495c-9fb2-604dae9a2ad6",
  "MapID": "mapStory_StoryEncounter3_mMoon",
  "Name": "encMC_DuoDuel_CrashSite",
  "FriendlyName": "Duo Duel - Crash Site",
  "Description": "Player must kill the duel targets.",
  "BattleValue": "0",
  "ContractTypeID": "10001",
  "EncounterLayerGUID": "5f862402-45c0-495c-9fb2-604dae9a2ad6",
  "TagSetID": "mapStory_StoryEncounter3_mMoon.5f862402-45c0-495c-9fb2-604dae9a2ad6",
  "IncludeInBuild": "1"
}
