{
    "ID" : "hardpointdatadef_gallowglas",



    "HardpointData" : [
        {
            "location" : "centertorso",
            "weapons" : [
				[

				]

			],
            "blanks" : [
                
            ],
            "mountingPoints" : [
                
            ]
        },
        {
            "location" : "head",
            "weapons" : [
				[
					"chrprfweap_valkyrieii_head_laser_eh1"
				]
            ],
            "blanks" : [
                
            ],
            "mountingPoints" : [
                
            ]
        },
        {
            "location" : "leftarm",
            "weapons" : [
                [
					"chrprfweap_valkyrieii_leftarm_ac20_bh2",
					"chrprfweap_valkyrieii_leftarm_gauss_bh2",
					"chrprfweap_valkyrieii_leftarm_laser_eh2",
					"chrprfweap_valkyrieii_leftarm_ppc_eh2",
					"chrprfweap_valkyrieii_leftarm_uac5_bh2"
                ],
                [
					"chrprfweap_valkyrieii_leftarm_laser_eh3",
					"chrprfweap_valkyrieii_leftarm_ppc_eh3"
                ]
            ],
            "blanks" : [
                
            ],
            "mountingPoints" : [
                
            ]
        },
        {
            "location" : "lefttorso",
            "weapons" : [
                [
					"chrprfweap_valkyrieii_lefttorso_ac20_bh1",
					"chrprfweap_valkyrieii_lefttorso_ac5_bh1",
					"chrprfweap_valkyrieii_lefttorso_arrow_mh1",
					"chrprfweap_valkyrieii_lefttorso_flamer_eh1",
					"chrprfweap_valkyrieii_lefttorso_gauss_bh1",
					"chrprfweap_valkyrieii_lefttorso_laser_eh1",
					"chrprfweap_valkyrieii_lefttorso_lrm10_mh1",
					"chrprfweap_valkyrieii_lefttorso_lrm20_mh1",
					"chrprfweap_valkyrieii_lefttorso_lrm5_mh1",
					"chrprfweap_valkyrieii_lefttorso_mg_bh1",
					"chrprfweap_valkyrieii_lefttorso_ppc_eh1",
					"chrprfweap_valkyrieii_lefttorso_srm6_mh1"
                ],
                [
					"chrprfweap_valkyrieii_lefttorso_flamer_eh2",
					"chrprfweap_valkyrieii_lefttorso_laser_eh2",
					"chrprfweap_valkyrieii_lefttorso_ppc_eh2"
                ],
                [
					"chrprfweap_valkyrieii_lefttorso_laser_eh3"
                ],
                [
					"chrprfweap_valkyrieii_lefttorso_laser_eh4"
                ]
            ],
            "blanks" : [
                
            ],
            "mountingPoints" : [
                
            ]
        },
        {
            "location" : "rightarm",
            "weapons" : [
                [
					"chrprfweap_valkyrieii_rightarm_ac10_bh1",
					"chrprfweap_valkyrieii_rightarm_ac20_bh1",
					"chrprfweap_valkyrieii_rightarm_gauss_bh1",
					"chrprfweap_valkyrieii_rightarm_laser_eh1",
					"chrprfweap_valkyrieii_rightarm_mace_bh1",
					"chrprfweap_valkyrieii_rightarm_sword_bh1",
					"chrprfweap_valkyrieii_rightarm_mg_bh1",
					"chrprfweap_valkyrieii_rightarm_ppc_eh1",
					"chrprfweap_valkyrieii_rightarm_uac5_bh1"
                ],
                [
					"chrprfweap_valkyrieii_rightarm_laser_eh2",
					"chrprfweap_valkyrieii_rightarm_ppc_eh2"
                ]
            ],
            "blanks" : [
                
            ],
            "mountingPoints" : [
                
            ]
        },
        {
            "location" : "righttorso",
            "weapons" : [
                [
					"chrprfweap_valkyrieii_righttorso_ac20_bh1",
					"chrprfweap_valkyrieii_righttorso_ac5_bh1",
					"chrprfweap_valkyrieii_righttorso_arrow_mh1",
					"chrprfweap_valkyrieii_righttorso_flamer_eh1",
					"chrprfweap_valkyrieii_righttorso_gauss_bh1",
					"chrprfweap_valkyrieii_righttorso_laser_eh1",
					"chrprfweap_valkyrieii_righttorso_lrm10_mh1",
					"chrprfweap_valkyrieii_righttorso_lrm20_mh1",
					"chrprfweap_valkyrieii_righttorso_lrm5_mh1",
					"chrprfweap_valkyrieii_righttorso_mg_bh1",
					"chrprfweap_valkyrieii_righttorso_ppc_eh1",
					"chrprfweap_valkyrieii_righttorso_srm6_mh1"
                ],
                [
					"chrprfweap_valkyrieii_righttorso_flamer_eh2",
					"chrprfweap_valkyrieii_righttorso_laser_eh2",
					"chrprfweap_valkyrieii_righttorso_ppc_eh2"
                ],
                [
					"chrprfweap_valkyrieii_righttorso_laser_eh3"
                ],
                [
					"chrprfweap_valkyrieii_righttorso_laser_eh4"
                ]
            ],
            "blanks" : [
                
            ],
            "mountingPoints" : [
                
            ]
        }
    ]
}