{
    "ID" : "hardpointdatadef_gladiator",
    "HardpointData" : [
        {
            "location" : "head",
            "weapons" : [],
            "blanks" : [
                
            ],
            "mountingPoints" : [
                
            ]
        },
        {
            "location" : "leftarm",
            "weapons" : [
                [
                    "chrprfweap_gladiator_leftarm_flamer_eh1",
					"chrprfweap_gladiator_leftarm_laser_eh1",
					"chrprfweap_gladiator_leftarm_ppc_eh1",
				    "chrprfweap_gladiator_leftarm_ac20_bh1",
					"chrprfweap_gladiator_leftarm_gauss_bh1",
					"chrprfweap_gladiator_leftarm_mg_bh1",
					"chrprfweap_gladiator_leftarm_srm6_mh1",
					"chrprfweap_gladiator_leftarm_lrm10_mh1",
					"chrprfweap_gladiator_leftarm_lrm20_mh1"
				],
                [
                    "chrprfweap_gladiator_leftarm_flamer_eh2",
                    "chrprfweap_gladiator_leftarm_laser_eh2",
                    "chrprfweap_gladiator_leftarm_ppc_eh2",
					"chrprfweap_gladiator_leftarm_srm6_mh2",
					"chrprfweap_gladiator_leftarm_lrm20_mh2"
                ],
				[
                    "chrprfweap_gladiator_leftarm_flamer_eh3",
                    "chrprfweap_gladiator_leftarm_laser_eh3",
                    "chrprfweap_gladiator_leftarm_ppc_eh3"
                ]
            ],
            "blanks" : [
                
            ],
            "mountingPoints" : [
                
            ]
        },
        {
            "location" : "lefttorso",
            "weapons" : [
				[
                    "chrprfweap_gladiator_lefttorso_flamer_eh1",
                    "chrprfweap_gladiator_lefttorso_laser_eh1",
                    "chrprfweap_gladiator_lefttorso_ppc_eh1",
					"chrprfweap_gladiator_lefttorso_srm6_mh1",
					"chrprfweap_gladiator_lefttorso_lrm10_mh1",
					"chrprfweap_gladiator_lefttorso_lrm20_mh1"
                ],
			],
            "blanks" : [
                
            ],
            "mountingPoints" : [
                
            ]
        },
        {
            "location" : "rightarm",
            "weapons" : [
                [
                    "chrprfweap_gladiator_rightarm_flamer_eh1",
					"chrprfweap_gladiator_rightarm_laser_eh1",
					"chrprfweap_gladiator_rightarm_ppc_eh1",
					"chrprfweap_gladiator_rightarm_ac20_bh1",
					"chrprfweap_gladiator_rightarm_gauss_bh1",
					"chrprfweap_gladiator_rightarm_mg_bh1"
                ],
                [
                    "chrprfweap_gladiator_rightarm_flamer_eh2",
                    "chrprfweap_gladiator_rightarm_laser_eh2",
                    "chrprfweap_gladiator_rightarm_ppc_eh2"
                ],
				[
                    "chrprfweap_gladiator_rightarm_flamer_eh3",
                    "chrprfweap_gladiator_rightarm_laser_eh3",
                    "chrprfweap_gladiator_rightarm_ppc_eh3"
                ],
				[
                    "chrprfweap_gladiator_rightarm_flamer_eh4",
                    "chrprfweap_gladiator_rightarm_laser_eh4",
                    "chrprfweap_gladiator_rightarm_ppc_eh4"
                ],
				[
                    "chrprfweap_gladiator_rightarm_flamer_eh5",
                    "chrprfweap_gladiator_rightarm_laser_eh5"
                ],
				[
                    "chrprfweap_gladiator_rightarm_flamer_eh6",
                    "chrprfweap_gladiator_rightarm_laser_eh6"
                ],
				[
                    "chrprfweap_gladiator_rightarm_flamer_eh7",
                    "chrprfweap_gladiator_rightarm_laser_eh7"
                ]
            ],
            "blanks" : [
                
            ],
            "mountingPoints" : [
                
            ]
        },
        {
            "location" : "righttorso",
            "weapons" : [
				[
                    "chrprfweap_gladiator_righttorso_flamer_eh1",
					"chrprfweap_gladiator_righttorso_laser_eh1",
					"chrprfweap_gladiator_righttorso_ppc_eh1",
				    "chrprfweap_gladiator_righttorso_ac20_bh1",
					"chrprfweap_gladiator_righttorso_gauss_bh1",
					"chrprfweap_gladiator_righttorso_mg_bh1",
					"chrprfweap_gladiator_righttorso_srm6_mh1",
					"chrprfweap_gladiator_righttorso_lrm10_mh1",
					"chrprfweap_gladiator_righttorso_lrm20_mh1"
				],
                [
                    "chrprfweap_gladiator_righttorso_flamer_eh2",
                    "chrprfweap_gladiator_righttorso_laser_eh2",
                    "chrprfweap_gladiator_righttorso_ppc_eh2",
					"chrprfweap_gladiator_righttorso_ac5_bh2",
					"chrprfweap_gladiator_righttorso_mg_bh2"
                ],
				[
                    "chrprfweap_gladiator_righttorso_flamer_eh3",
                    "chrprfweap_gladiator_righttorso_laser_eh3",
                    "chrprfweap_gladiator_righttorso_ppc_eh3"
                ]
			],
            "blanks" : [
                
            ],
            "mountingPoints" : [
                
            ]
        }
    ]
}