{
    "ID" : "hardpointdatadef_chameleon",
    "HardpointData" : [
        {
            "location" : "head",
            "weapons" : [
			
			],
            "blanks" : [
                
            ],
            "mountingPoints" : [
                
            ]
        },
        {
            "location" : "leftarm",
            "weapons" : [
                [
                    "chrprfweap_arcticcheetah_leftarm_laser_eh1",
					"chrprfweap_arcticcheetah_leftarm_ppc_eh1",				    
					"chrprfweap_arcticcheetah_leftarm_ac10_bh1",
					"chrprfweap_arcticcheetah_leftarm_gauss_bh1",
					"chrprfweap_arcticcheetah_leftarm_lrm5_mh1",
					"chrprfweap_arcticcheetah_leftarm_lrm10_mh1",
					"chrprfweap_arcticcheetah_leftarm_srm6_mh1"
				],
                [
                    "chrprfweap_arcticcheetah_leftarm_flamer_eh2",
                    "chrprfweap_arcticcheetah_leftarm_laser_eh2",
					"chrprfweap_arcticcheetah_leftarm_ac5_bh2",
					"chrprfweap_arcticcheetah_leftarm_mg_bh2"
                ],
				[
                    "chrprfweap_arcticcheetah_leftarm_mg_bh3"
                ],
            ],
            "blanks" : [
                
            ],
            "mountingPoints" : [
                
            ]
        },
        {
            "location" : "lefttorso",
            "weapons" : [
				[
                    "chrprfweap_arcticcheetah_lefttorso_laser_eh1",
                    "chrprfweap_arcticcheetah_lefttorso_ppc_eh1",
					"chrprfweap_arcticcheetah_lefttorso_lrm5_mh1",
					"chrprfweap_arcticcheetah_lefttorso_lrm10_mh1",
					"chrprfweap_arcticcheetah_lefttorso_srm6_mh1"
                ],
				[
                    "chrprfweap_arcticcheetah_lefttorso_flamer_eh2",
                    "chrprfweap_arcticcheetah_lefttorso_laser_eh2",
                ],
			],
            "blanks" : [
                
            ],
            "mountingPoints" : [
                
            ]
        },
        {
            "location" : "rightarm",
            "weapons" : [
                [
                    "chrprfweap_arcticcheetah_rightarm_laser_eh1",
					"chrprfweap_arcticcheetah_rightarm_ppc_eh1",				    
					"chrprfweap_arcticcheetah_rightarm_ac10_bh1",
					"chrprfweap_arcticcheetah_rightarm_gauss_bh1",
					"chrprfweap_arcticcheetah_rightarm_lrm5_mh1",
					"chrprfweap_arcticcheetah_rightarm_lrm10_mh1",
					"chrprfweap_arcticcheetah_rightarm_srm6_mh1"
				],
                [
                    "chrprfweap_arcticcheetah_rightarm_flamer_eh2",
                    "chrprfweap_arcticcheetah_rightarm_laser_eh2",
					"chrprfweap_arcticcheetah_rightarm_ac5_bh2",
					"chrprfweap_arcticcheetah_rightarm_mg_bh2"
                ],
				[
                    "chrprfweap_arcticcheetah_rightarm_mg_bh3"
                ],
            ],
            "blanks" : [
                
            ],
            "mountingPoints" : [
                
            ]
        },
        {
            "location" : "righttorso",
            "weapons" : [
				[
					"chrprfweap_arcticcheetah_righttorso_flamer_eh1",
                    "chrprfweap_arcticcheetah_righttorso_laser_eh1"
                ],
				[
                ],
			],
            "blanks" : [
                
            ],
            "mountingPoints" : [
                
            ]
        }
    ]
}