{
  "ID": "hardpointdatadef_guillotine",
  "HardpointData": [
    {
      "location": "leftarm",
      "weapons": [
        [
          "chrprfweap_mauler_leftarm_ppc_eh1",
          "chrprfweap_mauler_leftarm_laser_eh1",
          "chrprfweap_mauler_leftarm_mg_bh1",
          "chrprfweap_mauler_leftarm_gauss_bh1",
          "chrprfweap_mauler_leftarm_flamer_eh1",
          "chrprfweap_mauler_leftarm_ac5_bh1",
          "chrprfweap_mauler_leftarm_srm6_mh1"
        ],
        [
          "chrprfweap_mauler_leftarm_ppc_eh2",
          "chrprfweap_mauler_leftarm_laser_eh2",
          "chrprfweap_mauler_leftarm_flamer_eh2"
        ],
        [
          "chrprfweap_mauler_leftarm_ppc_eh3",
          "chrprfweap_mauler_leftarm_laser_eh3",
          "chrprfweap_mauler_leftarm_flamer_eh3"
        ]
      ],
      "blanks": [
      ],
      "mountingPoints": [
      ]
    },
    {
      "location": "lefttorso",
      "weapons": [
        [
          "chrprfweap_mauler_lefttorso_ac5_bh1",
          "chrprfweap_mauler_lefttorso_flamer_eh1",
          "chrprfweap_mauler_lefttorso_ppc_eh1",
          "chrprfweap_mauler_lefttorso_laser_eh1",
          "chrprfweap_mauler_lefttorso_gauss_bh1"
        ],
        [
          "chrprfweap_mauler_lefttorso_ac5_bh2",
          "chrprfweap_mauler_lefttorso_ppc_eh2",
          "chrprfweap_mauler_lefttorso_laser_eh2",
          "chrprfweap_mauler_lefttorso_gauss_bh2",
          "chrprfweap_mauler_lefttorso_lrm15_mh2",
          "chrprfweap_mauler_lefttorso_srm20_mh2",
          "chrprfweap_mauler_lefttorso_srm6_mh2"
        ],
        [
          "chrprfweap_mauler_lefttorso_ac5_bh3",
          "chrprfweap_mauler_lefttorso_gauss_bh3"
        ]
      ],
      "blanks": [
      ],
      "mountingPoints": [
      ]
    },
    {
      "location": "rightarm",
      "weapons": [
        [
          "chrprfweap_mauler_rightarm_ppc_eh1",
          "chrprfweap_mauler_rightarm_laser_eh1",
          "chrprfweap_mauler_rightarm_mg_bh1",
          "chrprfweap_mauler_rightarm_gauss_bh1",
          "chrprfweap_mauler_rightarm_flamer_eh1",
          "chrprfweap_mauler_rightarm_ac5_bh1",
          "chrprfweap_mauler_rightarm_srm6_mh1"
        ],
        [
          "chrprfweap_mauler_rightarm_ppc_eh2",
          "chrprfweap_mauler_rightarm_laser_eh2",
          "chrprfweap_mauler_rightarm_flamer_eh2"
        ],
        [
          "chrprfweap_mauler_rightarm_ppc_eh3",
          "chrprfweap_mauler_rightarm_laser_eh3",
          "chrprfweap_mauler_rightarm_flamer_eh3"
        ]
      ],
      "blanks": [
      ],
      "mountingPoints": [
      ]
    },
    {
      "location": "righttorso",
      "weapons": [
        [
          "chrprfweap_mauler_righttorso_ac5_bh1",
          "chrprfweap_mauler_righttorso_flamer_eh1",
          "chrprfweap_mauler_righttorso_ppc_eh1",
          "chrprfweap_mauler_righttorso_laser_eh1",
          "chrprfweap_mauler_righttorso_gauss_bh1"
        ],
        [
          "chrprfweap_mauler_righttorso_ac5_bh2",
          "chrprfweap_mauler_righttorso_ppc_eh2",
          "chrprfweap_mauler_righttorso_laser_eh2",
          "chrprfweap_mauler_righttorso_gauss_bh2",
          "chrprfweap_mauler_righttorso_lrm15_mh2",
          "chrprfweap_mauler_righttorso_srm20_mh2",
          "chrprfweap_mauler_righttorso_srm6_mh2"
        ],
        [
          "chrprfweap_mauler_righttorso_ac5_bh3",
          "chrprfweap_mauler_righttorso_gauss_bh3"
        ]
      ],
      "blanks": [
      ],
      "mountingPoints": [
      ]
    },
    {
      "location": "centertorso",
      "weapons": [
        [
          "chrprfweap_mauler_centertorso_laser_eh1",
          "chrprfweap_mauler_centertorso_mg_bh1"
        ]
      ],
      "blanks": [
      ],
      "mountingPoints": [
      ]
    },
    {
      "location": "head",
      "weapons": [
        [
          "chrprfweap_mauler_head_laser_eh1"
        ]
      ],
      "blanks": [
      ],
      "mountingPoints": [
      ]
    }
  ]

}