{
  "EncounterLayerID": "mapStory_StoryEncounter9_vHigh.d9b711ac-2a6b-4236-86a8-61762a08f1ef",
  "MapID": "mapStory_StoryEncounter9_vHigh",
  "Name": "encMC_SoloDuel_Arena",
  "FriendlyName": "Solo Duel - Arena",
  "Description": "Player must kill the duel target.",
  "BattleValue": "0",
  "ContractTypeID": "10000",
  "EncounterLayerGUID": "d9b711ac-2a6b-4236-86a8-61762a08f1ef",
  "TagSetID": "mapStory_StoryEncounter9_vHigh.d9b711ac-2a6b-4236-86a8-61762a08f1ef",
  "IncludeInBuild": "1"
}
