{
  "EncounterLayerID": "mapStory_StoryEncounter3_mMoon.12c7d56e-f79d-48f2-a2c4-b447138c3491",
  "MapID": "mapStory_StoryEncounter3_mMoon",
  "Name": "encMC_SoloDuel_CrashSite",
  "FriendlyName": "Solo Duel - Crash Site",
  "Description": "Player must kill the duel target.",
  "BattleValue": "0",
  "ContractTypeID": "10000",
  "EncounterLayerGUID": "12c7d56e-f79d-48f2-a2c4-b447138c3491",
  "TagSetID": "mapStory_StoryEncounter3_mMoon.12c7d56e-f79d-48f2-a2c4-b447138c3491",
  "IncludeInBuild": "1"
}
