{
  "EncounterLayerID": "mapStory_StoryEncounter6_iGlc.c70c1e8c-541e-49ea-94e3-a1f6fe3c8b56",
  "MapID": "mapStory_StoryEncounter6_iGlc",
  "Name": "encMC_SoloDuel_OpenArea",
  "FriendlyName": "Solo Duel - Open Area",
  "Description": "Player must kill the duel target.",
  "BattleValue": "0",
  "ContractTypeID": "10000",
  "EncounterLayerGUID": "c70c1e8c-541e-49ea-94e3-a1f6fe3c8b56",
  "TagSetID": "mapStory_StoryEncounter6_iGlc.c70c1e8c-541e-49ea-94e3-a1f6fe3c8b56",
  "IncludeInBuild": "1"
}
