{
  "All": [
    "Griffiths",
    "Gräfenstein",
    "Jones",
    "Jarman",
    "Halbert",
    "Cunnah",
    "Smith",
    "Smyth",
    "Brown",
    "King",
    "Hill",
    "Davis",
    "Jenkins",
    "Cox",
    "Cooper",
    "Thomas",
    "Walker",
    "Kelly",
    "Sanders",
    "Green",
    "Fastner",
    "Bald"
  ],
  "Davion": [
    "Davion",
    "Seevers",
    "Campbell",
    "Rand"
  ],
  "Liao": [
    "Liao",
    "Wang",
    "Li",
    "Chang",
    "Liu",
    "Huang",
    "Chao",
    "Ma",
    "Hsieh",
    "Feng"
  ],
  "Kurita": [
    "Kurita",
    "Yamamoto",
    "Nakamura",
    "McAllister-Kurita",
    "Tetsuhara",
    "Kelswa",
    "Kobayashi",
    "Saito",
    "Ito",
    "Watanabe",
    "Tanaka",
    "Takahashi",
    "Suzuki",
    "Sato"
  ],
  "Marik": [
    "Marik"
  ],
  "Steiner": [
    "Steiner"
  ]
}