{
  "Fallback": [
    "Sergeant",
    "Sergeant Major",
    "Leftenant",
    "Captain",
    "Major"
  ],
  "Davion": [    
    "Sergeant",
    "Sergeant Major",
    "Leftenant",
    "Captain",
    "Major"
  ],
  "Liao": [
    "Lance Sergeant",
    "Force Leader",
    "Commander",
    "Captain"
  ],
  "Kurita": [
    "Sergeant",
    "Talon Sergeant",
    "Chu-i",
    "Tai-i",
    "Sho-sa"
  ],
  "Marik": [
    "Sergeant",
    "Master Sergeant",
    "Lieutenant",
    "Captain",
    "Force Commander"
  ],
  "Steiner": [
    "Sergeant",
    "Sergeant Major",
    "First Leutnant",
    "Hauptmann",
    "Kommandant"
  ],
  "TaurianConcordat": [
    "Force Sergeant",
    "Lance Sergeant",
    "Cornet",
    "Subaltern",
    "Brigadier"
  ],
  "MagistracyOfCanopus": [
    "Lance Corporal",
    "Command Sergeant",
    "Ensign",
    "Commander",
    "Major"
  ],
  "AuriganDirectorate": [
    "Force Sergeant",
    "Lance Sergeant",
    "Commander",
    "Major"
  ],
  "AuriganRestoration": [
    "Force Sergeant",
    "Lance Sergeant",
    "Commander",
    "Major"
  ],
  "AuriganPirates": [
    "Belter",
    "Sergeant",
    "King"
  ]
}