{
  "Name": "Mission Control",
  "Enabled": true,
  "Version": "1.0.5",
  "Description": "A HBS BattleTech mod that adds custom contract types and varies the encounter specifics such as encounter boundary size, spawn locations, lance numbers and objectives",
  "Author": "CWolf",
  "Contact": "cwolfs@gmail.com",
  "Website": "https://www.missioncontrolmod.com/",

  "DLL": "MissionControl.dll",
  "DLLEntryPoint": "MissionControl.Main.Init",

  "Manifest": [
    { "Type": "SimGameStatDescDef", "Path": "overrides/simGameStatDesc" },
    { "Type": "ContractOverride", "Path": "overrides/contracts" },
    { "Type": "CastDef", "Path": "overrides/cast" }
  ],

  "DataAddendumEntries": [
    {
      "name": "BattleTech.ContractTypeEnumeration",
      "path": "overrides/enums/ContractType.json"
    }
  ]
}
