{
    "Description" : {
        "Cost" : 0,
        "Rarity" : 0,
        "Purchasable" : true,
        "UIName" : "",
        "Id" : "argoUpgrade_WeightLimit1",
        "Name" : "Engine Repairs",
        "Details" : "The good news is that the 'Mechs probably won't fall out of their cradles when the Leopard launches, so now we can get started on making sure they won't fall through the floor. <b><color=#F79232>Increases Drop Weight Limit by 50 tons</color></b>",
        "Icon" : "uixSvgIcon_shipUpgrade_automation"
    },
    "Illustration" : "uixTxrSpot_YangWorking",
    "Location" : "UNKNOWN",
    "Category" : "DRIVE_SYSTEM",
    "AssignedCastDefId": "castDef_YangDefault",
    "AssignedCastDescription": "After this she might look like there weren't a family of squatters throwing parties in her every night.",
    "RequiredModules" : {
        "items" : [
            "argoUpgrade_JunkyardLeopard",
			"argoUpgrade_DropSlot1",
			"argoUpgrade_PilotSlot1",
			"argoUpgrade_drive1",
			"argoUpgrade_WeightLimit"			
        ],
        "tagSetSourceFile" : ""
    },
    "Requirements" : [
        
    ],
    "TechCost" : 7,
    "PurchaseCost" : 220000,
    "AdditionalCost" : 6000,
    "Tags" : {
        "items" : [
            "JunkyardLeopard_Weightlimit1"
        ],
        "tagSetSourceFile" : ""
    },
    "Stats" : [
		{
			"typeString" : "System.Int32",
			"name" : "BiggerDrops_MaxTonnage",
			"value" : 50,
			"valueConstant" : ""
		} 
    ]
}
