{
    "Description" : {
        "Cost" : 0,
        "Rarity" : 0,
        "Purchasable" : true,
        "UIName" : "",
        "Id" : "argoUpgrade_WeightLimit6",
        "Name" : "Engine Repairs",
        "Details" : "Now that the engines and structure are back up to snuff, the next step is to recalibrate the control systems to correctly handle the balance and performance changes that our repairs have caused. We'll need to do a series of orbital drops to accurately gauge the handling characteristics and then punch them into the onboard flight systems. <b><color=#F79232>Increases Drop Weight Limit by 50 tons</color></b>",
        "Icon" : "uixSvgIcon_shipUpgrade_automation"
    },
    "Illustration" : "uixTxrSpot_YangWorking",
    "Location" : "UNKNOWN",
    "Category" : "DRIVE_SYSTEM",
    "AssignedCastDefId": "castDef_SumireDefault",
    "AssignedCastDescription": "Almost at the home stretch, Commander. We've turned this ship from a home for rats into something I'd feel safe flying myself. Almost.",
    "RequiredModules" : {
        "items" : [
            "argoUpgrade_JunkyardLeopard",
			"argoUpgrade_DropSlot3",
			"argoUpgrade_PilotSlot3",
			"argoUpgrade_drive2",
			"argoUpgrade_WeightLimit5",
			"argoUpgrade_storage2"		
        ],
        "tagSetSourceFile" : ""
    },
    "Requirements" : [
        
    ],
    "TechCost" : 12,
    "PurchaseCost" : 320000,
    "AdditionalCost" : 11000,
    "Tags" : {
        "items" : [
            "JunkyardLeopard_Weightlimit6"
        ],
        "tagSetSourceFile" : ""
    },
    "Stats" : [
		{
			"typeString" : "System.Int32",
			"name" : "BiggerDrops_MaxTonnage",
			"value" : 50,
			"valueConstant" : ""
		} 
    ]
}
