{
    "Description" : {
        "Cost" : 0,
        "Rarity" : 0,
        "Purchasable" : true,
        "UIName" : "",
        "Id" : "argoUpgrade_DropSlot3",
        "Name" : "Repaired Mechbay",
        "Details" : "<b><color=#F79232>Enables to Drop 1 additional Mech.</color></b> \n\n <b><color=#F79232>Requires Command Console Upgrades to Control!</color></b> \n\n There's more to dropping a lance of BattleMechs from orbit than strapping them to a wall, Commander. Several of the gyros and handling sensors around the ship are damaged or downright missing. If we try to insert the ship from orbit with anything less than an absolutely perfectly balanced load, there's a very real chance we could lose the shuttle and all aboard. We'll need to replace and recalibrate those systems through some test drops before we can make full use of the new Leopard, Commander.",
        "Icon" : "uixSvgIcon_shipUpgrade_automation"
    },
    "Illustration" : "uixTxrSpot_YangWorking",
    "Location" : "UNKNOWN",
    "Category" : "POWER_SYSTEM",
    "AssignedCastDefId": "castDef_SumireDefault",
    "AssignedCastDescription": "Making sure our people can make it to the mission is the first real step to victory.",
    "RequiredModules" : {
        "items" : [
            "argoUpgrade_DropSlot2",		
			"argoUpgrade_mechBay3"			
        ],
        "tagSetSourceFile" : ""
    },
    "Requirements" : [
        
    ],
    "TechCost" : 9,
    "PurchaseCost" : 800000,
    "AdditionalCost" : 13000,
    "Tags" : {
        "items" : [
            "JunkyardLeopard_Dropslot3"
        ],
        "tagSetSourceFile" : ""
    },
    "Stats" : [
 		{
			"typeString" : "System.Int32",
			"name" : "BiggerDrops_AdditionalMechSlots",
			"value" : 1,
			"valueConstant" : ""
		}
    ]
}
