{
    "Description" : {
        "Cost" : 0,
        "Rarity" : 0,
        "Purchasable" : true,
        "UIName" : "",
        "Id" : "argoUpgrade_DropSlot2",
        "Name" : "Repaired Mechbay",
        "Details" : "<b><color=#F79232>Enables to Drop 1 additional Mech.</color></b> \n\n <b><color=#F79232>Requires Command Console Upgrades to Control!</color></b> \n\n Half-done now, Boss. It's really starting to look like a proper dropship. I can get started on fabricating parts to assemble the final 2 cradles from scratch. Producing the parts in duplicate should save us a little time and money.",
        "Icon" : "uixSvgIcon_shipUpgrade_automation"
    },
    "Illustration" : "uixTxrSpot_YangWorking",
    "Location" : "UNKNOWN",
    "Category" : "POWER_SYSTEM",
    "AssignedCastDefId": "castDef_YangDefault",
    "AssignedCastDescription": "The cradles can be completed, but Sumire has some concerns. You should talk to her before trying to field a full extra lance, Boss.",
    "RequiredModules" : {
        "items" : [
            "argoUpgrade_DropSlot1",		
			"argoUpgrade_mechBay2"		
        ],
        "tagSetSourceFile" : ""
    },
    "Requirements" : [
        
    ],
    "TechCost" : 8,
    "PurchaseCost" : 700000,
    "AdditionalCost" : 12000,
    "Tags" : {
        "items" : [
            "JunkyardLeopard_Dropslot2"
        ],
        "tagSetSourceFile" : ""
    },
    "Stats" : [
 		{
			"typeString" : "System.Int32",
			"name" : "BiggerDrops_AdditionalMechSlots",
			"value" : 1,
			"valueConstant" : ""
		}
    ]
}
