{
    "Description" : {
        "Cost" : 0,
        "Rarity" : 0,
        "Purchasable" : true,
        "UIName" : "",
        "Id" : "argoUpgrade_PilotSlot3",
        "Name" : "Command Console",
        "Details" : "<b><color=#F79232>Allows you to Command an Additional Mechwarrior Directly</color></b> \n\n Final step, commander. By networking our recent batch of upgrades into the Argo's communication broadcast equipment, we should finally have the throughput to handle a full second lance. Only thing is, this will completely tie up our our communication abilities while commanding a mission, so I hope you won't be expecting any important calls.",
        "Icon" : "uixSvgIcon_shipUpgrade_automation"
    },
    "Illustration" : "uixTxrSpot_YangWorking",
    "Location" : "UNKNOWN",
    "Category" : "STRUCTURE",
    "AssignedCastDefId": "castDef_FarahDefault",
    "AssignedCastDescription": "At this point, I think only ComStar can claim to have better communication infrastructure in a single place.",
    "RequiredModules" : {
        "items" : [
            "argoUpgrade_JunkyardLeopard",
			"argoUpgrade_DropSlot3",
			"argoUpgrade_PilotSlot2",
			"argoUpgrade_pod3"		
        ],
        "tagSetSourceFile" : ""
    },
    "Requirements" : [
        
    ],
    "TechCost" : 9,
    "PurchaseCost" : 450000,
    "AdditionalCost" : 7500,
    "Tags" : {
        "items" : [
            "JunkyardLeopard_Pilotslot3"
        ],
        "tagSetSourceFile" : ""
    },
    "Stats" : [
		{
			"typeString" : "System.Int32",
			"name" : "BiggerDrops_AdditionalPlayerMechSlots",
			"value" : 1,
			"valueConstant" : ""
		}
    ]
}
