{
    "Description" : {
        "Cost" : 0,
        "Rarity" : 0,
        "Purchasable" : true,
        "UIName" : "",
        "Id" : "argoUpgrade_WeightLimit7",
        "Name" : "Engine Repairs",
        "Details" : "The good news is we're almost at the finish line. Frankly, I never thought we'd get this far, Boss. I've been putting this off so far because of the necessary time and money, but the spine of the ship was bent either during it's past service or while it was rotting away in the junkyard. We're going to have to completely tear down the ship to expose the structural skeleton to complete the work, but after this it will be as good as new! <b><color=#F79232>Increases Drop Weight Limit by 50 tons</color></b>",
        "Icon" : "uixSvgIcon_shipUpgrade_automation"
    },
    "Illustration" : "uixTxrSpot_YangWorking",
    "Location" : "UNKNOWN",
    "Category" : "DRIVE_SYSTEM",
    "AssignedCastDefId": "castDef_YangDefault",
    "AssignedCastDescription": "I wish I'd known you'd see this through before we started, Boss. I could have saved us some time and money if we'd just done this from the start.",
    "RequiredModules" : {
        "items" : [
            "argoUpgrade_JunkyardLeopard",
			"argoUpgrade_DropSlot3",
			"argoUpgrade_PilotSlot3",
			"argoUpgrade_drive2",
			"argoUpgrade_WeightLimit6",
			"argoUpgrade_storage3"		
        ],
        "tagSetSourceFile" : ""
    },
    "Requirements" : [
        
    ],
    "TechCost" : 13,
    "PurchaseCost" : 340000,
    "AdditionalCost" : 12000,
    "Tags" : {
        "items" : [
            "JunkyardLeopard_Weightlimit7"
        ],
        "tagSetSourceFile" : ""
    },
    "Stats" : [
		{
			"typeString" : "System.Int32",
			"name" : "BiggerDrops_MaxTonnage",
			"value" : 50,
			"valueConstant" : ""
		} 
    ]
}
