{
    "Description" : {
        "Cost" : 0,
        "Rarity" : 0,
        "Purchasable" : true,
        "UIName" : "",
        "Id" : "argoUpgrade_PilotSlot2",
        "Name" : "Command Console",
        "Details" : "<b><color=#F79232>Allows you to Command an Additional Mechwarrior Directly</color></b> \n\n Ok, I think we've identified a bottleneck in the system. We're gonna need a complete overhaul of our existing processors to deal with the latency issues we've been experiencing.",
        "Icon" : "uixSvgIcon_shipUpgrade_automation"
    },
    "Illustration" : "uixTxrSpot_YangWorking",
    "Location" : "UNKNOWN",
    "Category" : "STRUCTURE",
    "AssignedCastDefId": "castDef_FarahDefault",
    "AssignedCastDescription": "Processors that can handle this kind of raw data-bandwidth are LosTech these days, Commander. I'm sorry, but this won't be cheap.",
    "RequiredModules" : {
        "items" : [
            "argoUpgrade_JunkyardLeopard",
			"argoUpgrade_DropSlot2",
			"argoUpgrade_PilotSlot1",
			"argoUpgrade_pod2"
        ],
        "tagSetSourceFile" : ""
    },
    "Requirements" : [
        
    ],
    "TechCost" : 8,
    "PurchaseCost" : 400000,
    "AdditionalCost" : 7000,
    "Tags" : {
        "items" : [
            "JunkyardLeopard_Pilotslot2"
        ],
        "tagSetSourceFile" : ""
    },
    "Stats" : [
		{
			"typeString" : "System.Int32",
			"name" : "BiggerDrops_AdditionalPlayerMechSlots",
			"value" : 1,
			"valueConstant" : ""
		}
    ]
}
