{
    "Description" : {
        "Cost" : 0,
        "Rarity" : 0,
        "Purchasable" : true,
        "UIName" : "",
        "Id" : "argoUpgrade_JunkyardLeopard",
        "Name" : "Junkyard Leopard",
        "Details" : "We managed to find someone selling a junked Leopard, Commander. The seller says it ‘ran when parked’. If we can get it fully operational again, we’d be able to drop some Heavy Metal! .</color></b>",
        "Icon" : "uixSvgIcon_shipUpgrade_automation"
    },
    "Illustration" : "uixTxrSpot_YangWorking",
    "Location" : "UNKNOWN",
    "Category" : "POWER_SYSTEM",
    "AssignedCastDefId": "castDef_DariusDefault",
    "AssignedCastDescription": "If we get this up and running, our tactical flexibility will take a big step up, Commander.",
    "RequiredModules" : {
        "items" : [	
        ],
        "tagSetSourceFile" : ""
    },
    "Requirements" : [
        
    ],
    "TechCost" : 1,
    "PurchaseCost" : 2500000,
    "AdditionalCost" : 250000,
    "Tags" : {
        "items" : [
            "JunkyardLeopard"
        ],
        "tagSetSourceFile" : ""
    },
    "Stats" : [ 		{
			"typeString" : "System.Int32",
			"name" : "MechTechSkill",
			"value" : 1,
			"valueConstant" : ""
		}
    ]
}
