{
    "FixedEquipment": [
      {
            "MountedLocation": "CenterTorso", 
            "ComponentDefID": "emod_engine_060", 
            "SimGameUID": "", 
            "ComponentDefType": "HeatSink", 
            "HardpointSlot": -1, 
            "GUID": null, 
            "DamageLevel": "Functional", 
            "prefabName": null, 
            "hasPrefabName": false
        }
    ], 
    "Description": {
        "Cost": 1736640, 
        "Rarity": 0, 
        "Purchasable": true, 
        "Manufacturer": "", 
        "Model": "", 
        "UIName": "UrbanMech", 
        "Id": "chassisdef_urbanmech_UM-R60L", 
        "Name": "UrbanMech", 
        "Details": "The UM-R60L is a modification of the standard R60 UrbanMech that replaces the AC/10 and 2 tons of armor with an AC/20 to double its firepower. With even less combat endurance than the R60, the R60L is favored in ambush or hit-and-run tactics.", 
        "Icon": "uixTxrIcon_urbanmech"
    }, 
    "VariantName": "UM-R60L", 
    "StockRole": "Skirmisher", 
    "YangsThoughts": "An R60L UrbanMech is a lot like the normal R60, but with an even bigger autocannon and even less armor. It's everything you love <i>and</i> hate about the UrbanMech taken to an extreme.", 
    "PrefabIdentifier": "chrPrfMech_urbanmechBase-001", 
    "PrefabBase": "urbanmech", 
    "Tonnage": 30, 
    "InitialTonnage": 3, 
    "weightClass": "LIGHT", 
    "BattleValue": 0, 
    "Heatsinks": 0, 
    "TopSpeed": 85, 
    "TurnRadius": 90, 
    "MaxJumpjets": 8, 
    "Stability": 100, 
    "StabilityDefenses": [
        0, 
        0, 
        0, 
        0, 
        0, 
        0
    ], 
    "SpotterDistanceMultiplier": 1, 
    "VisibilityMultiplier": 1, 
    "SensorRangeMultiplier": 1, 
    "Signature": 0, 
    "Radius": 4, 
    "PunchesWithLeftArm": false, 
    "AlwaysPunchIfPossible": false, 
    "EngageRangeModifier": 0, 
    "MeleeDamage": 40, 
    "MeleeInstability": 30, 
    "MeleeToHitModifier": 0, 
    "DFADamage": 40, 
    "DFAToHitModifier": 0, 
    "DFASelfDamage": 40, 
    "DFAInstability": 40, 
    "ChassisTags": {
        "items": [
            "unit_mechtool"
        ], 
        "tagSetSourceFile": ""
    }, 
    "MechPartMax": 0, 
    "MovementCapDefID": "movedef_lightmech", 
    "PathingCapDefID": "pathingdef_light", 
    "HardpointDataDefID": "hardpointdatadef_urbanmech", 
    "LOSSourcePositions": [
        {
            "x": 0, 
            "y": 9.5, 
            "z": 0.5
        }, 
        {
            "x": -2.5, 
            "y": 8.5, 
            "z": -0.5
        }, 
        {
            "x": 2.5, 
            "y": 8.5, 
            "z": -0.5
        }
    ], 
    "LOSTargetPositions": [
        {
            "x": 0, 
            "y": 9.5, 
            "z": 0.5
        }, 
        {
            "x": -2.5, 
            "y": 8.5, 
            "z": -0.5
        }, 
        {
            "x": 2.5, 
            "y": 8.5, 
            "z": -0.5
        }, 
        {
            "x": -1.5, 
            "y": 3, 
            "z": 0.5
        }, 
        {
            "x": 1.5, 
            "y": 3, 
            "z": 0.5
        }
    ], 
    "MechPartCount": 0, 
    "Locations": [
        {
            "Location": "Head", 
            "Hardpoints": [], 
            "Tonnage": 0, 
            "InventorySlots": 4, 
            "MaxArmor": 45, 
            "MaxRearArmor": -1, 
            "InternalStructure": 16
        }, 
        {
            "Location": "LeftArm", 
            "Hardpoints": [
                {
                    "Omni": false, 
                    "WeaponMount": "Energy"
                }, 
                {
                    "Omni": false, 
                    "WeaponMount": "Energy"
                }, 
                {
                    "Omni": false, 
                    "WeaponMount": "Energy"
                }, 
                {
                    "Omni": false, 
                    "WeaponMount": "Energy"
                }, 
                {
                    "Omni": false, 
                    "WeaponMount": "AntiPersonnel"
                }
            ], 
            "Tonnage": 0, 
            "InventorySlots": 12, 
            "MaxArmor": 50, 
            "MaxRearArmor": -1, 
            "InternalStructure": 25
        }, 
        {
            "Location": "LeftTorso", 
            "Hardpoints": [], 
            "Tonnage": 0, 
            "InventorySlots": 12, 
            "MaxArmor": 70, 
            "MaxRearArmor": 35, 
            "InternalStructure": 35
        }, 
        {
            "Location": "CenterTorso", 
            "Hardpoints": [], 
            "Tonnage": 0, 
            "InventorySlots": 16, 
            "MaxArmor": 100, 
            "MaxRearArmor": 50, 
            "InternalStructure": 50
        }, 
        {
            "Location": "RightTorso", 
            "Hardpoints": [], 
            "Tonnage": 0, 
            "InventorySlots": 12, 
            "MaxArmor": 70, 
            "MaxRearArmor": 35, 
            "InternalStructure": 35
        }, 
        {
            "Location": "RightArm", 
            "Hardpoints": [
                {
                    "Omni": false, 
                    "WeaponMount": "Ballistic"
                }, 
                {
                    "Omni": false, 
                    "WeaponMount": "Ballistic"
                }, 
                {
                    "Omni": false, 
                    "WeaponMount": "AntiPersonnel"
                }
            ], 
            "Tonnage": 0, 
            "InventorySlots": 12, 
            "MaxArmor": 50, 
            "MaxRearArmor": -1, 
            "InternalStructure": 25
        }, 
        {
            "Location": "LeftLeg", 
            "Hardpoints": [], 
            "Tonnage": 0, 
            "InventorySlots": 6, 
            "MaxArmor": 70, 
            "MaxRearArmor": -1, 
            "InternalStructure": 35
        }, 
        {
            "Location": "RightLeg", 
            "Hardpoints": [], 
            "Tonnage": 0, 
            "InventorySlots": 6, 
            "MaxArmor": 70, 
            "MaxRearArmor": -1, 
            "InternalStructure": 35
        }
    ]
}