{
    "FixedEquipment": [
        {
            "MountedLocation": "LeftTorso", 
            "ComponentDefID": "Gear_Sensor_Prototype_EWE", 
            "SimGameUID": "", 
            "ComponentDefType": "Upgrade", 
            "HardpointSlot": -1, 
            "GUID": null, 
            "DamageLevel": "Functional", 
            "prefabName": "", 
            "hasPrefabName": true
        }
    ], 
    "Description": {
        "Cost": 6855490, 
        "Rarity": 5, 
        "Purchasable": true, 
        "Manufacturer": "", 
        "Model": "", 
        "UIName": "Cataphract", 
        "Id": "chassisdef_cataphract_CTF-0X", 
        "Name": "Cataphract", 
        "Details": "The Confederation experimented with a Cataphract variant carrying the Electronic Warfare Equipment that was mounted on the Raven RVN-1X, which was being designed around the same time. This early version was equipped with a single PPC and Autocannon/5, as well as two arm mounted Medium Lasers.  Its EW equipment was integrated into the chassis of the 'Mech, making it all but impossible to transfer to another 'Mech.", 
        "Icon": "uixTxrIcon_cataphract"
    }, 
    "VariantName": "CTF-0X", 
    "StockRole": "Brawler & Close Assault", 
    "YangsThoughts": "Never thought I'd get a chance to see one of these up close.  I heard rumors about these before I left, pretty amazing what they accomplished.  Looks like the integrated the Raven's ECM equipment into the chassis along with some additional sensor equipment.  The firepower is a little lacking for its weight, but at least you shouldn't have too many issues with heat.", 
    "PrefabIdentifier": "chrPrfMech_cataphractBase-001", 
    "PrefabBase": "cataphract", 
    "Tonnage": 70, 
    "InitialTonnage": 7, 
    "weightClass": "HEAVY", 
    "BattleValue": 6577000, 
    "Heatsinks": 0, 
    "TopSpeed": 120, 
    "TurnRadius": 90, 
    "MaxJumpjets": 5, 
    "Stability": 160, 
    "StabilityDefenses": [
        0, 
        0, 
        0, 
        0, 
        0, 
        0
    ], 
    "SpotterDistanceMultiplier": 1, 
    "VisibilityMultiplier": 1, 
    "SensorRangeMultiplier": 1, 
    "Signature": 0, 
    "Radius": 8, 
    "PunchesWithLeftArm": false, 
    "AlwaysPunchIfPossible": false, 
    "EngageRangeModifier": 0, 
    "MeleeDamage": 90, 
    "MeleeInstability": 70, 
    "MeleeToHitModifier": 0, 
    "DFADamage": 90, 
    "DFAToHitModifier": 0, 
    "DFASelfDamage": 90, 
    "DFAInstability": 90, 
    "ChassisTags": {
        "items": [
            "GenericDesign", 
            "unit_mechtool"
        ], 
        "tagSetSourceFile": ""
    }, 
    "MechPartMax": 0, 
    "MovementCapDefID": "movedef_heavymech", 
    "PathingCapDefID": "pathingdef_heavy", 
    "HardpointDataDefID": "hardpointdatadef_cataphract", 
    "LOSSourcePositions": [
        {
            "x": 0, 
            "y": 15, 
            "z": 1
        }, 
        {
            "x": 4, 
            "y": 14, 
            "z": 0
        }, 
        {
            "x": -4, 
            "y": 14, 
            "z": 0
        }
    ], 
    "LOSTargetPositions": [
        {
            "x": 0, 
            "y": 15, 
            "z": 1
        }, 
        {
            "x": 4, 
            "y": 14, 
            "z": 0
        }, 
        {
            "x": -4, 
            "y": 14, 
            "z": 0
        }, 
        {
            "x": 3, 
            "y": 5, 
            "z": 0
        }, 
        {
            "x": -3, 
            "y": 5, 
            "z": 0
        }
    ], 
    "MechPartCount": 0, 
    "Locations": [
        {
            "Location": "Head", 
            "Hardpoints": [], 
            "Tonnage": 0, 
            "InventorySlots": 4, 
            "MaxArmor": 45, 
            "MaxRearArmor": -1, 
            "InternalStructure": 16
        }, 
        {
            "Location": "LeftArm", 
            "Hardpoints": [
                {
                    "Omni": false, 
                    "WeaponMount": "Energy"
                }, 
                {
                    "Omni": false, 
                    "WeaponMount": "AntiPersonnel"
                }
            ], 
            "Tonnage": 0, 
            "InventorySlots": 12, 
            "MaxArmor": 110, 
            "MaxRearArmor": -1, 
            "InternalStructure": 55
        }, 
        {
            "Location": "LeftTorso", 
            "Hardpoints": [], 
            "Tonnage": 0, 
            "InventorySlots": 12, 
            "MaxArmor": 150, 
            "MaxRearArmor": 75, 
            "InternalStructure": 75
        }, 
        {
            "Location": "CenterTorso", 
            "Hardpoints": [], 
            "Tonnage": 0, 
            "InventorySlots": 16, 
            "MaxArmor": 220, 
            "MaxRearArmor": 110, 
            "InternalStructure": 110
        }, 
        {
            "Location": "RightTorso", 
            "Hardpoints": [
                {
                    "Omni": false, 
                    "WeaponMount": "Ballistic"
                }, 
                {
                    "Omni": false, 
                    "WeaponMount": "AntiPersonnel"
                }
            ], 
            "Tonnage": 0, 
            "InventorySlots": 12, 
            "MaxArmor": 150, 
            "MaxRearArmor": 75, 
            "InternalStructure": 75
        }, 
        {
            "Location": "RightArm", 
            "Hardpoints": [
                {
                    "Omni": false, 
                    "WeaponMount": "Energy"
                }, 
                {
                    "Omni": false, 
                    "WeaponMount": "Energy"
                }, 
                {
                    "Omni": false, 
                    "WeaponMount": "AntiPersonnel"
                }
            ], 
            "Tonnage": 0, 
            "InventorySlots": 12, 
            "MaxArmor": 110, 
            "MaxRearArmor": -1, 
            "InternalStructure": 55
        }, 
        {
            "Location": "LeftLeg", 
            "Hardpoints": [], 
            "Tonnage": 0, 
            "InventorySlots": 6, 
            "MaxArmor": 150, 
            "MaxRearArmor": -1, 
            "InternalStructure": 75
        }, 
        {
            "Location": "RightLeg", 
            "Hardpoints": [], 
            "Tonnage": 0, 
            "InventorySlots": 6, 
            "MaxArmor": 150, 
            "MaxRearArmor": -1, 
            "InternalStructure": 75
        }
    ]
}