{
    "FixedEquipment": [], 
    "Description": {
        "Cost": 6611000, 
        "Rarity": 4, 
        "Purchasable": true, 
        "Manufacturer": "", 
        "Model": "", 
        "UIName": "JagerMech", 
        "Id": "chassisdef_jagermech_JM6-A", 
        "Name": "JagerMech", 
        "Details": "The JagerMech A model attempts to provide an indirect-fire support platform that can dish out damage without ever being seen. It has lower overall focused damage capability, but it usually mounts decent armor.", 
        "Icon": "uixTxrIcon_jagermech"
    }, 
    "VariantName": "JM6-A", 
    "StockRole": "Fire Support", 
    "YangsThoughts": "The JagerMech A model attempts to provide an indirect-fire support platform that can dish out damage without ever being seen. It has lower overall focused damage capability, but it usually mounts decent armor.", 
    "PrefabIdentifier": "chrPrfMech_jagermechBase-001", 
    "PrefabBase": "jagermech", 
    "Tonnage": 65, 
    "InitialTonnage": 6.5, 
    "weightClass": "HEAVY", 
    "BattleValue": 5514000, 
    "Heatsinks": 0, 
    "TopSpeed": 120, 
    "TurnRadius": 90, 
    "MaxJumpjets": 6, 
    "Stability": 160, 
    "StabilityDefenses": [
        0, 
        0, 
        0, 
        0, 
        0, 
        0
    ], 
    "SpotterDistanceMultiplier": 1, 
    "VisibilityMultiplier": 1, 
    "SensorRangeMultiplier": 1, 
    "Signature": 0, 
    "Radius": 8, 
    "PunchesWithLeftArm": true, 
    "AlwaysPunchIfPossible": false, 
    "EngageRangeModifier": 0, 
    "MeleeDamage": 60, 
    "MeleeInstability": 65, 
    "MeleeToHitModifier": 0, 
    "DFADamage": 80, 
    "DFAToHitModifier": 0, 
    "DFASelfDamage": 80, 
    "DFAInstability": 80, 
    "ChassisTags": {
        "items": [
            "RangefinderSuite", 
            "unit_mechtool"
        ], 
        "tagSetSourceFile": ""
    }, 
    "MechPartMax": 0, 
    "MovementCapDefID": "movedef_heavymech", 
    "PathingCapDefID": "pathingdef_heavy", 
    "HardpointDataDefID": "hardpointdatadef_jagermech", 
    "LOSSourcePositions": [
        {
            "x": 0, 
            "y": 14, 
            "z": 1
        }, 
        {
            "x": 4, 
            "y": 13, 
            "z": 0
        }, 
        {
            "x": -4, 
            "y": 13, 
            "z": 0
        }
    ], 
    "LOSTargetPositions": [
        {
            "x": 0, 
            "y": 14, 
            "z": 1
        }, 
        {
            "x": 4, 
            "y": 13, 
            "z": 0
        }, 
        {
            "x": -4, 
            "y": 13, 
            "z": 0
        }, 
        {
            "x": 2, 
            "y": 5, 
            "z": 0
        }, 
        {
            "x": -2, 
            "y": 5, 
            "z": 0
        }
    ], 
    "MechPartCount": 0, 
    "Locations": [
        {
            "Location": "Head", 
            "Hardpoints": [], 
            "Tonnage": 0, 
            "InventorySlots": 4, 
            "MaxArmor": 45, 
            "MaxRearArmor": -1, 
            "InternalStructure": 16
        }, 
        {
            "Location": "LeftArm", 
            "Hardpoints": [
                {
                    "Omni": false, 
                    "WeaponMount": "Ballistic"
                }, 
                {
                    "Omni": false, 
                    "WeaponMount": "Missile"
                }, 
                {
                    "Omni": false, 
                    "WeaponMount": "Missile"
                }
            ], 
            "Tonnage": 0, 
            "InventorySlots": 12, 
            "MaxArmor": 100, 
            "MaxRearArmor": -1, 
            "InternalStructure": 50
        }, 
        {
            "Location": "LeftTorso", 
            "Hardpoints": [
                {
                    "Omni": false, 
                    "WeaponMount": "Energy"
                }, 
                {
                    "Omni": false, 
                    "WeaponMount": "AntiPersonnel"
                }
            ], 
            "Tonnage": 0, 
            "InventorySlots": 12, 
            "MaxArmor": 150, 
            "MaxRearArmor": 75, 
            "InternalStructure": 75
        }, 
        {
            "Location": "CenterTorso", 
            "Hardpoints": [], 
            "Tonnage": 0, 
            "InventorySlots": 16, 
            "MaxArmor": 210, 
            "MaxRearArmor": 105, 
            "InternalStructure": 105
        }, 
        {
            "Location": "RightTorso", 
            "Hardpoints": [
                {
                    "Omni": false, 
                    "WeaponMount": "Energy"
                }, 
                {
                    "Omni": false, 
                    "WeaponMount": "AntiPersonnel"
                }
            ], 
            "Tonnage": 0, 
            "InventorySlots": 12, 
            "MaxArmor": 150, 
            "MaxRearArmor": 75, 
            "InternalStructure": 75
        }, 
        {
            "Location": "RightArm", 
            "Hardpoints": [
                {
                    "Omni": false, 
                    "WeaponMount": "Ballistic"
                }, 
                {
                    "Omni": false, 
                    "WeaponMount": "Missile"
                }, 
                {
                    "Omni": false, 
                    "WeaponMount": "Missile"
                }
            ], 
            "Tonnage": 0, 
            "InventorySlots": 12, 
            "MaxArmor": 100, 
            "MaxRearArmor": -1, 
            "InternalStructure": 50
        }, 
        {
            "Location": "LeftLeg", 
            "Hardpoints": [], 
            "Tonnage": 0, 
            "InventorySlots": 6, 
            "MaxArmor": 150, 
            "MaxRearArmor": -1, 
            "InternalStructure": 75
        }, 
        {
            "Location": "RightLeg", 
            "Hardpoints": [], 
            "Tonnage": 0, 
            "InventorySlots": 6, 
            "MaxArmor": 150, 
            "MaxRearArmor": -1, 
            "InternalStructure": 75
        }
    ]
}