{
    "FixedEquipment": [
        {
            "MountedLocation": "LeftTorso", 
            "ComponentDefID": "Gear_Sensor_Prototype_EWE", 
            "SimGameUID": "", 
            "ComponentDefType": "Upgrade", 
            "HardpointSlot": -1, 
            "GUID": null, 
            "DamageLevel": "Functional", 
            "prefabName": "", 
            "hasPrefabName": true
        }
    ], 
    "Description": {
        "Cost": 1971810, 
        "Rarity": 1, 
        "Purchasable": true, 
        "Manufacturer": "", 
        "Model": "", 
        "UIName": "Raven", 
        "Id": "chassisdef_raven_RVN-1X", 
        "Name": "Raven", 
        "Details": "The RVN-1X is a light 'Mech designed specifically to carry a new generation of electronic warfare gear. The Raven excels at support and scouting, and its standard complement of SRMs and medium lasers allows it to fight well in a pinch.", 
        "Icon": "uixTxrIcon_raven"
    }, 
    "VariantName": "RVN-1X", 
    "StockRole": "Recon & Electronic Warfare", 
    "YangsThoughts": "The Raven is a very recent design by the Capellans. It has a decent punch for its weight at close range, but the real star here is its electronic warfare capabilities. If you keep this 'Mech safe, it'll really shift things in your favor.", 
    "PrefabIdentifier": "chrPrfMech_ravenBase-001", 
    "PrefabBase": "raven", 
    "Tonnage": 35, 
    "InitialTonnage": 3.5, 
    "weightClass": "LIGHT", 
    "BattleValue": 0, 
    "Heatsinks": 0, 
    "TopSpeed": 80, 
    "TurnRadius": 90, 
    "MaxJumpjets": 8, 
    "Stability": 100, 
    "StabilityDefenses": [
        0, 
        0, 
        0, 
        0, 
        0, 
        0
    ], 
    "SpotterDistanceMultiplier": 1, 
    "VisibilityMultiplier": 1, 
    "SensorRangeMultiplier": 1, 
    "Signature": 0, 
    "Radius": 4, 
    "PunchesWithLeftArm": false, 
    "AlwaysPunchIfPossible": false, 
    "EngageRangeModifier": 0, 
    "MeleeDamage": 25, 
    "MeleeInstability": 35, 
    "MeleeToHitModifier": 0, 
    "DFADamage": 45, 
    "DFAToHitModifier": 0, 
    "DFASelfDamage": 45, 
    "DFAInstability": 45, 
    "ChassisTags": {
        "items": [
            "RavenEW", 
            "unit_mechtool"
        ], 
        "tagSetSourceFile": ""
    }, 
    "MechPartMax": 0, 
    "MovementCapDefID": "movedef_lightmech", 
    "PathingCapDefID": "pathingdef_light", 
    "HardpointDataDefID": "hardpointdatadef_raven", 
    "LOSSourcePositions": [
        {
            "x": 0, 
            "y": 10, 
            "z": 3
        }, 
        {
            "x": 1, 
            "y": 9, 
            "z": -2
        }, 
        {
            "x": -1, 
            "y": 9, 
            "z": -2
        }
    ], 
    "LOSTargetPositions": [
        {
            "x": 0, 
            "y": 10, 
            "z": 3
        }, 
        {
            "x": 1, 
            "y": 9, 
            "z": -2
        }, 
        {
            "x": -1, 
            "y": 9, 
            "z": -2
        }, 
        {
            "x": 1, 
            "y": 5, 
            "z": -1
        }, 
        {
            "x": -1, 
            "y": 5, 
            "z": -1
        }
    ], 
    "MechPartCount": 0, 
    "Locations": [
        {
            "Location": "Head", 
            "Hardpoints": [], 
            "Tonnage": 0, 
            "InventorySlots": 4, 
            "MaxArmor": 45, 
            "MaxRearArmor": -1, 
            "InternalStructure": 16
        }, 
        {
            "Location": "LeftArm", 
            "Hardpoints": [], 
            "Tonnage": 0, 
            "InventorySlots": 12, 
            "MaxArmor": 60, 
            "MaxRearArmor": -1, 
            "InternalStructure": 30
        }, 
        {
            "Location": "LeftTorso", 
            "Hardpoints": [
                {
                    "Omni": false, 
                    "WeaponMount": "Energy"
                }, 
                {
                    "Omni": false, 
                    "WeaponMount": "Energy"
                }, 
                {
                    "Omni": false, 
                    "WeaponMount": "AntiPersonnel"
                }, 
                {
                    "Omni": false, 
                    "WeaponMount": "AntiPersonnel"
                }
            ], 
            "Tonnage": 0, 
            "InventorySlots": 12, 
            "MaxArmor": 80, 
            "MaxRearArmor": 40, 
            "InternalStructure": 40
        }, 
        {
            "Location": "CenterTorso", 
            "Hardpoints": [], 
            "Tonnage": 0, 
            "InventorySlots": 16, 
            "MaxArmor": 110, 
            "MaxRearArmor": 55, 
            "InternalStructure": 55
        }, 
        {
            "Location": "RightTorso", 
            "Hardpoints": [
                {
                    "Omni": false, 
                    "WeaponMount": "Missile"
                }
            ], 
            "Tonnage": 0, 
            "InventorySlots": 12, 
            "MaxArmor": 80, 
            "MaxRearArmor": 40, 
            "InternalStructure": 40
        }, 
        {
            "Location": "RightArm", 
            "Hardpoints": [
                {
                    "Omni": false, 
                    "WeaponMount": "Energy"
                }, 
                {
                    "Omni": false, 
                    "WeaponMount": "Energy"
                }, 
                {
                    "Omni": false, 
                    "WeaponMount": "AntiPersonnel"
                }, 
                {
                    "Omni": false, 
                    "WeaponMount": "AntiPersonnel"
                }
            ], 
            "Tonnage": 0, 
            "InventorySlots": 12, 
            "MaxArmor": 60, 
            "MaxRearArmor": -1, 
            "InternalStructure": 30
        }, 
        {
            "Location": "LeftLeg", 
            "Hardpoints": [], 
            "Tonnage": 0, 
            "InventorySlots": 6, 
            "MaxArmor": 80, 
            "MaxRearArmor": -1, 
            "InternalStructure": 40
        }, 
        {
            "Location": "RightLeg", 
            "Hardpoints": [], 
            "Tonnage": 0, 
            "InventorySlots": 6, 
            "MaxArmor": 80, 
            "MaxRearArmor": -1, 
            "InternalStructure": 40
        }
    ]
}