{
    "FixedEquipment": [
        {
            "MountedLocation": "RightTorso", 
            "ComponentDefID": "Gear_Mortar_Thumper", 
            "SimGameUID": "", 
            "ComponentDefType": "Upgrade", 
            "HardpointSlot": -1, 
            "GUID": null, 
            "DamageLevel": "Functional", 
            "prefabName": "", 
            "hasPrefabName": true
        }
    ], 
    "Description": {
        "Cost": 11561000, 
        "Rarity": 99, 
        "Purchasable": true, 
        "Manufacturer": "", 
        "Model": "", 
        "UIName": "Bull Shark", 
        "Id": "chassisdef_bullshark_BSK-MAZ", 
        "Name": "Bull Shark", 
        "Details": "I've never seen anything like this, Commander. This 'Mech oozes deadly grace and can obviously devastate anything in its path. It's\u2026 otherworldly, but clearly influenced by Star League tech. It has a mounted artillery piece to boot\u2014I wonder where it came from.", 
        "Icon": "uixTxrIcon_bullshark"
    }, 
    "VariantName": "BSK-MAZ", 
    "StockRole": "Heavy Brawler", 
    "YangsThoughts": "I've never seen anything like this, Commander. This 'Mech oozes deadly grace and can obviously devastate anything in its path. It's\u2026 otherworldly, but clearly influenced by Star League tech. It has a mounted artillery piece to boot\u2014I wonder where it came from.", 
    "PrefabIdentifier": "chrPrfMech_bullsharkBase-001", 
    "PrefabBase": "bullshark", 
    "Tonnage": 95, 
    "InitialTonnage": 9.5, 
    "weightClass": "ASSAULT", 
    "BattleValue": 9360000, 
    "Heatsinks": 30, 
    "TopSpeed": 120, 
    "TurnRadius": 90, 
    "MaxJumpjets": 4, 
    "Stability": 200, 
    "StabilityDefenses": [
        0, 
        0, 
        0, 
        0, 
        0, 
        0
    ], 
    "SpotterDistanceMultiplier": 1, 
    "VisibilityMultiplier": 1, 
    "SensorRangeMultiplier": 1, 
    "Signature": 0, 
    "Radius": 8, 
    "PunchesWithLeftArm": false, 
    "AlwaysPunchIfPossible": false, 
    "EngageRangeModifier": 0, 
    "MeleeDamage": 130, 
    "MeleeInstability": 95, 
    "MeleeToHitModifier": 0, 
    "DFADamage": 120, 
    "DFAToHitModifier": 0, 
    "DFASelfDamage": 120, 
    "DFAInstability": 120, 
    "ChassisTags": {
        "items": [
            "RareDesign", 
            "unit_mechtool"
        ], 
        "tagSetSourceFile": ""
    }, 
    "MechPartMax": 0, 
    "MovementCapDefID": "movedef_bullshark_BSK-MAZ", 
    "PathingCapDefID": "pathingdef_assault", 
    "HardpointDataDefID": "hardpointdatadef_bullshark", 
    "LOSSourcePositions": [
        {
            "x": 0, 
            "y": 15, 
            "z": 1
        }, 
        {
            "x": 6, 
            "y": 13.5, 
            "z": -1
        }, 
        {
            "x": -6, 
            "y": 13.5, 
            "z": -1
        }
    ], 
    "LOSTargetPositions": [
        {
            "x": 0, 
            "y": 15, 
            "z": 1
        }, 
        {
            "x": 6, 
            "y": 13.5, 
            "z": -1
        }, 
        {
            "x": -6, 
            "y": 13.5, 
            "z": -1
        }, 
        {
            "x": 3.5, 
            "y": 7, 
            "z": -1
        }, 
        {
            "x": -3.5, 
            "y": 7, 
            "z": -1
        }
    ], 
    "MechPartCount": 0, 
    "Locations": [
        {
            "Location": "Head", 
            "Hardpoints": [], 
            "Tonnage": 0, 
            "InventorySlots": 4, 
            "MaxArmor": 45, 
            "MaxRearArmor": -1, 
            "InternalStructure": 16
        }, 
        {
            "Location": "LeftArm", 
            "Hardpoints": [
                {
                    "Omni": false, 
                    "WeaponMount": "Ballistic"
                }, 
                {
                    "Omni": false, 
                    "WeaponMount": "Ballistic"
                }
            ], 
            "Tonnage": 0, 
            "InventorySlots": 12, 
            "MaxArmor": 160, 
            "MaxRearArmor": -1, 
            "InternalStructure": 80
        }, 
        {
            "Location": "LeftTorso", 
            "Hardpoints": [
                {
                    "Omni": false, 
                    "WeaponMount": "Energy"
                }, 
                {
                    "Omni": false, 
                    "WeaponMount": "Energy"
                }, 
                {
                    "Omni": false, 
                    "WeaponMount": "Missile"
                }
            ], 
            "Tonnage": 0, 
            "InventorySlots": 12, 
            "MaxArmor": 200, 
            "MaxRearArmor": 100, 
            "InternalStructure": 100
        }, 
        {
            "Location": "CenterTorso", 
            "Hardpoints": [], 
            "Tonnage": 0, 
            "InventorySlots": 16, 
            "MaxArmor": 300, 
            "MaxRearArmor": 150, 
            "InternalStructure": 150
        }, 
        {
            "Location": "RightTorso", 
            "Hardpoints": [
                {
                    "Omni": false, 
                    "WeaponMount": "Energy"
                }, 
                {
                    "Omni": false, 
                    "WeaponMount": "Energy"
                }, 
                {
                    "Omni": false, 
                    "WeaponMount": "Missile"
                }
            ], 
            "Tonnage": 0, 
            "InventorySlots": 12, 
            "MaxArmor": 200, 
            "MaxRearArmor": 100, 
            "InternalStructure": 100
        }, 
        {
            "Location": "RightArm", 
            "Hardpoints": [
                {
                    "Omni": false, 
                    "WeaponMount": "Ballistic"
                }, 
                {
                    "Omni": false, 
                    "WeaponMount": "Ballistic"
                }
            ], 
            "Tonnage": 0, 
            "InventorySlots": 12, 
            "MaxArmor": 160, 
            "MaxRearArmor": -1, 
            "InternalStructure": 80
        }, 
        {
            "Location": "LeftLeg", 
            "Hardpoints": [], 
            "Tonnage": 0, 
            "InventorySlots": 6, 
            "MaxArmor": 200, 
            "MaxRearArmor": -1, 
            "InternalStructure": 100
        }, 
        {
            "Location": "RightLeg", 
            "Hardpoints": [], 
            "Tonnage": 0, 
            "InventorySlots": 6, 
            "MaxArmor": 200, 
            "MaxRearArmor": -1, 
            "InternalStructure": 100
        }
    ]
}