{
    "FixedEquipment": [], 
    "Description": {
        "Cost": 6611000, 
        "Rarity": 3, 
        "Purchasable": true, 
        "Manufacturer": "", 
        "Model": "", 
        "UIName": "Catapult", 
        "Id": "chassisdef_catapult_CPLT-C4", 
        "Name": "Catapult", 
        "Details": "All Catapult variants are fundamentally artillery platforms. The CPLT-C4 is optimized for massed LRM fire. That optimization costs it flexibility compared to the original C1. Lacking the C1's medium lasers, the C4 is usually kept at long range in a fire support role.", 
        "Icon": "uixTxrIcon_catapult"
    }, 
    "VariantName": "CPLT-C4", 
    "StockRole": "Heavy Fire Support", 
    "YangsThoughts": "Do you like LRMs? Compared to the CPLT-C1, the C4 is focused on doing one thing and doing it well. And that thing is putting a cloud of missiles in the air with two LRM-20 launchers. There's a lot you can do with this 'Mech, as long as what you want to do is shoot a lot of missiles. When it runs out of missiles, it has jump jets and reinforced leg armor\u2026", 
    "PrefabIdentifier": "chrPrfMech_catapultBase-001", 
    "PrefabBase": "catapult", 
    "Tonnage": 65, 
    "InitialTonnage": 6.5, 
    "weightClass": "HEAVY", 
    "BattleValue": 0, 
    "Heatsinks": 0, 
    "TopSpeed": 64, 
    "TurnRadius": 90, 
    "MaxJumpjets": 6, 
    "Stability": 160, 
    "StabilityDefenses": [
        0, 
        0, 
        0, 
        0, 
        0, 
        0
    ], 
    "SpotterDistanceMultiplier": 1, 
    "VisibilityMultiplier": 1, 
    "SensorRangeMultiplier": 1, 
    "Signature": 0, 
    "Radius": 8, 
    "PunchesWithLeftArm": false, 
    "AlwaysPunchIfPossible": false, 
    "EngageRangeModifier": 0, 
    "MeleeDamage": 60, 
    "MeleeInstability": 65, 
    "MeleeToHitModifier": 0, 
    "DFADamage": 80, 
    "DFAToHitModifier": 0, 
    "DFASelfDamage": 80, 
    "DFAInstability": 80, 
    "ChassisTags": {
        "items": [
            "SidewaysEjectionSystem1", 
            "unit_mechtool"
        ], 
        "tagSetSourceFile": ""
    }, 
    "MechPartMax": 0, 
    "MovementCapDefID": "movedef_heavymech", 
    "PathingCapDefID": "pathingdef_heavy", 
    "HardpointDataDefID": "hardpointdatadef_catapult", 
    "LOSSourcePositions": [
        {
            "x": 0, 
            "y": 12, 
            "z": 1
        }, 
        {
            "x": 4, 
            "y": 12, 
            "z": 0
        }, 
        {
            "x": -4, 
            "y": 12, 
            "z": 0
        }
    ], 
    "LOSTargetPositions": [
        {
            "x": 0, 
            "y": 12, 
            "z": 1
        }, 
        {
            "x": 4, 
            "y": 12, 
            "z": 0
        }, 
        {
            "x": -4, 
            "y": 12, 
            "z": 0
        }, 
        {
            "x": 3, 
            "y": 5, 
            "z": 0
        }, 
        {
            "x": -3, 
            "y": 5, 
            "z": 0
        }
    ], 
    "MechPartCount": 0, 
    "Locations": [
        {
            "Location": "Head", 
            "Hardpoints": [], 
            "Tonnage": 0, 
            "InventorySlots": 4, 
            "MaxArmor": 45, 
            "MaxRearArmor": -1, 
            "InternalStructure": 16
        }, 
        {
            "Location": "LeftArm", 
            "Hardpoints": [
                {
                    "WeaponMount": "Missile", 
                    "Omni": false
                }, 
                {
                    "WeaponMount": "Missile", 
                    "Omni": false
                }
            ], 
            "Tonnage": 0, 
            "InventorySlots": 12, 
            "MaxArmor": 100, 
            "MaxRearArmor": -1, 
            "InternalStructure": 50
        }, 
        {
            "Location": "LeftTorso", 
            "Hardpoints": [
                {
                    "WeaponMount": "Missile", 
                    "Omni": false
                }
            ], 
            "Tonnage": 0, 
            "InventorySlots": 12, 
            "MaxArmor": 150, 
            "MaxRearArmor": 75, 
            "InternalStructure": 75
        }, 
        {
            "Location": "CenterTorso", 
            "Hardpoints": [
                {
                    "WeaponMount": "Energy", 
                    "Omni": false
                }, 
                {
                    "WeaponMount": "Energy", 
                    "Omni": false
                }, 
                {
                    "WeaponMount": "AntiPersonnel", 
                    "Omni": false
                }, 
                {
                    "WeaponMount": "AntiPersonnel", 
                    "Omni": false
                }
            ], 
            "Tonnage": 0, 
            "InventorySlots": 16, 
            "MaxArmor": 210, 
            "MaxRearArmor": 105, 
            "InternalStructure": 105
        }, 
        {
            "Location": "RightTorso", 
            "Hardpoints": [
                {
                    "WeaponMount": "Missile", 
                    "Omni": false
                }
            ], 
            "Tonnage": 0, 
            "InventorySlots": 12, 
            "MaxArmor": 150, 
            "MaxRearArmor": 75, 
            "InternalStructure": 75
        }, 
        {
            "Location": "RightArm", 
            "Hardpoints": [
                {
                    "WeaponMount": "Missile", 
                    "Omni": false
                }, 
                {
                    "WeaponMount": "Missile", 
                    "Omni": false
                }
            ], 
            "Tonnage": 0, 
            "InventorySlots": 12, 
            "MaxArmor": 100, 
            "MaxRearArmor": -1, 
            "InternalStructure": 50
        }, 
        {
            "Location": "LeftLeg", 
            "Hardpoints": [], 
            "Tonnage": 0, 
            "InventorySlots": 6, 
            "MaxArmor": 150, 
            "MaxRearArmor": -1, 
            "InternalStructure": 75
        }, 
        {
            "Location": "RightLeg", 
            "Hardpoints": [], 
            "Tonnage": 0, 
            "InventorySlots": 6, 
            "MaxArmor": 150, 
            "MaxRearArmor": -1, 
            "InternalStructure": 75
        }
    ]
}