{
    "FixedEquipment": [
        {
            "MountedLocation": "LeftTorso", 
            "ComponentDefID": "Gear_Sensor_Prototype_EWE", 
            "SimGameUID": "", 
            "ComponentDefType": "Upgrade", 
            "HardpointSlot": -1, 
            "GUID": null, 
            "DamageLevel": "Functional", 
            "prefabName": "", 
            "hasPrefabName": true
        }
    ], 
    "Description": {
        "Cost": 1914360, 
        "Rarity": 5, 
        "Purchasable": true, 
        "Manufacturer": "", 
        "Model": "", 
        "UIName": "Raven", 
        "Id": "chassisdef_raven_RVN-3X", 
        "Name": "Raven", 
        "Details": "The Raven RVN-3X was another 'Mech that tried to capitalize on the Triple Strength Myomer (TSM) that was captured from the Federated Suns during the 4th Succession War.  Housing the same weapon loadout as a standard 1X, the TSM bundles have been upgraded, granting the Raven a minor speed boost and slightly increased melee damage, it requires more heat to activate those functions, making it less heat efficient than its 1X counterpart.", 
        "Icon": "uixTxrIcon_raven"
    }, 
    "VariantName": "RVN-3X", 
    "StockRole": "Extremely Fast Scout", 
    "YangsThoughts": "Boosting the Raven to a higher speed is a good thing, but it still doesn't go far enough to keep the 3X safe from faster scouts, such as the Locust.  Hopefully this new EW equipment can give it the edge it needs to get away from enemies.  I'd still be tempted to scrap one of the lasers or downgrade the SRM launcher to give the Raven more armor and increase our pilot's odds of making it out alive.", 
    "PrefabIdentifier": "chrPrfMech_ravenBase-001", 
    "PrefabBase": "raven", 
    "Tonnage": 35, 
    "InitialTonnage": 3.5, 
    "weightClass": "LIGHT", 
    "BattleValue": 4642000, 
    "Heatsinks": 0, 
    "TopSpeed": 210, 
    "TurnRadius": 90, 
    "MaxJumpjets": 8, 
    "Stability": 100, 
    "StabilityDefenses": [
        0, 
        0, 
        0, 
        0, 
        0, 
        0
    ], 
    "SpotterDistanceMultiplier": 1, 
    "VisibilityMultiplier": 1, 
    "SensorRangeMultiplier": 1, 
    "Signature": 0, 
    "Radius": 4, 
    "PunchesWithLeftArm": false, 
    "AlwaysPunchIfPossible": false, 
    "EngageRangeModifier": 0, 
    "MeleeDamage": 20, 
    "MeleeInstability": 30, 
    "MeleeToHitModifier": 0, 
    "DFADamage": 35, 
    "DFAToHitModifier": 0, 
    "DFASelfDamage": 35, 
    "DFAInstability": 35, 
    "ChassisTags": {
        "items": [
            "RavenEW", 
            "unit_mechtool"
        ], 
        "tagSetSourceFile": ""
    }, 
    "MechPartMax": 0, 
    "MovementCapDefID": "movedef_lightmech", 
    "PathingCapDefID": "pathingdef_light", 
    "HardpointDataDefID": "hardpointdatadef_raven", 
    "LOSSourcePositions": [
        {
            "x": 0, 
            "y": 10, 
            "z": 3
        }, 
        {
            "x": 1, 
            "y": 9, 
            "z": -2
        }, 
        {
            "x": -1, 
            "y": 9, 
            "z": -2
        }
    ], 
    "LOSTargetPositions": [
        {
            "x": 0, 
            "y": 10, 
            "z": 3
        }, 
        {
            "x": 1, 
            "y": 9, 
            "z": -2
        }, 
        {
            "x": -1, 
            "y": 9, 
            "z": -2
        }, 
        {
            "x": 1, 
            "y": 5, 
            "z": -1
        }, 
        {
            "x": -1, 
            "y": 5, 
            "z": -1
        }
    ], 
    "MechPartCount": 0, 
    "Locations": [
        {
            "Location": "Head", 
            "Hardpoints": [], 
            "Tonnage": 0, 
            "InventorySlots": 4, 
            "MaxArmor": 45, 
            "MaxRearArmor": -1, 
            "InternalStructure": 16
        }, 
        {
            "Location": "LeftArm", 
            "Hardpoints": [], 
            "Tonnage": 0, 
            "InventorySlots": 12, 
            "MaxArmor": 60, 
            "MaxRearArmor": -1, 
            "InternalStructure": 30
        }, 
        {
            "Location": "LeftTorso", 
            "Hardpoints": [], 
            "Tonnage": 0, 
            "InventorySlots": 12, 
            "MaxArmor": 80, 
            "MaxRearArmor": 40, 
            "InternalStructure": 40
        }, 
        {
            "Location": "CenterTorso", 
            "Hardpoints": [], 
            "Tonnage": 0, 
            "InventorySlots": 16, 
            "MaxArmor": 110, 
            "MaxRearArmor": 55, 
            "InternalStructure": 55
        }, 
        {
            "Location": "RightTorso", 
            "Hardpoints": [
                {
                    "Omni": false, 
                    "WeaponMount": "Missile"
                }, 
                {
                    "Omni": false, 
                    "WeaponMount": "Missile"
                }
            ], 
            "Tonnage": 0, 
            "InventorySlots": 12, 
            "MaxArmor": 80, 
            "MaxRearArmor": 40, 
            "InternalStructure": 40
        }, 
        {
            "Location": "RightArm", 
            "Hardpoints": [
                {
                    "Omni": false, 
                    "WeaponMount": "Energy"
                }, 
                {
                    "Omni": false, 
                    "WeaponMount": "Energy"
                }, 
                {
                    "Omni": false, 
                    "WeaponMount": "AntiPersonnel"
                }, 
                {
                    "Omni": false, 
                    "WeaponMount": "AntiPersonnel"
                }
            ], 
            "Tonnage": 0, 
            "InventorySlots": 12, 
            "MaxArmor": 60, 
            "MaxRearArmor": -1, 
            "InternalStructure": 30
        }, 
        {
            "Location": "LeftLeg", 
            "Hardpoints": [], 
            "Tonnage": 0, 
            "InventorySlots": 6, 
            "MaxArmor": 80, 
            "MaxRearArmor": -1, 
            "InternalStructure": 40
        }, 
        {
            "Location": "RightLeg", 
            "Hardpoints": [], 
            "Tonnage": 0, 
            "InventorySlots": 6, 
            "MaxArmor": 80, 
            "MaxRearArmor": -1, 
            "InternalStructure": 40
        }
    ]
}