{
  "ID": "Blackout_UnknownCause",
  "contractName": "Unknown Cause",
  "contractDisplayStyle": "BaseCampaignNormal",
  "difficulty": 5,
  "difficultyUIModifier": 0,
  "weight": 1,
  "scope": "STANDARD",
  "finalDifficulty": 0,
  "representativeCastDefIDOverride": null,
  "missionSuccessStatementOverride": null,
  "badFaithStatementOverride": null,
  "goodFaithStatementOverride": null,
  "shortDescription": "One of our bio research stations has gone dark in the {TGT_SYSTEM.name} system. We've not sure why but {TEAM_TAR.FactionDef.Demonym} affiliated groups have been asking about purchasing some specific supplies we also use in that system. Investigate and find out what's going on.",
  "longDescription": "Bio research station? We better be careful here, Commander. I don't fancy catching a new type of cold, if you know what I mean?",
  "salvagePotential": 16,
  "requirementList": [
    {
      "Scope": "StarSystem",
      "RequirementTags": {
        "items": [],
        "tagSetSourceFile": ""
      },
      "ExclusionTags": {
        "items": [],
        "tagSetSourceFile": ""
      },
      "RequirementComparisons": [
        {
          "obj": "Employer.IsOwner",
          "op": "Equal",
          "val": 1,
          "valueConstant": null
        }
      ]
    }
  ],
  "OnContractSuccessResults": [],
  "OnContractFailureResults": [],
  "encounterPlayStyle": "SinglePlayer",
  "maxNumberOfPlayerUnits": 4,
  "lanceMinTonnage": -1,
  "lanceMaxTonnage": -1,
  "mechMinTonnages": [-1, -1, -1, -1],
  "mechMaxTonnages": [-1, -1, -1, -1],
  "mapMood": null,
  "startingFogOfWarVisibility": "Surveyed",
  "contractObjectiveList": [
    {
      "contractObjective": {
        "EncounterObjectGuid": "73275787-720a-4c33-9f20-953b1bbf48bd"
      },
      "title": "Investigate the Biolab",
      "description": "",
      "isPrimary": true,
      "forPlayer": "Player1",
      "objectiveGuids": [
        "786166e2-22ea-45c1-9786-68df31958bd8",
        "b8e02f26-f664-4314-a003-67737fef719d"
      ]
    }
  ],
  "objectiveList": [
    {
      "objective": {
        "EncounterObjectGuid": "786166e2-22ea-45c1-9786-68df31958bd8"
      },
      "title": "Investigate the Biolab",
      "description": "",
      "isPrimary": true,
      "OnSuccessResults": [],
      "OnFailureResults": [],
      "OnSuccessDialogueGUID": null,
      "OnFailureDialogueGUID": null
    },
    {
      "objective": {
        "EncounterObjectGuid": "a96a7b04-85cf-4052-8ceb-1063b273c87f"
      },
      "title": "Survive the bioscan",
      "description": "Survive the bioscan in alpha base",
      "isPrimary": true,
      "OnSuccessResults": [],
      "OnFailureResults": [],
      "OnSuccessDialogueGUID": null,
      "OnFailureDialogueGUID": null
    },
    {
      "objective": {
        "EncounterObjectGuid": "b8e02f26-f664-4314-a003-67737fef719d"
      },
      "title": "Head to the Biolab complex",
      "description": "Head to the biolab in the next base",
      "isPrimary": true,
      "OnSuccessResults": [],
      "OnFailureResults": [],
      "OnSuccessDialogueGUID": null,
      "OnFailureDialogueGUID": null
    },
    {
      "objective": {
        "EncounterObjectGuid": "a0b9c5b2-c594-4c5a-be1d-028a51c51519"
      },
      "title": "Destroy invading lance",
      "description": "Destroy the lance that is invading",
      "isPrimary": true,
      "OnSuccessResults": [],
      "OnFailureResults": [],
      "OnSuccessDialogueGUID": null,
      "OnFailureDialogueGUID": null
    },
    {
      "objective": {
        "EncounterObjectGuid": "bfa3d339-c304-4fba-87db-ac725acb4c10"
      },
      "title": "Destroy occupying lance",
      "description": "Destroy the lance that is occupying the base",
      "isPrimary": true,
      "OnSuccessResults": [],
      "OnFailureResults": [],
      "OnSuccessDialogueGUID": null,
      "OnFailureDialogueGUID": null
    },
    {
      "objective": {
        "EncounterObjectGuid": "2c8f0d53-2fc6-4af6-9d0e-79b6991f9359"
      },
      "title": "Destroy the hacked base turrets",
      "description": "Survive the hacked turrets in bravo base",
      "isPrimary": true,
      "OnSuccessResults": [],
      "OnFailureResults": [],
      "OnSuccessDialogueGUID": null,
      "OnFailureDialogueGUID": null
    }
  ],
  "artilleryObjectiveList": [],
  "buildingList": [],
  "chunkList": [
    {
      "name": "Chunk_Optional_Initial_Enemy",
      "encounterChunk": {
        "EncounterObjectGuid": "3b47894e-2d25-4599-9b47-620ab8fcfa62"
      },
      "enableChunkFromContract": false
    },
    {
      "name": "Chunk_Alpha_Base_Turrets",
      "encounterChunk": {
        "EncounterObjectGuid": "d43befbd-b9ed-4fcc-8f92-e4fc2c9f405d"
      },
      "enableChunkFromContract": true
    },
    {
      "name": "Chunk_Bravo_Base_Turrets",
      "encounterChunk": {
        "EncounterObjectGuid": "70088858-545d-4ca1-8d68-ce0736ae648b"
      },
      "enableChunkFromContract": true
    },
    {
      "name": "Chunk_Stage_1a_Signs_Of_Attack",
      "encounterChunk": {
        "EncounterObjectGuid": "bf661bb2-67dd-475b-9f56-45be07b0d181"
      },
      "enableChunkFromContract": true,
      "controlledByContractChunkGroupList": ["Inactive"]
    },
    {
      "name": "Chunk_Stage_1b_Trap",
      "encounterChunk": {
        "EncounterObjectGuid": "0d288b40-fb4e-4118-996f-d65c070d140f"
      },
      "enableChunkFromContract": true,
      "controlledByContractChunkGroupList": ["Inactive"]
    },
    {
      "name": "Chunk_Stage_1c_Ambush",
      "encounterChunk": {
        "EncounterObjectGuid": "9cdc19ff-5b22-402b-aca5-d593a6f3b69c"
      },
      "enableChunkFromContract": true,
      "controlledByContractChunkGroupList": ["Inactive"]
    },
    {
      "name": "Chunk_Stage_3a_Trap",
      "encounterChunk": {
        "EncounterObjectGuid": "716aec95-e204-4033-8d56-8f659a30c51c"
      },
      "enableChunkFromContract": true,
      "controlledByContractChunkGroupList": ["Inactive"]
    },
    {
      "name": "Chunk_Stage_Post_3a_Enemy_Turrets",
      "encounterChunk": {
        "EncounterObjectGuid": "1fdeca88-c2d9-46af-b443-cf95aae707b6"
      },
      "enableChunkFromContract": true,
      "controlledByContractChunkGroupList": ["Inactive"]
    },
    {
      "name": "Chunk_Stage_Post_3a_Friendly_Turrets",
      "encounterChunk": {
        "EncounterObjectGuid": "832ae497-f3d3-467f-b4da-8e95a3d757b0"
      },
      "enableChunkFromContract": true,
      "controlledByContractChunkGroupList": ["Inactive"]
    },
    {
      "name": "Chunk_Stage_3b_Incoming_Attack",
      "encounterChunk": {
        "EncounterObjectGuid": "df31d9e4-762f-4556-bc49-ce8dc1659c0a"
      },
      "enableChunkFromContract": true,
      "controlledByContractChunkGroupList": ["Inactive"]
    }
  ],
  "cameraFocusHelperList": [
    {
      "name": "Spawner_PlayerLance",
      "encounterObject": {
        "EncounterObjectGuid": "76b654a6-4f2c-4a6f-86e6-d4cf868335fe"
      }
    },
    {
      "name": "Region_Investigate_Blackout",
      "encounterObject": {
        "EncounterObjectGuid": "e7e9f35b-7ed8-404e-9dae-69be61de2dd3"
      }
    },
    {
      "name": "Region_Follow_The_Trail",
      "encounterObject": {
        "EncounterObjectGuid": "21a03616-c88b-4edd-a9a9-b4dd54b46d6c"
      }
    },
    {
      "name": "Spawner_Bravo_Turrets",
      "encounterObject": {
        "EncounterObjectGuid": "98fc619a-28f5-4a29-ae7f-5f42576cd0bc"
      }
    }
  ],
  "dialogueList": [
    {
      "dialogue": {
        "EncounterObjectGuid": "73df8d9c-a274-48fd-98c9-2bd0d7860e83"
      },
      "name": "Dialogue_MissionStart",
      "overrideDialogueBucketId": "",
      "dialogueContent": [
        {
          "words": "We've been informed there's two main bases for the Biolab. Let's head to the first one and scout it out. And... try not to take any deep breaths out there, Commander.",
          "wordsColor": {
            "r": 1,
            "g": 1,
            "b": 1,
            "a": 1
          },
          "selectedCastDefId": "castDef_DariusDefault",
          "emote": "Default",
          "audioName": "NONE",
          "cameraFocusGuid": "",
          "cameraDistance": "Far",
          "cameraHeight": "Default",
          "revealRadius": -1
        }
      ]
    },
    {
      "dialogue": {
        "EncounterObjectGuid": "4011a4c3-cba2-4d22-b2b3-3b19a3297ab9"
      },
      "name": "Dialogue_MissionSuccess",
      "overrideDialogueBucketId": "",
      "dialogueContent": [
        {
          "words": "Good job there, Commander. Let's hope that {TEAM_TAR.FactionDef.Demonym} crew weren't right about that virus.",
          "wordsColor": {
            "r": 1,
            "g": 1,
            "b": 1,
            "a": 1
          },
          "selectedCastDefId": "castDef_DariusDefault",
          "emote": "Default",
          "audioName": "NONE",
          "cameraFocusGuid": "",
          "cameraDistance": "Far",
          "cameraHeight": "Default",
          "revealRadius": -1
        }
      ]
    },
    {
      "dialogue": {
        "EncounterObjectGuid": "d3d33d95-9ed7-4686-b9eb-954ebe51cc02"
      },
      "name": "Dialogue_MissionFailure",
      "overrideDialogueBucketId": "",
      "dialogueContent": [
        {
          "words": "This virus will be a problem now, Commander. Let's get you back.",
          "wordsColor": {
            "r": 1,
            "g": 1,
            "b": 1,
            "a": 1
          },
          "selectedCastDefId": "castDef_DariusDefault",
          "emote": "Default",
          "audioName": "NONE",
          "cameraFocusGuid": "",
          "cameraDistance": "Far",
          "cameraHeight": "Default",
          "revealRadius": -1
        }
      ]
    },
    {
      "dialogue": {
        "EncounterObjectGuid": "e0ca3227-ffbf-4088-a261-3d4e9ab7d4c5"
      },
      "name": "Dialogue_First_Point_Of_Interest",
      "overrideDialogueBucketId": "",
      "dialogueContent": [
        {
          "words": "There are a few dead bodies scattered around the base here, Commander. I hate to say it but maybe there's something going on with this biolab. Let's check the biolab complex.",
          "wordsColor": {
            "r": 1,
            "g": 1,
            "b": 1,
            "a": 1
          },
          "selectedCastDefId": "castDef_DariusDefault",
          "emote": "Default",
          "audioName": "NONE",
          "cameraFocusGuid": "e7e9f35b-7ed8-404e-9dae-69be61de2dd3",
          "cameraDistance": "Medium",
          "cameraHeight": "Default",
          "revealRadius": -1
        }
      ]
    },
    {
      "dialogue": {
        "EncounterObjectGuid": "f404adfd-7613-4fc3-ae55-f025ac6d8213"
      },
      "name": "Dialogue_First_Point_Of_Interest_Trap",
      "overrideDialogueBucketId": "",
      "dialogueContent": [
        {
          "words": "*** DETECTED UNKNOWN FORCE *** ... *** VIRUS BREACH DETECTED *** .... *** ACTIVATING DEVICE NETWORK ***",
          "wordsColor": {
            "r": 1,
            "g": 1,
            "b": 1,
            "a": 1
          },
          "selectedCastDefId": "castDef_SE01_CommVoice01",
          "emote": "Default",
          "audioName": "NONE",
          "cameraFocusGuid": "e7e9f35b-7ed8-404e-9dae-69be61de2dd3",
          "cameraDistance": "Medium",
          "cameraHeight": "Default",
          "revealRadius": -1
        },
        {
          "words": "Watch out, Commander! Turrets coming online!",
          "wordsColor": {
            "r": 1,
            "g": 1,
            "b": 1,
            "a": 1
          },
          "selectedCastDefId": "castDef_DariusDefault",
          "emote": "Default",
          "audioName": "NONE",
          "cameraFocusGuid": "e7e9f35b-7ed8-404e-9dae-69be61de2dd3",
          "cameraDistance": "Medium",
          "cameraHeight": "Default",
          "revealRadius": -1
        }
      ]
    },
    {
      "dialogue": {
        "EncounterObjectGuid": "47c75ee8-8af6-46a8-98a3-418f754616c5"
      },
      "name": "Dialogue_First_Point_Of_Interest_Ambush",
      "overrideDialogueBucketId": "",
      "dialogueContent": [
        {
          "words": "We knew your damned experiments here would ruin us, {TEAM_EMP.FactionDef.Demonym}. Now you've released that virus and killed us all. At least we'll take you with us first.",
          "wordsColor": {
            "r": 1,
            "g": 1,
            "b": 1,
            "a": 1
          },
          "selectedCastDefId": "castDef_SE06_KarosasCaptainDefault",
          "emote": "Default",
          "audioName": "NONE",
          "cameraFocusGuid": "e7e9f35b-7ed8-404e-9dae-69be61de2dd3",
          "cameraDistance": "Far",
          "cameraHeight": "Default",
          "revealRadius": -1
        },
        {
          "words": "Virus? Commander, incoming hostiles!",
          "wordsColor": {
            "r": 1,
            "g": 1,
            "b": 1,
            "a": 1
          },
          "selectedCastDefId": "castDef_DariusDefault",
          "emote": "Default",
          "audioName": "NONE",
          "cameraFocusGuid": "e7e9f35b-7ed8-404e-9dae-69be61de2dd3",
          "cameraDistance": "Far",
          "cameraHeight": "Default",
          "revealRadius": -1
        },
        {
          "words": "*** DETECTED UNKNOWN FORCE *** ... *** VIRUS DETECTED *** .... *** ACTIVATING DEVICE NETWORK ***",
          "wordsColor": {
            "r": 1,
            "g": 1,
            "b": 1,
            "a": 1
          },
          "selectedCastDefId": "castDef_SE01_CommVoice01",
          "emote": "Default",
          "audioName": "NONE",
          "cameraFocusGuid": "e7e9f35b-7ed8-404e-9dae-69be61de2dd3",
          "cameraDistance": "Far",
          "cameraHeight": "Default",
          "revealRadius": -1
        }
      ]
    },
    {
      "dialogue": {
        "EncounterObjectGuid": "399d54e8-522a-4576-b01f-14d705dc9d6b"
      },
      "name": "Dialogue_Post_1b",
      "overrideDialogueBucketId": "",
      "dialogueContent": [
        {
          "words": "What was all that about a virus? To be on the safe side I wouldn't leave your mechs whilst you're down there. Let's move to the biolab complex to figure this out.",
          "wordsColor": {
            "r": 1,
            "g": 1,
            "b": 1,
            "a": 1
          },
          "selectedCastDefId": "castDef_DariusDefault",
          "emote": "Default",
          "audioName": "NONE",
          "cameraFocusGuid": "e7e9f35b-7ed8-404e-9dae-69be61de2dd3",
          "cameraDistance": "Medium",
          "cameraHeight": "High",
          "revealRadius": -1
        }
      ]
    },
    {
      "dialogue": {
        "EncounterObjectGuid": "e090fbc3-13e3-4829-9093-1000b4e50dbd"
      },
      "name": "Dialogue_Post_1c",
      "overrideDialogueBucketId": "",
      "dialogueContent": [
        {
          "words": "A {TEAM_TAR.FactionDef.Demonym} attack? Virus? What the hell is going on here? Let's get this over with fast.",
          "wordsColor": {
            "r": 1,
            "g": 1,
            "b": 1,
            "a": 1
          },
          "selectedCastDefId": "castDef_DariusDefault",
          "emote": "Default",
          "audioName": "NONE",
          "cameraFocusGuid": "e7e9f35b-7ed8-404e-9dae-69be61de2dd3",
          "cameraDistance": "Medium",
          "cameraHeight": "High",
          "revealRadius": -1
        }
      ]
    },
    {
      "dialogue": {
        "EncounterObjectGuid": "4ef16b5e-1486-4399-8835-b81026b22cac"
      },
      "name": "Dialogue_Second_Point_Of_Interest_3a",
      "overrideDialogueBucketId": "",
      "dialogueContent": [
        {
          "words": "Unidentified BattleMech lance. This base has been put under quarantine by {TEAM_TAR.FactionDef.ShortName}. Leave this area now.",
          "wordsColor": {
            "r": 1,
            "g": 1,
            "b": 1,
            "a": 1
          },
          "selectedCastDefId": "castDef_TeamLeader_Hostile",
          "emote": "Default",
          "audioName": "NONE",
          "cameraFocusGuid": "21a03616-c88b-4edd-a9a9-b4dd54b46d6c",
          "cameraDistance": "Close",
          "cameraHeight": "Default",
          "revealRadius": -1
        },
        {
          "words": "{TEAM_TAR.FactionDef.Demonym} radio operator. You have illegally taken over this {TEAM_EMP.FactionDef.Demonym} base. Leave or be forced out.",
          "wordsColor": {
            "r": 1,
            "g": 1,
            "b": 1,
            "a": 1
          },
          "selectedCastDefId": "castDef_DariusDefault",
          "emote": "Default",
          "audioName": "NONE",
          "cameraFocusGuid": "21a03616-c88b-4edd-a9a9-b4dd54b46d6c",
          "cameraDistance": "Close",
          "cameraHeight": "Default",
          "revealRadius": -1
        },
        {
          "words": "You leave us no choice. Contain and control those Mercs!",
          "wordsColor": {
            "r": 1,
            "g": 1,
            "b": 1,
            "a": 1
          },
          "selectedCastDefId": "castDef_TeamLeader_Hostile",
          "emote": "Default",
          "audioName": "NONE",
          "cameraFocusGuid": "21a03616-c88b-4edd-a9a9-b4dd54b46d6c",
          "cameraDistance": "Medium",
          "cameraHeight": "Default",
          "revealRadius": -1
        }
      ]
    },
    {
      "dialogue": {
        "EncounterObjectGuid": "5b3c49fe-d2a6-46ba-b0b7-21a43fd254a9"
      },
      "name": "Dialogue_3a_Enemy_Turrets_Activating",
      "overrideDialogueBucketId": "",
      "dialogueContent": [
        {
          "words": "Watch out, Commander! Base defenses are coming online!",
          "wordsColor": {
            "r": 1,
            "g": 1,
            "b": 1,
            "a": 1
          },
          "selectedCastDefId": "castDef_DariusDefault",
          "emote": "Default",
          "audioName": "NONE",
          "cameraFocusGuid": "98fc619a-28f5-4a29-ae7f-5f42576cd0bc",
          "cameraDistance": "Medium",
          "cameraHeight": "Default",
          "revealRadius": -1
        }
      ]
    },
    {
      "dialogue": {
        "EncounterObjectGuid": "ebfc6319-b365-478d-af8c-cfa8a38ad1e4"
      },
      "name": "Dialogue_3a_Employer_Turrets_Activating",
      "overrideDialogueBucketId": "",
      "dialogueContent": [
        {
          "words": "*** DETECTED OCCUPYING FORCE *** ... *** VIRUS DETECTED ON OCCUPYING UNITS *** .... *** ACTIVATING DEVICE NETWORK ***",
          "wordsColor": {
            "r": 1,
            "g": 1,
            "b": 1,
            "a": 1
          },
          "selectedCastDefId": "castDef_SE01_CommVoice01",
          "emote": "Default",
          "audioName": "NONE",
          "cameraFocusGuid": "98fc619a-28f5-4a29-ae7f-5f42576cd0bc",
          "cameraDistance": "Medium",
          "cameraHeight": "Default",
          "revealRadius": -1
        }
      ]
    },
    {
      "dialogue": {
        "EncounterObjectGuid": "d530f8a5-ce14-4af8-8da3-2020dab6def1"
      },
      "name": "Dialogue_Second_Point_Of_Interest_3b",
      "overrideDialogueBucketId": "",
      "dialogueContent": [
        {
          "words": "Commander! Are we glad to see you! {TEAM_EMP.FactionDef.Demonym} Biolab {TGT_SYSTEM.name}-Delta.",
          "wordsColor": {
            "r": 1,
            "g": 1,
            "b": 1,
            "a": 1
          },
          "selectedCastDefId": "castDef_TeamLeader_Employer",
          "emote": "Default",
          "audioName": "NONE",
          "cameraFocusGuid": "21a03616-c88b-4edd-a9a9-b4dd54b46d6c",
          "cameraDistance": "Close",
          "cameraHeight": "Default",
          "revealRadius": -1
        },
        {
          "words": "We had a containment breach on one of our projects. Nothing serious I assure you and we have it under control. However, it looks like we've pushed the {TEAM_TAR.FactionDef.Demonym} watchers too far. They're determined to wipe us out!",
          "wordsColor": {
            "r": 1,
            "g": 1,
            "b": 1,
            "a": 1
          },
          "selectedCastDefId": "castDef_TeamLeader_Employer",
          "emote": "Default",
          "audioName": "NONE",
          "cameraFocusGuid": "21a03616-c88b-4edd-a9a9-b4dd54b46d6c",
          "cameraDistance": "Medium",
          "cameraHeight": "Default",
          "revealRadius": -1
        },
        {
          "words": "We've got contacts! Incoming!",
          "wordsColor": {
            "r": 1,
            "g": 1,
            "b": 1,
            "a": 1
          },
          "selectedCastDefId": "castDef_SE01_CommVoice01",
          "emote": "Default",
          "audioName": "NONE",
          "cameraFocusGuid": "21a03616-c88b-4edd-a9a9-b4dd54b46d6c",
          "cameraDistance": "Far",
          "cameraHeight": "High",
          "revealRadius": -1
        }
      ]
    }
  ],
  "extractionOverrideList": [],
  "overwriteMissionCompleteWhenAutoComplete": true,
  "overrideAutoCompleteDialogueId": null,
  "disableNegotations": false,
  "disableLanceConfiguration": false,
  "disableCancelButton": false,
  "disableAfterAction": false,
  "contractRewardOverride": -1,
  "travelOnly": false,
  "useTravelCostPenalty": false,
  "usesExpiration": false,
  "expirationTimeOverride": -1,
  "negotiatedSalary": 1,
  "negotiatedSalvage": 0,
  "excludedFromProceduralGeneration": false,
  "player1Team": {
    "encounterLayerData": {
      "EncounterObjectGuid": "c1dd76b9-5f5f-46f1-b5a2-d1f22dd4991b"
    },
    "teamGuid": "bf40fd39-ccf9-47c4-94a6-061809681140",
    "teamName": "Player 1",
    "faction": "Player1sMercUnit",
    "teamLeaderCastDefId": "castDef_TeamLeader_Current",
    "lanceOverrideList": [
      {
        "lanceSpawner": {
          "EncounterObjectGuid": "76b654a6-4f2c-4a6f-86e6-d4cf868335fe"
        },
        "name": "Spawner_PlayerLance",
        "lanceDefId": "Manual",
        "lanceTagSet": {
          "items": [],
          "tagSetSourceFile": "tags/LanceTags"
        },
        "lanceExcludedTagSet": {
          "items": [],
          "tagSetSourceFile": "tags/LanceTags"
        },
        "spawnEffectTags": {
          "items": [],
          "tagSetSourceFile": "tags/SpawnEffectTags"
        },
        "lanceDifficultyAdjustment": 0,
        "selectedLanceDefId": null,
        "selectedLanceDifficulty": 0,
        "unitSpawnPointOverrideList": [
          {
            "unitSpawnPoint": {
              "EncounterObjectGuid": "ec9d2280-ca9a-4d90-8a20-963d8a4c0a39"
            },
            "customUnitName": null,
            "customHeraldryDefId": null,
            "unitType": "Mech",
            "unitDefId": "mechDef_None",
            "unitTagSet": {
              "items": [],
              "tagSetSourceFile": "tags/UnitTags"
            },
            "unitExcludedTagSet": {
              "items": [],
              "tagSetSourceFile": "tags/UnitTags"
            },
            "spawnEffectTags": {
              "items": [],
              "tagSetSourceFile": "tags/SpawnEffectTags"
            },
            "pilotDefId": "pilotDef_InheritLance",
            "pilotTagSet": {
              "items": [],
              "tagSetSourceFile": "tags/PilotTags"
            },
            "pilotExcludedTagSet": {
              "items": [],
              "tagSetSourceFile": "tags/PilotTags"
            },
            "selectedUnitType": "UNDEFINED",
            "selectedUnitDefId": null,
            "selectedPilotDefId": null
          },
          {
            "unitSpawnPoint": {
              "EncounterObjectGuid": "5df48a48-1840-49b0-84e9-126847053afa"
            },
            "customUnitName": null,
            "customHeraldryDefId": null,
            "unitType": "Mech",
            "unitDefId": "mechDef_None",
            "unitTagSet": {
              "items": [],
              "tagSetSourceFile": "tags/UnitTags"
            },
            "unitExcludedTagSet": {
              "items": [],
              "tagSetSourceFile": "tags/UnitTags"
            },
            "spawnEffectTags": {
              "items": [],
              "tagSetSourceFile": "tags/SpawnEffectTags"
            },
            "pilotDefId": "pilotDef_InheritLance",
            "pilotTagSet": {
              "items": [],
              "tagSetSourceFile": "tags/PilotTags"
            },
            "pilotExcludedTagSet": {
              "items": [],
              "tagSetSourceFile": "tags/PilotTags"
            },
            "selectedUnitType": "UNDEFINED",
            "selectedUnitDefId": null,
            "selectedPilotDefId": null
          },
          {
            "unitSpawnPoint": {
              "EncounterObjectGuid": "a55fc76c-c955-4b61-bb64-2608c9beb9f5"
            },
            "customUnitName": null,
            "customHeraldryDefId": null,
            "unitType": "Mech",
            "unitDefId": "mechDef_None",
            "unitTagSet": {
              "items": [],
              "tagSetSourceFile": "tags/UnitTags"
            },
            "unitExcludedTagSet": {
              "items": [],
              "tagSetSourceFile": "tags/UnitTags"
            },
            "spawnEffectTags": {
              "items": [],
              "tagSetSourceFile": "tags/SpawnEffectTags"
            },
            "pilotDefId": "pilotDef_InheritLance",
            "pilotTagSet": {
              "items": [],
              "tagSetSourceFile": "tags/PilotTags"
            },
            "pilotExcludedTagSet": {
              "items": [],
              "tagSetSourceFile": "tags/PilotTags"
            },
            "selectedUnitType": "UNDEFINED",
            "selectedUnitDefId": null,
            "selectedPilotDefId": null
          },
          {
            "unitSpawnPoint": {
              "EncounterObjectGuid": "0f10a383-7325-4726-b2c4-a0ef416e4b27"
            },
            "customUnitName": null,
            "customHeraldryDefId": null,
            "unitType": "Mech",
            "unitDefId": "mechDef_None",
            "unitTagSet": {
              "items": [],
              "tagSetSourceFile": "tags/UnitTags"
            },
            "unitExcludedTagSet": {
              "items": [],
              "tagSetSourceFile": "tags/UnitTags"
            },
            "spawnEffectTags": {
              "items": [],
              "tagSetSourceFile": "tags/SpawnEffectTags"
            },
            "pilotDefId": "pilotDef_InheritLance",
            "pilotTagSet": {
              "items": [],
              "tagSetSourceFile": "tags/PilotTags"
            },
            "pilotExcludedTagSet": {
              "items": [],
              "tagSetSourceFile": "tags/PilotTags"
            },
            "selectedUnitType": "UNDEFINED",
            "selectedUnitDefId": null,
            "selectedPilotDefId": null
          }
        ]
      }
    ]
  },
  "player2Team": {
    "encounterLayerData": {
      "EncounterObjectGuid": "c1dd76b9-5f5f-46f1-b5a2-d1f22dd4991b"
    },
    "teamGuid": "757173dd-b4e1-4bb5-9bee-d78e623cc867",
    "teamName": "Player 2",
    "faction": "Player2sMercUnit",
    "teamLeaderCastDefId": "castDef_TeamLeader_Current",
    "lanceOverrideList": []
  },
  "employerTeam": {
    "encounterLayerData": {
      "EncounterObjectGuid": "c1dd76b9-5f5f-46f1-b5a2-d1f22dd4991b"
    },
    "teamGuid": "ecc8d4f2-74b4-465d-adf6-84445e5dfc230",
    "teamName": "Employer",
    "faction": "INVALID_UNSET",
    "teamLeaderCastDefId": "castDef_TeamLeader_Current",
    "lanceOverrideList": [
      {
        "lanceSpawner": {
          "EncounterObjectGuid": "98fc619a-28f5-4a29-ae7f-5f42576cd0bc"
        },
        "name": "Turrets",
        "lanceDefId": "Tagged",
        "lanceTagSet": {
          "items": ["lance_type_turret"],
          "tagSetSourceFile": "Tags/LanceTags"
        },
        "lanceExcludedTagSet": {
          "items": [],
          "tagSetSourceFile": "Tags/LanceTags"
        },
        "spawnEffectTags": {
          "items": [],
          "tagSetSourceFile": "Tags/SpawnEffectTags"
        },
        "lanceDifficultyAdjustment": 0,
        "selectedLanceDefId": null,
        "selectedLanceDifficulty": 0,
        "unitSpawnPointOverrideList": [
          {
            "unitSpawnPoint": {
              "EncounterObjectGuid": "38538181-1208-4cd1-bad9-7469f2cb9478"
            },
            "customUnitName": "",
            "customHeraldryDefId": "",
            "unitType": "Turret",
            "unitDefId": "turretDef_InheritLance",
            "unitTagSet": {
              "items": [],
              "tagSetSourceFile": ""
            },
            "unitExcludedTagSet": {
              "items": [],
              "tagSetSourceFile": "Tags/UnitTags"
            },
            "spawnEffectTags": {
              "items": [],
              "tagSetSourceFile": "Tags/SpawnEffectTags"
            },
            "pilotDefId": "pilot_d5_turret",
            "pilotTagSet": {
              "items": [],
              "tagSetSourceFile": ""
            },
            "pilotExcludedTagSet": {
              "items": [],
              "tagSetSourceFile": "Tags/PilotTags"
            },
            "selectedUnitType": "UNDEFINED",
            "selectedUnitDefId": null,
            "selectedPilotDefId": null
          },
          {
            "unitSpawnPoint": {
              "EncounterObjectGuid": "6552d0c2-b705-49b8-a4f8-5205e537db05"
            },
            "customUnitName": "",
            "customHeraldryDefId": "",
            "unitType": "Turret",
            "unitDefId": "turretDef_InheritLance",
            "unitTagSet": {
              "items": [],
              "tagSetSourceFile": ""
            },
            "unitExcludedTagSet": {
              "items": [],
              "tagSetSourceFile": "Tags/UnitTags"
            },
            "spawnEffectTags": {
              "items": [],
              "tagSetSourceFile": "Tags/SpawnEffectTags"
            },
            "pilotDefId": "pilot_d5_turret",
            "pilotTagSet": {
              "items": [],
              "tagSetSourceFile": ""
            },
            "pilotExcludedTagSet": {
              "items": [],
              "tagSetSourceFile": "Tags/PilotTags"
            },
            "selectedUnitType": "UNDEFINED",
            "selectedUnitDefId": null,
            "selectedPilotDefId": null
          },
          {
            "unitSpawnPoint": {
              "EncounterObjectGuid": "23e3c6ad-31e3-459b-9f0c-a7f5614e4662"
            },
            "customUnitName": "",
            "customHeraldryDefId": "",
            "unitType": "Turret",
            "unitDefId": "turretDef_InheritLance",
            "unitTagSet": {
              "items": [],
              "tagSetSourceFile": ""
            },
            "unitExcludedTagSet": {
              "items": [],
              "tagSetSourceFile": "Tags/UnitTags"
            },
            "spawnEffectTags": {
              "items": [],
              "tagSetSourceFile": "Tags/SpawnEffectTags"
            },
            "pilotDefId": "pilot_d5_turret",
            "pilotTagSet": {
              "items": [],
              "tagSetSourceFile": ""
            },
            "pilotExcludedTagSet": {
              "items": [],
              "tagSetSourceFile": "Tags/PilotTags"
            },
            "selectedUnitType": "UNDEFINED",
            "selectedUnitDefId": null,
            "selectedPilotDefId": null
          }
        ]
      }
    ]
  },
  "targetTeam": {
    "encounterLayerData": {
      "EncounterObjectGuid": "c1dd76b9-5f5f-46f1-b5a2-d1f22dd4991b"
    },
    "teamGuid": "be77cadd-e245-4240-a93e-b99cc98902a5",
    "teamName": "Target",
    "faction": "INVALID_UNSET",
    "teamLeaderCastDefId": "castDef_TeamLeader_Current",
    "lanceOverrideList": [
      {
        "lanceSpawner": {
          "EncounterObjectGuid": "c13c63a1-95ba-460a-af07-4096cfc6ff06"
        },
        "name": "Lance_Enemy_RoamingForce",
        "lanceDefId": "Tagged",
        "lanceTagSet": {
          "items": ["lance_type_dynamic_difficulty"],
          "tagSetSourceFile": "tags/LanceTags"
        },
        "lanceExcludedTagSet": {
          "items": [],
          "tagSetSourceFile": "tags/LanceTags"
        },
        "spawnEffectTags": {
          "items": [],
          "tagSetSourceFile": "tags/SpawnEffectTags"
        },
        "lanceDifficultyAdjustment": 2,
        "selectedLanceDefId": "",
        "selectedLanceDifficulty": 0,
        "unitSpawnPointOverrideList": [
          {
            "unitSpawnPoint": {
              "EncounterObjectGuid": "2407c766-aa2e-440b-8118-a70b1a4679ed"
            },
            "customUnitName": null,
            "customHeraldryDefId": "",
            "unitType": "Mech",
            "unitDefId": "mechDef_InheritLance",
            "unitTagSet": {
              "items": [],
              "tagSetSourceFile": "tags/UnitTags"
            },
            "unitExcludedTagSet": {
              "items": [],
              "tagSetSourceFile": "tags/UnitTags"
            },
            "spawnEffectTags": {
              "items": [],
              "tagSetSourceFile": "tags/SpawnEffectTags"
            },
            "pilotDefId": "pilotDef_InheritLance",
            "pilotTagSet": {
              "items": [],
              "tagSetSourceFile": "tags/PilotTags"
            },
            "pilotExcludedTagSet": {
              "items": [],
              "tagSetSourceFile": "tags/PilotTags"
            },
            "selectedUnitType": "UNDEFINED",
            "selectedUnitDefId": "",
            "selectedPilotDefId": ""
          },
          {
            "unitSpawnPoint": {
              "EncounterObjectGuid": "625aa0ff-2c5b-48a4-becb-621c1bbaccd3"
            },
            "customUnitName": null,
            "customHeraldryDefId": "",
            "unitType": "Mech",
            "unitDefId": "mechDef_InheritLance",
            "unitTagSet": {
              "items": [],
              "tagSetSourceFile": "tags/UnitTags"
            },
            "unitExcludedTagSet": {
              "items": [],
              "tagSetSourceFile": "tags/UnitTags"
            },
            "spawnEffectTags": {
              "items": [],
              "tagSetSourceFile": "tags/SpawnEffectTags"
            },
            "pilotDefId": "pilotDef_InheritLance",
            "pilotTagSet": {
              "items": [],
              "tagSetSourceFile": "tags/PilotTags"
            },
            "pilotExcludedTagSet": {
              "items": [],
              "tagSetSourceFile": "tags/PilotTags"
            },
            "selectedUnitType": "UNDEFINED",
            "selectedUnitDefId": "",
            "selectedPilotDefId": ""
          },
          {
            "unitSpawnPoint": {
              "EncounterObjectGuid": "b4762c72-7e10-4d20-82db-42e233be0bae"
            },
            "customUnitName": null,
            "customHeraldryDefId": "",
            "unitType": "Mech",
            "unitDefId": "mechDef_InheritLance",
            "unitTagSet": {
              "items": [],
              "tagSetSourceFile": "tags/UnitTags"
            },
            "unitExcludedTagSet": {
              "items": [],
              "tagSetSourceFile": "tags/UnitTags"
            },
            "spawnEffectTags": {
              "items": [],
              "tagSetSourceFile": "tags/SpawnEffectTags"
            },
            "pilotDefId": "pilotDef_InheritLance",
            "pilotTagSet": {
              "items": [],
              "tagSetSourceFile": "tags/PilotTags"
            },
            "pilotExcludedTagSet": {
              "items": [],
              "tagSetSourceFile": "tags/PilotTags"
            },
            "selectedUnitType": "UNDEFINED",
            "selectedUnitDefId": "",
            "selectedPilotDefId": ""
          },
          {
            "unitSpawnPoint": {
              "EncounterObjectGuid": "fc68ef8d-829a-4663-9340-6b1a1b7a7e0c"
            },
            "customUnitName": null,
            "customHeraldryDefId": "",
            "unitType": "Mech",
            "unitDefId": "mechDef_InheritLance",
            "unitTagSet": {
              "items": [],
              "tagSetSourceFile": "tags/UnitTags"
            },
            "unitExcludedTagSet": {
              "items": [],
              "tagSetSourceFile": "tags/UnitTags"
            },
            "spawnEffectTags": {
              "items": [],
              "tagSetSourceFile": "tags/SpawnEffectTags"
            },
            "pilotDefId": "pilotDef_InheritLance",
            "pilotTagSet": {
              "items": [],
              "tagSetSourceFile": "tags/PilotTags"
            },
            "pilotExcludedTagSet": {
              "items": [],
              "tagSetSourceFile": "tags/PilotTags"
            },
            "selectedUnitType": "UNDEFINED",
            "selectedUnitDefId": "",
            "selectedPilotDefId": ""
          }
        ]
      },
      {
        "lanceSpawner": {
          "EncounterObjectGuid": "f426f0dc-969d-477d-81a9-d02f9e1eff79"
        },
        "name": "Lance_Enemy_OpposingForce",
        "lanceDefId": "Tagged",
        "lanceTagSet": {
          "items": ["lance_type_dynamic_difficulty"],
          "tagSetSourceFile": "tags/LanceTags"
        },
        "lanceExcludedTagSet": {
          "items": [],
          "tagSetSourceFile": "tags/LanceTags"
        },
        "spawnEffectTags": {
          "items": [],
          "tagSetSourceFile": "tags/SpawnEffectTags"
        },
        "lanceDifficultyAdjustment": 2,
        "selectedLanceDefId": "",
        "selectedLanceDifficulty": 0,
        "unitSpawnPointOverrideList": [
          {
            "unitSpawnPoint": {
              "EncounterObjectGuid": "6cd3107e-0f9d-4809-ab8c-fb30faf4cd80"
            },
            "customUnitName": null,
            "customHeraldryDefId": "",
            "unitType": "Mech",
            "unitDefId": "mechDef_InheritLance",
            "unitTagSet": {
              "items": [],
              "tagSetSourceFile": "tags/UnitTags"
            },
            "unitExcludedTagSet": {
              "items": [],
              "tagSetSourceFile": "tags/UnitTags"
            },
            "spawnEffectTags": {
              "items": [],
              "tagSetSourceFile": "tags/SpawnEffectTags"
            },
            "pilotDefId": "pilotDef_InheritLance",
            "pilotTagSet": {
              "items": [],
              "tagSetSourceFile": "tags/PilotTags"
            },
            "pilotExcludedTagSet": {
              "items": [],
              "tagSetSourceFile": "tags/PilotTags"
            },
            "selectedUnitType": "UNDEFINED",
            "selectedUnitDefId": "",
            "selectedPilotDefId": ""
          },
          {
            "unitSpawnPoint": {
              "EncounterObjectGuid": "14c58a13-96a6-4f91-a1e5-47b5d02b81d1"
            },
            "customUnitName": null,
            "customHeraldryDefId": "",
            "unitType": "Mech",
            "unitDefId": "mechDef_InheritLance",
            "unitTagSet": {
              "items": [],
              "tagSetSourceFile": "tags/UnitTags"
            },
            "unitExcludedTagSet": {
              "items": [],
              "tagSetSourceFile": "tags/UnitTags"
            },
            "spawnEffectTags": {
              "items": [],
              "tagSetSourceFile": "tags/SpawnEffectTags"
            },
            "pilotDefId": "pilotDef_InheritLance",
            "pilotTagSet": {
              "items": [],
              "tagSetSourceFile": "tags/PilotTags"
            },
            "pilotExcludedTagSet": {
              "items": [],
              "tagSetSourceFile": "tags/PilotTags"
            },
            "selectedUnitType": "UNDEFINED",
            "selectedUnitDefId": "",
            "selectedPilotDefId": ""
          },
          {
            "unitSpawnPoint": {
              "EncounterObjectGuid": "92ea4a9a-0ea5-4445-b8ba-89a167e478de"
            },
            "customUnitName": null,
            "customHeraldryDefId": "",
            "unitType": "Mech",
            "unitDefId": "mechDef_InheritLance",
            "unitTagSet": {
              "items": [],
              "tagSetSourceFile": "tags/UnitTags"
            },
            "unitExcludedTagSet": {
              "items": [],
              "tagSetSourceFile": "tags/UnitTags"
            },
            "spawnEffectTags": {
              "items": [],
              "tagSetSourceFile": "tags/SpawnEffectTags"
            },
            "pilotDefId": "pilotDef_InheritLance",
            "pilotTagSet": {
              "items": [],
              "tagSetSourceFile": "tags/PilotTags"
            },
            "pilotExcludedTagSet": {
              "items": [],
              "tagSetSourceFile": "tags/PilotTags"
            },
            "selectedUnitType": "UNDEFINED",
            "selectedUnitDefId": "",
            "selectedPilotDefId": ""
          },
          {
            "unitSpawnPoint": {
              "EncounterObjectGuid": "0cf6442f-d67d-41e3-a658-c5e9f564cf9e"
            },
            "customUnitName": null,
            "customHeraldryDefId": "",
            "unitType": "Mech",
            "unitDefId": "mechDef_InheritLance",
            "unitTagSet": {
              "items": [],
              "tagSetSourceFile": "tags/UnitTags"
            },
            "unitExcludedTagSet": {
              "items": [],
              "tagSetSourceFile": "tags/UnitTags"
            },
            "spawnEffectTags": {
              "items": [],
              "tagSetSourceFile": "tags/SpawnEffectTags"
            },
            "pilotDefId": "pilotDef_InheritLance",
            "pilotTagSet": {
              "items": [],
              "tagSetSourceFile": "tags/PilotTags"
            },
            "pilotExcludedTagSet": {
              "items": [],
              "tagSetSourceFile": "tags/PilotTags"
            },
            "selectedUnitType": "UNDEFINED",
            "selectedUnitDefId": "",
            "selectedPilotDefId": ""
          }
        ]
      },
      {
        "lanceSpawner": {
          "EncounterObjectGuid": "f5714221-5fc6-41e5-a369-c8aa2b6d1bcf"
        },
        "name": "Lance_Enemy_OccupyingForce",
        "lanceDefId": "Tagged",
        "lanceTagSet": {
          "items": ["lance_type_dynamic_difficulty"],
          "tagSetSourceFile": "tags/LanceTags"
        },
        "lanceExcludedTagSet": {
          "items": [],
          "tagSetSourceFile": "tags/LanceTags"
        },
        "spawnEffectTags": {
          "items": [],
          "tagSetSourceFile": "tags/SpawnEffectTags"
        },
        "lanceDifficultyAdjustment": 2,
        "selectedLanceDefId": "",
        "selectedLanceDifficulty": 0,
        "unitSpawnPointOverrideList": [
          {
            "unitSpawnPoint": {
              "EncounterObjectGuid": "ec9b2fd0-15a0-488c-8190-64cea5cce242"
            },
            "customUnitName": null,
            "customHeraldryDefId": "",
            "unitType": "Mech",
            "unitDefId": "mechDef_InheritLance",
            "unitTagSet": {
              "items": [],
              "tagSetSourceFile": "tags/UnitTags"
            },
            "unitExcludedTagSet": {
              "items": [],
              "tagSetSourceFile": "tags/UnitTags"
            },
            "spawnEffectTags": {
              "items": [],
              "tagSetSourceFile": "tags/SpawnEffectTags"
            },
            "pilotDefId": "pilotDef_InheritLance",
            "pilotTagSet": {
              "items": [],
              "tagSetSourceFile": "tags/PilotTags"
            },
            "pilotExcludedTagSet": {
              "items": [],
              "tagSetSourceFile": "tags/PilotTags"
            },
            "selectedUnitType": "UNDEFINED",
            "selectedUnitDefId": "",
            "selectedPilotDefId": ""
          },
          {
            "unitSpawnPoint": {
              "EncounterObjectGuid": "993b100b-dc76-44c2-85ac-e50beb0dc9ed"
            },
            "customUnitName": null,
            "customHeraldryDefId": "",
            "unitType": "Mech",
            "unitDefId": "mechDef_InheritLance",
            "unitTagSet": {
              "items": [],
              "tagSetSourceFile": "tags/UnitTags"
            },
            "unitExcludedTagSet": {
              "items": [],
              "tagSetSourceFile": "tags/UnitTags"
            },
            "spawnEffectTags": {
              "items": [],
              "tagSetSourceFile": "tags/SpawnEffectTags"
            },
            "pilotDefId": "pilotDef_InheritLance",
            "pilotTagSet": {
              "items": [],
              "tagSetSourceFile": "tags/PilotTags"
            },
            "pilotExcludedTagSet": {
              "items": [],
              "tagSetSourceFile": "tags/PilotTags"
            },
            "selectedUnitType": "UNDEFINED",
            "selectedUnitDefId": "",
            "selectedPilotDefId": ""
          },
          {
            "unitSpawnPoint": {
              "EncounterObjectGuid": "55a83021-479e-4ff2-8104-46fd21c2ce22"
            },
            "customUnitName": null,
            "customHeraldryDefId": "",
            "unitType": "Mech",
            "unitDefId": "mechDef_InheritLance",
            "unitTagSet": {
              "items": [],
              "tagSetSourceFile": "tags/UnitTags"
            },
            "unitExcludedTagSet": {
              "items": [],
              "tagSetSourceFile": "tags/UnitTags"
            },
            "spawnEffectTags": {
              "items": [],
              "tagSetSourceFile": "tags/SpawnEffectTags"
            },
            "pilotDefId": "pilotDef_InheritLance",
            "pilotTagSet": {
              "items": [],
              "tagSetSourceFile": "tags/PilotTags"
            },
            "pilotExcludedTagSet": {
              "items": [],
              "tagSetSourceFile": "tags/PilotTags"
            },
            "selectedUnitType": "UNDEFINED",
            "selectedUnitDefId": "",
            "selectedPilotDefId": ""
          },
          {
            "unitSpawnPoint": {
              "EncounterObjectGuid": "8f8e3dbe-2e1b-4808-a362-fd4f7d6f9eb2"
            },
            "customUnitName": null,
            "customHeraldryDefId": "",
            "unitType": "Mech",
            "unitDefId": "mechDef_InheritLance",
            "unitTagSet": {
              "items": [],
              "tagSetSourceFile": "tags/UnitTags"
            },
            "unitExcludedTagSet": {
              "items": [],
              "tagSetSourceFile": "tags/UnitTags"
            },
            "spawnEffectTags": {
              "items": [],
              "tagSetSourceFile": "tags/SpawnEffectTags"
            },
            "pilotDefId": "pilotDef_InheritLance",
            "pilotTagSet": {
              "items": [],
              "tagSetSourceFile": "tags/PilotTags"
            },
            "pilotExcludedTagSet": {
              "items": [],
              "tagSetSourceFile": "tags/PilotTags"
            },
            "selectedUnitType": "UNDEFINED",
            "selectedUnitDefId": "",
            "selectedPilotDefId": ""
          }
        ]
      },
      {
        "lanceSpawner": {
          "EncounterObjectGuid": "b60da416-495c-474d-8b58-1678966835df"
        },
        "name": "Lance_Enemy_Ambushers",
        "lanceDefId": "Tagged",
        "lanceTagSet": {
          "items": ["lance_type_dynamic_difficulty"],
          "tagSetSourceFile": "tags/LanceTags"
        },
        "lanceExcludedTagSet": {
          "items": [],
          "tagSetSourceFile": "tags/LanceTags"
        },
        "spawnEffectTags": {
          "items": [],
          "tagSetSourceFile": "tags/SpawnEffectTags"
        },
        "lanceDifficultyAdjustment": 2,
        "selectedLanceDefId": "",
        "selectedLanceDifficulty": 0,
        "unitSpawnPointOverrideList": [
          {
            "unitSpawnPoint": {
              "EncounterObjectGuid": "9405bf60-db6c-4ae9-95b0-3c26a6e9fd88"
            },
            "customUnitName": null,
            "customHeraldryDefId": "",
            "unitType": "Mech",
            "unitDefId": "mechDef_InheritLance",
            "unitTagSet": {
              "items": [],
              "tagSetSourceFile": "tags/UnitTags"
            },
            "unitExcludedTagSet": {
              "items": [],
              "tagSetSourceFile": "tags/UnitTags"
            },
            "spawnEffectTags": {
              "items": [],
              "tagSetSourceFile": "tags/SpawnEffectTags"
            },
            "pilotDefId": "pilotDef_InheritLance",
            "pilotTagSet": {
              "items": [],
              "tagSetSourceFile": "tags/PilotTags"
            },
            "pilotExcludedTagSet": {
              "items": [],
              "tagSetSourceFile": "tags/PilotTags"
            },
            "selectedUnitType": "UNDEFINED",
            "selectedUnitDefId": "",
            "selectedPilotDefId": ""
          },
          {
            "unitSpawnPoint": {
              "EncounterObjectGuid": "8f1a8422-917c-47c4-ada9-01eaa94499ee"
            },
            "customUnitName": null,
            "customHeraldryDefId": "",
            "unitType": "Mech",
            "unitDefId": "mechDef_InheritLance",
            "unitTagSet": {
              "items": [],
              "tagSetSourceFile": "tags/UnitTags"
            },
            "unitExcludedTagSet": {
              "items": [],
              "tagSetSourceFile": "tags/UnitTags"
            },
            "spawnEffectTags": {
              "items": [],
              "tagSetSourceFile": "tags/SpawnEffectTags"
            },
            "pilotDefId": "pilotDef_InheritLance",
            "pilotTagSet": {
              "items": [],
              "tagSetSourceFile": "tags/PilotTags"
            },
            "pilotExcludedTagSet": {
              "items": [],
              "tagSetSourceFile": "tags/PilotTags"
            },
            "selectedUnitType": "UNDEFINED",
            "selectedUnitDefId": "",
            "selectedPilotDefId": ""
          },
          {
            "unitSpawnPoint": {
              "EncounterObjectGuid": "ea0eef6e-1fd0-4a2e-8e26-8692d6a935d4"
            },
            "customUnitName": null,
            "customHeraldryDefId": "",
            "unitType": "Mech",
            "unitDefId": "mechDef_InheritLance",
            "unitTagSet": {
              "items": [],
              "tagSetSourceFile": "tags/UnitTags"
            },
            "unitExcludedTagSet": {
              "items": [],
              "tagSetSourceFile": "tags/UnitTags"
            },
            "spawnEffectTags": {
              "items": [],
              "tagSetSourceFile": "tags/SpawnEffectTags"
            },
            "pilotDefId": "pilotDef_InheritLance",
            "pilotTagSet": {
              "items": [],
              "tagSetSourceFile": "tags/PilotTags"
            },
            "pilotExcludedTagSet": {
              "items": [],
              "tagSetSourceFile": "tags/PilotTags"
            },
            "selectedUnitType": "UNDEFINED",
            "selectedUnitDefId": "",
            "selectedPilotDefId": ""
          },
          {
            "unitSpawnPoint": {
              "EncounterObjectGuid": "413f1124-f7e0-476c-b826-3432078d259f"
            },
            "customUnitName": null,
            "customHeraldryDefId": "",
            "unitType": "Mech",
            "unitDefId": "mechDef_InheritLance",
            "unitTagSet": {
              "items": [],
              "tagSetSourceFile": "tags/UnitTags"
            },
            "unitExcludedTagSet": {
              "items": [],
              "tagSetSourceFile": "tags/UnitTags"
            },
            "spawnEffectTags": {
              "items": [],
              "tagSetSourceFile": "tags/SpawnEffectTags"
            },
            "pilotDefId": "pilotDef_InheritLance",
            "pilotTagSet": {
              "items": [],
              "tagSetSourceFile": "tags/PilotTags"
            },
            "pilotExcludedTagSet": {
              "items": [],
              "tagSetSourceFile": "tags/PilotTags"
            },
            "selectedUnitType": "UNDEFINED",
            "selectedUnitDefId": "",
            "selectedPilotDefId": ""
          }
        ]
      }
    ]
  },
  "targetsAllyTeam": {
    "encounterLayerData": {
      "EncounterObjectGuid": "c1dd76b9-5f5f-46f1-b5a2-d1f22dd4991b"
    },
    "teamGuid": "31151ed6-cfc2-467e-98c4-9ae5bea784cf",
    "teamName": "Target's Ally",
    "faction": "INVALID_UNSET",
    "teamLeaderCastDefId": "castDef_TeamLeader_Current",
    "lanceOverrideList": []
  },
  "neutralToAllTeam": {
    "encounterLayerData": {
      "EncounterObjectGuid": "c1dd76b9-5f5f-46f1-b5a2-d1f22dd4991b"
    },
    "teamGuid": "61612bb3-abf9-4586-952a-0559fa9dcd75",
    "teamName": "Neutral to All",
    "faction": "INVALID_UNSET",
    "teamLeaderCastDefId": "castDef_TeamLeader_Current",
    "lanceOverrideList": [
      {
        "lanceSpawner": {
          "EncounterObjectGuid": "223fd528-c333-4367-883c-a817acf24360"
        },
        "name": "Turrets",
        "lanceDefId": "Tagged",
        "lanceTagSet": {
          "items": ["lance_type_turret"],
          "tagSetSourceFile": "Tags/LanceTags"
        },
        "lanceExcludedTagSet": {
          "items": [],
          "tagSetSourceFile": "Tags/LanceTags"
        },
        "spawnEffectTags": {
          "items": [],
          "tagSetSourceFile": "Tags/SpawnEffectTags"
        },
        "lanceDifficultyAdjustment": 0,
        "selectedLanceDefId": null,
        "selectedLanceDifficulty": 0,
        "unitSpawnPointOverrideList": [
          {
            "unitSpawnPoint": {
              "EncounterObjectGuid": "6826832c-83d5-4287-b349-33008dc1fac5"
            },
            "customUnitName": "",
            "customHeraldryDefId": "",
            "unitType": "Turret",
            "unitDefId": "turretDef_InheritLance",
            "unitTagSet": {
              "items": [],
              "tagSetSourceFile": ""
            },
            "unitExcludedTagSet": {
              "items": [],
              "tagSetSourceFile": "Tags/UnitTags"
            },
            "spawnEffectTags": {
              "items": [],
              "tagSetSourceFile": "Tags/SpawnEffectTags"
            },
            "pilotDefId": "pilot_d5_turret",
            "pilotTagSet": {
              "items": [],
              "tagSetSourceFile": ""
            },
            "pilotExcludedTagSet": {
              "items": [],
              "tagSetSourceFile": "Tags/PilotTags"
            },
            "selectedUnitType": "UNDEFINED",
            "selectedUnitDefId": null,
            "selectedPilotDefId": null
          },
          {
            "unitSpawnPoint": {
              "EncounterObjectGuid": "0329e03f-9d9c-4a5d-99df-ccdb6afe2bb5"
            },
            "customUnitName": "",
            "customHeraldryDefId": "",
            "unitType": "Turret",
            "unitDefId": "turretDef_InheritLance",
            "unitTagSet": {
              "items": [],
              "tagSetSourceFile": ""
            },
            "unitExcludedTagSet": {
              "items": [],
              "tagSetSourceFile": "Tags/UnitTags"
            },
            "spawnEffectTags": {
              "items": [],
              "tagSetSourceFile": "Tags/SpawnEffectTags"
            },
            "pilotDefId": "pilot_d5_turret",
            "pilotTagSet": {
              "items": [],
              "tagSetSourceFile": ""
            },
            "pilotExcludedTagSet": {
              "items": [],
              "tagSetSourceFile": "Tags/PilotTags"
            },
            "selectedUnitType": "UNDEFINED",
            "selectedUnitDefId": null,
            "selectedPilotDefId": null
          },
          {
            "unitSpawnPoint": {
              "EncounterObjectGuid": "e76ef06a-bd08-4c83-85f3-d8863acb3956"
            },
            "customUnitName": "",
            "customHeraldryDefId": "",
            "unitType": "Turret",
            "unitDefId": "turretDef_InheritLance",
            "unitTagSet": {
              "items": [],
              "tagSetSourceFile": ""
            },
            "unitExcludedTagSet": {
              "items": [],
              "tagSetSourceFile": "Tags/UnitTags"
            },
            "spawnEffectTags": {
              "items": [],
              "tagSetSourceFile": "Tags/SpawnEffectTags"
            },
            "pilotDefId": "pilot_d5_turret",
            "pilotTagSet": {
              "items": [],
              "tagSetSourceFile": ""
            },
            "pilotExcludedTagSet": {
              "items": [],
              "tagSetSourceFile": "Tags/PilotTags"
            },
            "selectedUnitType": "UNDEFINED",
            "selectedUnitDefId": null,
            "selectedPilotDefId": null
          },
          {
            "unitSpawnPoint": {
              "EncounterObjectGuid": "0044f994-2b5b-4185-a7d6-dc3f50f561ba"
            },
            "customUnitName": "",
            "customHeraldryDefId": "",
            "unitType": "Turret",
            "unitDefId": "turretDef_InheritLance",
            "unitTagSet": {
              "items": [],
              "tagSetSourceFile": ""
            },
            "unitExcludedTagSet": {
              "items": [],
              "tagSetSourceFile": "Tags/UnitTags"
            },
            "spawnEffectTags": {
              "items": [],
              "tagSetSourceFile": "Tags/SpawnEffectTags"
            },
            "pilotDefId": "pilot_d5_turret",
            "pilotTagSet": {
              "items": [],
              "tagSetSourceFile": ""
            },
            "pilotExcludedTagSet": {
              "items": [],
              "tagSetSourceFile": "Tags/PilotTags"
            },
            "selectedUnitType": "UNDEFINED",
            "selectedUnitDefId": null,
            "selectedPilotDefId": null
          }
        ]
      }
    ]
  },
  "hostileToAllTeam": {
    "encounterLayerData": {
      "EncounterObjectGuid": "c1dd76b9-5f5f-46f1-b5a2-d1f22dd4991b"
    },
    "teamGuid": "3c9f3a20-ab03-4bcb-8ab6-b1ef0442bbf0",
    "teamName": "Hostile to All",
    "faction": "INVALID_UNSET",
    "teamLeaderCastDefId": "castDef_TeamLeader_Current",
    "lanceOverrideList": []
  },
  "employersAllyTeam": {
    "encounterLayerData": null,
    "teamGuid": "70af7e7f-39a8-4e81-87c2-bd01dcb01b5e",
    "teamName": "Employers Ally",
    "faction": "INVALID_UNSET",
    "teamLeaderCastDefId": "castDef_TeamLeader_Current",
    "lanceOverrideList": []
  },
  "contractTypeID": "Blackout"
}
