{
    "Description" : {
        "Id" : "SimGameStatDesc_BiggerDrops_AdditionalMechSlots",
        "Name" : "BiggerDrops_AdditionalMechSlots",
        "Details" : "Affects non-jump travel times - not shown",
        "Icon" : null
    },
    "setResult" : "Increases Size of second Lance {RES_VALUE.ToString}%",
    "positiveResult" : "Increases Size of second Lance {RES_VALUE.ToString}%",
    "negativeResult" : "Decreases Size of second Lance {RES_VALUE.ToString}%",
    "temporalSetResult" : "",
    "temporalPositiveResult" : "",
    "temporalNegativeResult" : "",
    "infinitiveSetResult" : "Size of second Lance {RES_VALUE.ToString}%",
    "infinitivePositiveResult" : "Increases Size of second Lance {RES_VALUE.ToString}%",
    "infinitiveNegativeResult" : "Decreases Size of second Lance {RES_VALUE.ToString}%",

	"hidden": true
}