{
    "Description" : {
        "Id" : "SimGameStatDesc_BiggerDrops_AdditionalPlayerMechSlots",
        "Name" : "BiggerDrops_AdditionalPlayerMechSlots",
        "Details" : "Affects non-jump travel times - not shown",
        "Icon" : null
    },
    "setResult" : "Increases Player Controlled Pilots by {RES_VALUE.ToString}%",
    "positiveResult" : "Increases Player Controlled Pilots by {RES_VALUE.ToString}%",
    "negativeResult" : "Decreases Player Controlled Pilots by {RES_VALUE.ToString}%",
    "temporalSetResult" : "",
    "temporalPositiveResult" : "",
    "temporalNegativeResult" : "",
    "infinitiveSetResult" : "Player Controlled Pilots {RES_VALUE.ToString}%",
    "infinitivePositiveResult" : "Increases Player Controlled Pilots by {RES_VALUE.ToString}%",
    "infinitiveNegativeResult" : "Decreases Player Controlled Pilots by {RES_VALUE.ToString}%",

	"hidden": true
}