{
    "Description" : {
        "Id" : "SimGameStatDesc_BiggerDrops_MaxTonnage",
        "Name" : "BiggerDrops_MaxTonnage",
        "Details" : "Affects non-jump travel times - not shown",
        "Icon" : null
    },
    "setResult" : "Increases Max Drop Tonnage by {RES_VALUE.ToString}%",
    "positiveResult" : "Increases Max Drop Tonnage by {RES_VALUE.ToString}%",
    "negativeResult" : "Decreases Max Drop Tonnage by {RES_VALUE.ToString}%",
    "temporalSetResult" : "",
    "temporalPositiveResult" : "",
    "temporalNegativeResult" : "",
    "infinitiveSetResult" : "Max Drop Tonnage {RES_VALUE.ToString}%",
    "infinitivePositiveResult" : "Increases Max Drop Tonnage by {RES_VALUE.ToString}%",
    "infinitiveNegativeResult" : "Decreases Max Drop Tonnage by {RES_VALUE.ToString}%",

	"hidden": true
}