{
  "Name": "ModTek",
  "Description": "Mod system for HBS's PC game BattleTech.",
  "Author": "Mpstark, CptMoore, Tyler-IN, alexbartlow, janxious, m22spencer, KMiSSioN, ffaristocrat, Morphyum",
  "Website": "https://github.com/BattletechModders/ModTek",
  "Contact": null,
  "Version": "0.7.7",
  "PackagedOn": null,
  "BattleTechVersionMin": null,
  "BattleTechVersionMax": null,
  "BattleTechVersion": null,
  "Enabled": true,
  "Hidden": false,
  "Locked": false,
  "DependsOn": [],
  "ConflictsWith": [],
  "OptionallyDependsOn": [],
  "IgnoreLoadFailure": false,
  "DLL": null,
  "DLLEntryPoint": null,
  "EnableAssemblyVersionCheck": false,
  "LoadImplicitManifest": true,
  "CustomResourceTypes": [],
  "DataAddendumEntries": [],
  "Manifest": [],
  "RemoveManifestEntries": [],
  "Settings": {}
}